TheoremT.Continuum.PairKSSpace : Type
TheoremT.Continuum.pairSpectatorCoordinateEquiv : Equiv.{1, 1}
  (@TheoremT.Continuum.SpectatorCoordinate (@OfNat.ofNat.{0} Nat (nat_lit 2) _)
    (@OfNat.ofNat.{0} (Fin (@OfNat.ofNat.{0} Nat (nat_lit 2) _)) (nat_lit 0) _))
  (Fin (@OfNat.ofNat.{0} Nat (nat_lit 3) _))
TheoremT.Continuum.pairCenterEquiv : @LinearIsometryEquiv.{0, 0, 0, 0} Real Real _ _ (@RingHom.id.{0} Real _)
  (@RingHom.id.{0} Real _) _ _
  (@TheoremT.Continuum.SpectatorConfiguration (@OfNat.ofNat.{0} Nat (nat_lit 2) _)
    (@OfNat.ofNat.{0} (Fin (@OfNat.ofNat.{0} Nat (nat_lit 2) _)) (nat_lit 0) _))
  TheoremT.Continuum.Position _ _ _ _
TheoremT.Continuum.pairCenterEquiv_apply : ∀
  (s :
    @TheoremT.Continuum.SpectatorConfiguration (@OfNat.ofNat.{0} Nat (nat_lit 2) _)
      (@OfNat.ofNat.{0} (Fin (@OfNat.ofNat.{0} Nat (nat_lit 2) _)) (nat_lit 0) _))
  (k : Fin (@OfNat.ofNat.{0} Nat (nat_lit 3) _)),
  @Eq.{1} ((fun (x : Fin (@OfNat.ofNat.{0} Nat (nat_lit 3) _)) => Real) k)
    (@WithLp.ofLp.{0} (@OfNat.ofNat.{0} ENNReal (nat_lit 2) _)
      ((i : Fin (@OfNat.ofNat.{0} Nat (nat_lit 3) _)) → (fun (x : Fin (@OfNat.ofNat.{0} Nat (nat_lit 3) _)) => Real) i)
      (@DFunLike.coe.{1, 1, 1}
        (@LinearIsometryEquiv.{0, 0, 0, 0} Real Real _ _ (@RingHom.id.{0} Real _) (@RingHom.id.{0} Real _) _ _
          (@TheoremT.Continuum.SpectatorConfiguration (@OfNat.ofNat.{0} Nat (nat_lit 2) _)
            (@OfNat.ofNat.{0} (Fin (@OfNat.ofNat.{0} Nat (nat_lit 2) _)) (nat_lit 0) _))
          TheoremT.Continuum.Position _ _ _ _)
        (@TheoremT.Continuum.SpectatorConfiguration (@OfNat.ofNat.{0} Nat (nat_lit 2) _)
          (@OfNat.ofNat.{0} (Fin (@OfNat.ofNat.{0} Nat (nat_lit 2) _)) (nat_lit 0) _))
        (fun
            (a :
              @TheoremT.Continuum.SpectatorConfiguration (@OfNat.ofNat.{0} Nat (nat_lit 2) _)
                (@OfNat.ofNat.{0} (Fin (@OfNat.ofNat.{0} Nat (nat_lit 2) _)) (nat_lit 0) _)) =>
          TheoremT.Continuum.Position)
        _ TheoremT.Continuum.pairCenterEquiv s)
      k)
    (@WithLp.ofLp.{0} (@OfNat.ofNat.{0} ENNReal (nat_lit 2) _)
      ((i :
          @TheoremT.Continuum.SpectatorCoordinate (@OfNat.ofNat.{0} Nat (nat_lit 2) _)
            (@OfNat.ofNat.{0} (Fin (@OfNat.ofNat.{0} Nat (nat_lit 2) _)) (nat_lit 0) _)) →
        (fun
              (x :
                @TheoremT.Continuum.SpectatorCoordinate (@OfNat.ofNat.{0} Nat (nat_lit 2) _)
                  (@OfNat.ofNat.{0} (Fin (@OfNat.ofNat.{0} Nat (nat_lit 2) _)) (nat_lit 0) _)) =>
            Real)
          i)
      s
      (@Subtype.mk.{1} (TheoremT.Continuum.Coordinate (@OfNat.ofNat.{0} Nat (nat_lit 2) _))
        (fun (k : TheoremT.Continuum.Coordinate (@OfNat.ofNat.{0} Nat (nat_lit 2) _)) =>
          @Ne.{1} (Fin (@OfNat.ofNat.{0} Nat (nat_lit 2) _))
            (@Prod.fst.{0, 0} (Fin (@OfNat.ofNat.{0} Nat (nat_lit 2) _)) (Fin (@OfNat.ofNat.{0} Nat (nat_lit 3) _)) k)
            (@OfNat.ofNat.{0} (Fin (@OfNat.ofNat.{0} Nat (nat_lit 2) _)) (nat_lit 0) _))
        (@Prod.mk.{0, 0} (Fin (@OfNat.ofNat.{0} Nat (nat_lit 2) _)) (Fin (@OfNat.ofNat.{0} Nat (nat_lit 3) _))
          (@OfNat.ofNat.{0} (Fin (@OfNat.ofNat.{0} Nat (nat_lit 2) _)) (nat_lit 1) _) k)
        (@of_eq_true
          (Not
            (@Eq.{1} (Fin (@OfNat.ofNat.{0} Nat (nat_lit 2) _))
              (@OfNat.ofNat.{0} (Fin (@OfNat.ofNat.{0} Nat (nat_lit 2) _)) (nat_lit 1) _)
              (@OfNat.ofNat.{0} (Fin (@OfNat.ofNat.{0} Nat (nat_lit 2) _)) (nat_lit 0) _)))
          (@Eq.trans.{1} Prop
            (Not
              (@Eq.{1} (Fin (@OfNat.ofNat.{0} Nat (nat_lit 2) _))
                (@OfNat.ofNat.{0} (Fin (@OfNat.ofNat.{0} Nat (nat_lit 2) _)) (nat_lit 1) _)
                (@OfNat.ofNat.{0} (Fin (@OfNat.ofNat.{0} Nat (nat_lit 2) _)) (nat_lit 0) _)))
            True True
            (@Eq.trans.{1} Prop
              (Not
                (@Eq.{1} (Fin (@OfNat.ofNat.{0} Nat (nat_lit 2) _))
                  (@OfNat.ofNat.{0} (Fin (@OfNat.ofNat.{0} Nat (nat_lit 2) _)) (nat_lit 1) _)
                  (@OfNat.ofNat.{0} (Fin (@OfNat.ofNat.{0} Nat (nat_lit 2) _)) (nat_lit 0) _)))
              (Not False) True
              (@congrArg.{1, 1} Prop Prop
                (@Eq.{1} (Fin (@OfNat.ofNat.{0} Nat (nat_lit 2) _))
                  (@OfNat.ofNat.{0} (Fin (@OfNat.ofNat.{0} Nat (nat_lit 2) _)) (nat_lit 1) _)
                  (@OfNat.ofNat.{0} (Fin (@OfNat.ofNat.{0} Nat (nat_lit 2) _)) (nat_lit 0) _))
                False Not
                (@Eq.trans.{1} Prop
                  (@Eq.{1} (Fin (@OfNat.ofNat.{0} Nat (nat_lit 2) _))
                    (@OfNat.ofNat.{0} (Fin (@OfNat.ofNat.{0} Nat (nat_lit 2) _)) (nat_lit 1) _)
                    (@OfNat.ofNat.{0} (Fin (@OfNat.ofNat.{0} Nat (nat_lit 2) _)) (nat_lit 0) _))
                  False False (@one_ne_zero._simp_1.{0} (Fin (@OfNat.ofNat.{0} Nat (nat_lit 2) _)) _ _ _)
                  (@eq_false False not_false)))
              not_false_eq_true)
            (@eq_true True True.intro)))))
TheoremT.Continuum.pairCenterEquiv_basis : ∀
  (k :
    @TheoremT.Continuum.SpectatorCoordinate (@OfNat.ofNat.{0} Nat (nat_lit 2) _)
      (@OfNat.ofNat.{0} (Fin (@OfNat.ofNat.{0} Nat (nat_lit 2) _)) (nat_lit 0) _)),
  @Eq.{1} TheoremT.Continuum.Position
    (@DFunLike.coe.{1, 1, 1}
      (@LinearIsometryEquiv.{0, 0, 0, 0} Real Real _ _ (@RingHom.id.{0} Real _) (@RingHom.id.{0} Real _) _ _
        (@TheoremT.Continuum.SpectatorConfiguration (@OfNat.ofNat.{0} Nat (nat_lit 2) _)
          (@OfNat.ofNat.{0} (Fin (@OfNat.ofNat.{0} Nat (nat_lit 2) _)) (nat_lit 0) _))
        TheoremT.Continuum.Position _ _ _ _)
      (@TheoremT.Continuum.SpectatorConfiguration (@OfNat.ofNat.{0} Nat (nat_lit 2) _)
        (@OfNat.ofNat.{0} (Fin (@OfNat.ofNat.{0} Nat (nat_lit 2) _)) (nat_lit 0) _))
      (fun
          (a :
            @TheoremT.Continuum.SpectatorConfiguration (@OfNat.ofNat.{0} Nat (nat_lit 2) _)
              (@OfNat.ofNat.{0} (Fin (@OfNat.ofNat.{0} Nat (nat_lit 2) _)) (nat_lit 0) _)) =>
        TheoremT.Continuum.Position)
      _ TheoremT.Continuum.pairCenterEquiv
      (@TheoremT.Continuum.spectatorBasis (@OfNat.ofNat.{0} Nat (nat_lit 2) _)
        (@OfNat.ofNat.{0} (Fin (@OfNat.ofNat.{0} Nat (nat_lit 2) _)) (nat_lit 0) _) k))
    (TheoremT.Continuum.ksTargetBasis
      (@Prod.snd.{0, 0} (Fin (@OfNat.ofNat.{0} Nat (nat_lit 2) _)) (Fin (@OfNat.ofNat.{0} Nat (nat_lit 3) _))
        (@Subtype.val.{1} (TheoremT.Continuum.Coordinate (@OfNat.ofNat.{0} Nat (nat_lit 2) _))
          (fun (k : TheoremT.Continuum.Coordinate (@OfNat.ofNat.{0} Nat (nat_lit 2) _)) =>
            @Ne.{1} (Fin (@OfNat.ofNat.{0} Nat (nat_lit 2) _))
              (@Prod.fst.{0, 0} (Fin (@OfNat.ofNat.{0} Nat (nat_lit 2) _)) (Fin (@OfNat.ofNat.{0} Nat (nat_lit 3) _)) k)
              (@OfNat.ofNat.{0} (Fin (@OfNat.ofNat.{0} Nat (nat_lit 2) _)) (nat_lit 0) _))
          k)))
TheoremT.Continuum.pairCenterEquiv_measurePreserving : @MeasureTheory.MeasurePreserving.{0, 0}
  (@TheoremT.Continuum.SpectatorConfiguration (@OfNat.ofNat.{0} Nat (nat_lit 2) _)
    (@OfNat.ofNat.{0} (Fin (@OfNat.ofNat.{0} Nat (nat_lit 2) _)) (nat_lit 0) _))
  TheoremT.Continuum.Position _ _
  (@DFunLike.coe.{1, 1, 1}
    (@LinearIsometryEquiv.{0, 0, 0, 0} Real Real _ _ (@RingHom.id.{0} Real _) (@RingHom.id.{0} Real _) _ _
      (@TheoremT.Continuum.SpectatorConfiguration (@OfNat.ofNat.{0} Nat (nat_lit 2) _)
        (@OfNat.ofNat.{0} (Fin (@OfNat.ofNat.{0} Nat (nat_lit 2) _)) (nat_lit 0) _))
      TheoremT.Continuum.Position _ _ _ _)
    (@TheoremT.Continuum.SpectatorConfiguration (@OfNat.ofNat.{0} Nat (nat_lit 2) _)
      (@OfNat.ofNat.{0} (Fin (@OfNat.ofNat.{0} Nat (nat_lit 2) _)) (nat_lit 0) _))
    (fun
        (a :
          @TheoremT.Continuum.SpectatorConfiguration (@OfNat.ofNat.{0} Nat (nat_lit 2) _)
            (@OfNat.ofNat.{0} (Fin (@OfNat.ofNat.{0} Nat (nat_lit 2) _)) (nat_lit 0) _)) =>
      TheoremT.Continuum.Position)
    _ TheoremT.Continuum.pairCenterEquiv)
  (@MeasureTheory.MeasureSpace.volume.{0}
    (@TheoremT.Continuum.SpectatorConfiguration (@OfNat.ofNat.{0} Nat (nat_lit 2) _)
      (@OfNat.ofNat.{0} (Fin (@OfNat.ofNat.{0} Nat (nat_lit 2) _)) (nat_lit 0) _))
    _)
  (@MeasureTheory.MeasureSpace.volume.{0} TheoremT.Continuum.Position _)
TheoremT.Continuum.pairCoordinatesLinear : @LinearMap.{0, 0, 0, 0} Real Real _ _ (@RingHom.id.{0} Real _)
  (Prod.{0, 0} TheoremT.Continuum.Position
    (@TheoremT.Continuum.SpectatorConfiguration (@OfNat.ofNat.{0} Nat (nat_lit 2) _)
      (@OfNat.ofNat.{0} (Fin (@OfNat.ofNat.{0} Nat (nat_lit 2) _)) (nat_lit 0) _)))
  (TheoremT.Continuum.Configuration (@OfNat.ofNat.{0} Nat (nat_lit 2) _)) _ _ _ _
TheoremT.Continuum.pairCoordinates : @ContinuousLinearMap.{0, 0, 0, 0} Real Real _ _ (@RingHom.id.{0} Real _)
  (Prod.{0, 0} TheoremT.Continuum.Position
    (@TheoremT.Continuum.SpectatorConfiguration (@OfNat.ofNat.{0} Nat (nat_lit 2) _)
      (@OfNat.ofNat.{0} (Fin (@OfNat.ofNat.{0} Nat (nat_lit 2) _)) (nat_lit 0) _)))
  _ _ (TheoremT.Continuum.Configuration (@OfNat.ofNat.{0} Nat (nat_lit 2) _)) _ _ _ _
TheoremT.Continuum.pairCoordinates_first : ∀
  (q :
    Prod.{0, 0} TheoremT.Continuum.Position
      (@TheoremT.Continuum.SpectatorConfiguration (@OfNat.ofNat.{0} Nat (nat_lit 2) _)
        (@OfNat.ofNat.{0} (Fin (@OfNat.ofNat.{0} Nat (nat_lit 2) _)) (nat_lit 0) _))),
  @Eq.{1} TheoremT.Continuum.Position
    (@TheoremT.Continuum.position (@OfNat.ofNat.{0} Nat (nat_lit 2) _)
      (@DFunLike.coe.{1, 1, 1}
        (@ContinuousLinearMap.{0, 0, 0, 0} Real Real _ _ (@RingHom.id.{0} Real _)
          (Prod.{0, 0} TheoremT.Continuum.Position
            (@TheoremT.Continuum.SpectatorConfiguration (@OfNat.ofNat.{0} Nat (nat_lit 2) _)
              (@OfNat.ofNat.{0} (Fin (@OfNat.ofNat.{0} Nat (nat_lit 2) _)) (nat_lit 0) _)))
          _ _ (TheoremT.Continuum.Configuration (@OfNat.ofNat.{0} Nat (nat_lit 2) _)) _ _ _ _)
        (Prod.{0, 0} TheoremT.Continuum.Position
          (@TheoremT.Continuum.SpectatorConfiguration (@OfNat.ofNat.{0} Nat (nat_lit 2) _)
            (@OfNat.ofNat.{0} (Fin (@OfNat.ofNat.{0} Nat (nat_lit 2) _)) (nat_lit 0) _)))
        (fun
            (x :
              Prod.{0, 0} TheoremT.Continuum.Position
                (@TheoremT.Continuum.SpectatorConfiguration (@OfNat.ofNat.{0} Nat (nat_lit 2) _)
                  (@OfNat.ofNat.{0} (Fin (@OfNat.ofNat.{0} Nat (nat_lit 2) _)) (nat_lit 0) _))) =>
          TheoremT.Continuum.Configuration (@OfNat.ofNat.{0} Nat (nat_lit 2) _))
        _ TheoremT.Continuum.pairCoordinates q)
      (@OfNat.ofNat.{0} (Fin (@OfNat.ofNat.{0} Nat (nat_lit 2) _)) (nat_lit 0) _))
    (@HAdd.hAdd.{0, 0, 0} TheoremT.Continuum.Position TheoremT.Continuum.Position TheoremT.Continuum.Position _
      (@DFunLike.coe.{1, 1, 1}
        (@LinearIsometryEquiv.{0, 0, 0, 0} Real Real _ _ (@RingHom.id.{0} Real _) (@RingHom.id.{0} Real _) _ _
          (@TheoremT.Continuum.SpectatorConfiguration (@OfNat.ofNat.{0} Nat (nat_lit 2) _)
            (@OfNat.ofNat.{0} (Fin (@OfNat.ofNat.{0} Nat (nat_lit 2) _)) (nat_lit 0) _))
          TheoremT.Continuum.Position _ _ _ _)
        (@TheoremT.Continuum.SpectatorConfiguration (@OfNat.ofNat.{0} Nat (nat_lit 2) _)
          (@OfNat.ofNat.{0} (Fin (@OfNat.ofNat.{0} Nat (nat_lit 2) _)) (nat_lit 0) _))
        (fun
            (a :
              @TheoremT.Continuum.SpectatorConfiguration (@OfNat.ofNat.{0} Nat (nat_lit 2) _)
                (@OfNat.ofNat.{0} (Fin (@OfNat.ofNat.{0} Nat (nat_lit 2) _)) (nat_lit 0) _)) =>
          TheoremT.Continuum.Position)
        _ TheoremT.Continuum.pairCenterEquiv
        (@Prod.snd.{0, 0} TheoremT.Continuum.Position
          (@TheoremT.Continuum.SpectatorConfiguration (@OfNat.ofNat.{0} Nat (nat_lit 2) _)
            (@OfNat.ofNat.{0} (Fin (@OfNat.ofNat.{0} Nat (nat_lit 2) _)) (nat_lit 0) _))
          q))
      (@HSMul.hSMul.{0, 0, 0} Real TheoremT.Continuum.Position TheoremT.Continuum.Position _
        (@HDiv.hDiv.{0, 0, 0} Real Real Real _ (@OfNat.ofNat.{0} Real (nat_lit 1) _)
          (@OfNat.ofNat.{0} Real (nat_lit 2) _))
        (@Prod.fst.{0, 0} TheoremT.Continuum.Position
          (@TheoremT.Continuum.SpectatorConfiguration (@OfNat.ofNat.{0} Nat (nat_lit 2) _)
            (@OfNat.ofNat.{0} (Fin (@OfNat.ofNat.{0} Nat (nat_lit 2) _)) (nat_lit 0) _))
          q)))
TheoremT.Continuum.pairCoordinates_second : ∀
  (q :
    Prod.{0, 0} TheoremT.Continuum.Position
      (@TheoremT.Continuum.SpectatorConfiguration (@OfNat.ofNat.{0} Nat (nat_lit 2) _)
        (@OfNat.ofNat.{0} (Fin (@OfNat.ofNat.{0} Nat (nat_lit 2) _)) (nat_lit 0) _))),
  @Eq.{1} TheoremT.Continuum.Position
    (@TheoremT.Continuum.position (@OfNat.ofNat.{0} Nat (nat_lit 2) _)
      (@DFunLike.coe.{1, 1, 1}
        (@ContinuousLinearMap.{0, 0, 0, 0} Real Real _ _ (@RingHom.id.{0} Real _)
          (Prod.{0, 0} TheoremT.Continuum.Position
            (@TheoremT.Continuum.SpectatorConfiguration (@OfNat.ofNat.{0} Nat (nat_lit 2) _)
              (@OfNat.ofNat.{0} (Fin (@OfNat.ofNat.{0} Nat (nat_lit 2) _)) (nat_lit 0) _)))
          _ _ (TheoremT.Continuum.Configuration (@OfNat.ofNat.{0} Nat (nat_lit 2) _)) _ _ _ _)
        (Prod.{0, 0} TheoremT.Continuum.Position
          (@TheoremT.Continuum.SpectatorConfiguration (@OfNat.ofNat.{0} Nat (nat_lit 2) _)
            (@OfNat.ofNat.{0} (Fin (@OfNat.ofNat.{0} Nat (nat_lit 2) _)) (nat_lit 0) _)))
        (fun
            (x :
              Prod.{0, 0} TheoremT.Continuum.Position
                (@TheoremT.Continuum.SpectatorConfiguration (@OfNat.ofNat.{0} Nat (nat_lit 2) _)
                  (@OfNat.ofNat.{0} (Fin (@OfNat.ofNat.{0} Nat (nat_lit 2) _)) (nat_lit 0) _))) =>
          TheoremT.Continuum.Configuration (@OfNat.ofNat.{0} Nat (nat_lit 2) _))
        _ TheoremT.Continuum.pairCoordinates q)
      (@OfNat.ofNat.{0} (Fin (@OfNat.ofNat.{0} Nat (nat_lit 2) _)) (nat_lit 1) _))
    (@HSub.hSub.{0, 0, 0} TheoremT.Continuum.Position TheoremT.Continuum.Position TheoremT.Continuum.Position _
      (@DFunLike.coe.{1, 1, 1}
        (@LinearIsometryEquiv.{0, 0, 0, 0} Real Real _ _ (@RingHom.id.{0} Real _) (@RingHom.id.{0} Real _) _ _
          (@TheoremT.Continuum.SpectatorConfiguration (@OfNat.ofNat.{0} Nat (nat_lit 2) _)
            (@OfNat.ofNat.{0} (Fin (@OfNat.ofNat.{0} Nat (nat_lit 2) _)) (nat_lit 0) _))
          TheoremT.Continuum.Position _ _ _ _)
        (@TheoremT.Continuum.SpectatorConfiguration (@OfNat.ofNat.{0} Nat (nat_lit 2) _)
          (@OfNat.ofNat.{0} (Fin (@OfNat.ofNat.{0} Nat (nat_lit 2) _)) (nat_lit 0) _))
        (fun
            (a :
              @TheoremT.Continuum.SpectatorConfiguration (@OfNat.ofNat.{0} Nat (nat_lit 2) _)
                (@OfNat.ofNat.{0} (Fin (@OfNat.ofNat.{0} Nat (nat_lit 2) _)) (nat_lit 0) _)) =>
          TheoremT.Continuum.Position)
        _ TheoremT.Continuum.pairCenterEquiv
        (@Prod.snd.{0, 0} TheoremT.Continuum.Position
          (@TheoremT.Continuum.SpectatorConfiguration (@OfNat.ofNat.{0} Nat (nat_lit 2) _)
            (@OfNat.ofNat.{0} (Fin (@OfNat.ofNat.{0} Nat (nat_lit 2) _)) (nat_lit 0) _))
          q))
      (@HSMul.hSMul.{0, 0, 0} Real TheoremT.Continuum.Position TheoremT.Continuum.Position _
        (@HDiv.hDiv.{0, 0, 0} Real Real Real _ (@OfNat.ofNat.{0} Real (nat_lit 1) _)
          (@OfNat.ofNat.{0} Real (nat_lit 2) _))
        (@Prod.fst.{0, 0} TheoremT.Continuum.Position
          (@TheoremT.Continuum.SpectatorConfiguration (@OfNat.ofNat.{0} Nat (nat_lit 2) _)
            (@OfNat.ofNat.{0} (Fin (@OfNat.ofNat.{0} Nat (nat_lit 2) _)) (nat_lit 0) _))
          q)))
TheoremT.Continuum.pairCoordinates_first_basis : ∀ (k : Fin (@OfNat.ofNat.{0} Nat (nat_lit 3) _)),
  @Eq.{1} (TheoremT.Continuum.Configuration (@OfNat.ofNat.{0} Nat (nat_lit 2) _))
    (@DFunLike.coe.{1, 1, 1}
      (@ContinuousLinearMap.{0, 0, 0, 0} Real Real _ _ (@RingHom.id.{0} Real _)
        (Prod.{0, 0} TheoremT.Continuum.Position
          (@TheoremT.Continuum.SpectatorConfiguration (@OfNat.ofNat.{0} Nat (nat_lit 2) _)
            (@OfNat.ofNat.{0} (Fin (@OfNat.ofNat.{0} Nat (nat_lit 2) _)) (nat_lit 0) _)))
        _ _ (TheoremT.Continuum.Configuration (@OfNat.ofNat.{0} Nat (nat_lit 2) _)) _ _ _ _)
      (Prod.{0, 0} TheoremT.Continuum.Position
        (@TheoremT.Continuum.SpectatorConfiguration (@OfNat.ofNat.{0} Nat (nat_lit 2) _)
          (@OfNat.ofNat.{0} (Fin (@OfNat.ofNat.{0} Nat (nat_lit 2) _)) (nat_lit 0) _)))
      (fun
          (x :
            Prod.{0, 0} TheoremT.Continuum.Position
              (@TheoremT.Continuum.SpectatorConfiguration (@OfNat.ofNat.{0} Nat (nat_lit 2) _)
                (@OfNat.ofNat.{0} (Fin (@OfNat.ofNat.{0} Nat (nat_lit 2) _)) (nat_lit 0) _))) =>
        TheoremT.Continuum.Configuration (@OfNat.ofNat.{0} Nat (nat_lit 2) _))
      _ TheoremT.Continuum.pairCoordinates
      (@Prod.mk.{0, 0} TheoremT.Continuum.Position
        (@TheoremT.Continuum.SpectatorConfiguration (@OfNat.ofNat.{0} Nat (nat_lit 2) _)
          (@OfNat.ofNat.{0} (Fin (@OfNat.ofNat.{0} Nat (nat_lit 2) _)) (nat_lit 0) _))
        (TheoremT.Continuum.ksTargetBasis k)
        (@OfNat.ofNat.{0}
          (@TheoremT.Continuum.SpectatorConfiguration (@OfNat.ofNat.{0} Nat (nat_lit 2) _)
            (@OfNat.ofNat.{0} (Fin (@OfNat.ofNat.{0} Nat (nat_lit 2) _)) (nat_lit 0) _))
          (nat_lit 0) _)))
    (@HSub.hSub.{0, 0, 0} (TheoremT.Continuum.Configuration (@OfNat.ofNat.{0} Nat (nat_lit 2) _))
      (TheoremT.Continuum.Configuration (@OfNat.ofNat.{0} Nat (nat_lit 2) _))
      (TheoremT.Continuum.Configuration (@OfNat.ofNat.{0} Nat (nat_lit 2) _)) _
      (@HSMul.hSMul.{0, 0, 0} Real (TheoremT.Continuum.Configuration (@OfNat.ofNat.{0} Nat (nat_lit 2) _))
        (TheoremT.Continuum.Configuration (@OfNat.ofNat.{0} Nat (nat_lit 2) _)) _
        (@HDiv.hDiv.{0, 0, 0} Real Real Real _ (@OfNat.ofNat.{0} Real (nat_lit 1) _)
          (@OfNat.ofNat.{0} Real (nat_lit 2) _))
        (@TheoremT.Continuum.coordinateVector (@OfNat.ofNat.{0} Nat (nat_lit 2) _)
          (@Prod.mk.{0, 0} (Fin (@OfNat.ofNat.{0} Nat (nat_lit 2) _)) (Fin (@OfNat.ofNat.{0} Nat (nat_lit 3) _))
            (@OfNat.ofNat.{0} (Fin (@OfNat.ofNat.{0} Nat (nat_lit 2) _)) (nat_lit 0) _) k)))
      (@HSMul.hSMul.{0, 0, 0} Real (TheoremT.Continuum.Configuration (@OfNat.ofNat.{0} Nat (nat_lit 2) _))
        (TheoremT.Continuum.Configuration (@OfNat.ofNat.{0} Nat (nat_lit 2) _)) _
        (@HDiv.hDiv.{0, 0, 0} Real Real Real _ (@OfNat.ofNat.{0} Real (nat_lit 1) _)
          (@OfNat.ofNat.{0} Real (nat_lit 2) _))
        (@TheoremT.Continuum.coordinateVector (@OfNat.ofNat.{0} Nat (nat_lit 2) _)
          (@Prod.mk.{0, 0} (Fin (@OfNat.ofNat.{0} Nat (nat_lit 2) _)) (Fin (@OfNat.ofNat.{0} Nat (nat_lit 3) _))
            (@OfNat.ofNat.{0} (Fin (@OfNat.ofNat.{0} Nat (nat_lit 2) _)) (nat_lit 1) _) k))))
TheoremT.Continuum.pairCoordinates_spectator_basis : ∀
  (k :
    @TheoremT.Continuum.SpectatorCoordinate (@OfNat.ofNat.{0} Nat (nat_lit 2) _)
      (@OfNat.ofNat.{0} (Fin (@OfNat.ofNat.{0} Nat (nat_lit 2) _)) (nat_lit 0) _)),
  @Eq.{1} (TheoremT.Continuum.Configuration (@OfNat.ofNat.{0} Nat (nat_lit 2) _))
    (@DFunLike.coe.{1, 1, 1}
      (@ContinuousLinearMap.{0, 0, 0, 0} Real Real _ _ (@RingHom.id.{0} Real _)
        (Prod.{0, 0} TheoremT.Continuum.Position
          (@TheoremT.Continuum.SpectatorConfiguration (@OfNat.ofNat.{0} Nat (nat_lit 2) _)
            (@OfNat.ofNat.{0} (Fin (@OfNat.ofNat.{0} Nat (nat_lit 2) _)) (nat_lit 0) _)))
        _ _ (TheoremT.Continuum.Configuration (@OfNat.ofNat.{0} Nat (nat_lit 2) _)) _ _ _ _)
      (Prod.{0, 0} TheoremT.Continuum.Position
        (@TheoremT.Continuum.SpectatorConfiguration (@OfNat.ofNat.{0} Nat (nat_lit 2) _)
          (@OfNat.ofNat.{0} (Fin (@OfNat.ofNat.{0} Nat (nat_lit 2) _)) (nat_lit 0) _)))
      (fun
          (x :
            Prod.{0, 0} TheoremT.Continuum.Position
              (@TheoremT.Continuum.SpectatorConfiguration (@OfNat.ofNat.{0} Nat (nat_lit 2) _)
                (@OfNat.ofNat.{0} (Fin (@OfNat.ofNat.{0} Nat (nat_lit 2) _)) (nat_lit 0) _))) =>
        TheoremT.Continuum.Configuration (@OfNat.ofNat.{0} Nat (nat_lit 2) _))
      _ TheoremT.Continuum.pairCoordinates
      (@Prod.mk.{0, 0} TheoremT.Continuum.Position
        (@TheoremT.Continuum.SpectatorConfiguration (@OfNat.ofNat.{0} Nat (nat_lit 2) _)
          (@OfNat.ofNat.{0} (Fin (@OfNat.ofNat.{0} Nat (nat_lit 2) _)) (nat_lit 0) _))
        (@OfNat.ofNat.{0} TheoremT.Continuum.Position (nat_lit 0) _)
        (@TheoremT.Continuum.spectatorBasis (@OfNat.ofNat.{0} Nat (nat_lit 2) _)
          (@OfNat.ofNat.{0} (Fin (@OfNat.ofNat.{0} Nat (nat_lit 2) _)) (nat_lit 0) _) k)))
    (@HAdd.hAdd.{0, 0, 0} (TheoremT.Continuum.Configuration (@OfNat.ofNat.{0} Nat (nat_lit 2) _))
      (TheoremT.Continuum.Configuration (@OfNat.ofNat.{0} Nat (nat_lit 2) _))
      (TheoremT.Continuum.Configuration (@OfNat.ofNat.{0} Nat (nat_lit 2) _)) _
      (@TheoremT.Continuum.coordinateVector (@OfNat.ofNat.{0} Nat (nat_lit 2) _)
        (@Prod.mk.{0, 0} (Fin (@OfNat.ofNat.{0} Nat (nat_lit 2) _)) (Fin (@OfNat.ofNat.{0} Nat (nat_lit 3) _))
          (@OfNat.ofNat.{0} (Fin (@OfNat.ofNat.{0} Nat (nat_lit 2) _)) (nat_lit 0) _)
          (@Prod.snd.{0, 0} (Fin (@OfNat.ofNat.{0} Nat (nat_lit 2) _)) (Fin (@OfNat.ofNat.{0} Nat (nat_lit 3) _))
            (@Subtype.val.{1} (TheoremT.Continuum.Coordinate (@OfNat.ofNat.{0} Nat (nat_lit 2) _))
              (fun (k : TheoremT.Continuum.Coordinate (@OfNat.ofNat.{0} Nat (nat_lit 2) _)) =>
                @Ne.{1} (Fin (@OfNat.ofNat.{0} Nat (nat_lit 2) _))
                  (@Prod.fst.{0, 0} (Fin (@OfNat.ofNat.{0} Nat (nat_lit 2) _))
                    (Fin (@OfNat.ofNat.{0} Nat (nat_lit 3) _)) k)
                  (@OfNat.ofNat.{0} (Fin (@OfNat.ofNat.{0} Nat (nat_lit 2) _)) (nat_lit 0) _))
              k))))
      (@TheoremT.Continuum.coordinateVector (@OfNat.ofNat.{0} Nat (nat_lit 2) _)
        (@Prod.mk.{0, 0} (Fin (@OfNat.ofNat.{0} Nat (nat_lit 2) _)) (Fin (@OfNat.ofNat.{0} Nat (nat_lit 3) _))
          (@OfNat.ofNat.{0} (Fin (@OfNat.ofNat.{0} Nat (nat_lit 2) _)) (nat_lit 1) _)
          (@Prod.snd.{0, 0} (Fin (@OfNat.ofNat.{0} Nat (nat_lit 2) _)) (Fin (@OfNat.ofNat.{0} Nat (nat_lit 3) _))
            (@Subtype.val.{1} (TheoremT.Continuum.Coordinate (@OfNat.ofNat.{0} Nat (nat_lit 2) _))
              (fun (k : TheoremT.Continuum.Coordinate (@OfNat.ofNat.{0} Nat (nat_lit 2) _)) =>
                @Ne.{1} (Fin (@OfNat.ofNat.{0} Nat (nat_lit 2) _))
                  (@Prod.fst.{0, 0} (Fin (@OfNat.ofNat.{0} Nat (nat_lit 2) _))
                    (Fin (@OfNat.ofNat.{0} Nat (nat_lit 3) _)) k)
                  (@OfNat.ofNat.{0} (Fin (@OfNat.ofNat.{0} Nat (nat_lit 2) _)) (nat_lit 0) _))
              k)))))
TheoremT.Continuum.pairKSLift : (q : TheoremT.Continuum.PairKSSpace) →
  TheoremT.Continuum.Configuration (@OfNat.ofNat.{0} Nat (nat_lit 2) _)
TheoremT.Continuum.pairKSLift_contDiff : @ContDiff.{0, 0, 0} Real _ TheoremT.Continuum.PairKSSpace _ _
  (TheoremT.Continuum.Configuration (@OfNat.ofNat.{0} Nat (nat_lit 2) _)) _ _
  (@WithTop.some.{0} ENat (@Top.top.{0} ENat _)) TheoremT.Continuum.pairKSLift
TheoremT.Continuum.pairKSLift_locallyLipschitz : @LocallyLipschitz.{0, 0} TheoremT.Continuum.PairKSSpace
  (TheoremT.Continuum.Configuration (@OfNat.ofNat.{0} Nat (nat_lit 2) _)) _ _ TheoremT.Continuum.pairKSLift
TheoremT.Continuum.pairKSLift_first : ∀ (q : TheoremT.Continuum.PairKSSpace),
  @Eq.{1} TheoremT.Continuum.Position
    (@TheoremT.Continuum.position (@OfNat.ofNat.{0} Nat (nat_lit 2) _) (TheoremT.Continuum.pairKSLift q)
      (@OfNat.ofNat.{0} (Fin (@OfNat.ofNat.{0} Nat (nat_lit 2) _)) (nat_lit 0) _))
    (@HAdd.hAdd.{0, 0, 0} TheoremT.Continuum.Position TheoremT.Continuum.Position TheoremT.Continuum.Position _
      (@DFunLike.coe.{1, 1, 1}
        (@LinearIsometryEquiv.{0, 0, 0, 0} Real Real _ _ (@RingHom.id.{0} Real _) (@RingHom.id.{0} Real _) _ _
          (@TheoremT.Continuum.SpectatorConfiguration (@OfNat.ofNat.{0} Nat (nat_lit 2) _)
            (@OfNat.ofNat.{0} (Fin (@OfNat.ofNat.{0} Nat (nat_lit 2) _)) (nat_lit 0) _))
          TheoremT.Continuum.Position _ _ _ _)
        (@TheoremT.Continuum.SpectatorConfiguration (@OfNat.ofNat.{0} Nat (nat_lit 2) _)
          (@OfNat.ofNat.{0} (Fin (@OfNat.ofNat.{0} Nat (nat_lit 2) _)) (nat_lit 0) _))
        (fun
            (a :
              @TheoremT.Continuum.SpectatorConfiguration (@OfNat.ofNat.{0} Nat (nat_lit 2) _)
                (@OfNat.ofNat.{0} (Fin (@OfNat.ofNat.{0} Nat (nat_lit 2) _)) (nat_lit 0) _)) =>
          TheoremT.Continuum.Position)
        _ TheoremT.Continuum.pairCenterEquiv
        (@Prod.snd.{0, 0} TheoremT.Continuum.KSSpace
          (@TheoremT.Continuum.SpectatorConfiguration (@OfNat.ofNat.{0} Nat (nat_lit 2) _)
            (@OfNat.ofNat.{0} (Fin (@OfNat.ofNat.{0} Nat (nat_lit 2) _)) (nat_lit 0) _))
          q))
      (@HSMul.hSMul.{0, 0, 0} Real TheoremT.Continuum.Position TheoremT.Continuum.Position _
        (@HDiv.hDiv.{0, 0, 0} Real Real Real _ (@OfNat.ofNat.{0} Real (nat_lit 1) _)
          (@OfNat.ofNat.{0} Real (nat_lit 2) _))
        (TheoremT.Continuum.ksMap
          (@Prod.fst.{0, 0} TheoremT.Continuum.KSSpace
            (@TheoremT.Continuum.SpectatorConfiguration (@OfNat.ofNat.{0} Nat (nat_lit 2) _)
              (@OfNat.ofNat.{0} (Fin (@OfNat.ofNat.{0} Nat (nat_lit 2) _)) (nat_lit 0) _))
            q))))
TheoremT.Continuum.pairKSLift_second : ∀ (q : TheoremT.Continuum.PairKSSpace),
  @Eq.{1} TheoremT.Continuum.Position
    (@TheoremT.Continuum.position (@OfNat.ofNat.{0} Nat (nat_lit 2) _) (TheoremT.Continuum.pairKSLift q)
      (@OfNat.ofNat.{0} (Fin (@OfNat.ofNat.{0} Nat (nat_lit 2) _)) (nat_lit 1) _))
    (@HSub.hSub.{0, 0, 0} TheoremT.Continuum.Position TheoremT.Continuum.Position TheoremT.Continuum.Position _
      (@DFunLike.coe.{1, 1, 1}
        (@LinearIsometryEquiv.{0, 0, 0, 0} Real Real _ _ (@RingHom.id.{0} Real _) (@RingHom.id.{0} Real _) _ _
          (@TheoremT.Continuum.SpectatorConfiguration (@OfNat.ofNat.{0} Nat (nat_lit 2) _)
            (@OfNat.ofNat.{0} (Fin (@OfNat.ofNat.{0} Nat (nat_lit 2) _)) (nat_lit 0) _))
          TheoremT.Continuum.Position _ _ _ _)
        (@TheoremT.Continuum.SpectatorConfiguration (@OfNat.ofNat.{0} Nat (nat_lit 2) _)
          (@OfNat.ofNat.{0} (Fin (@OfNat.ofNat.{0} Nat (nat_lit 2) _)) (nat_lit 0) _))
        (fun
            (a :
              @TheoremT.Continuum.SpectatorConfiguration (@OfNat.ofNat.{0} Nat (nat_lit 2) _)
                (@OfNat.ofNat.{0} (Fin (@OfNat.ofNat.{0} Nat (nat_lit 2) _)) (nat_lit 0) _)) =>
          TheoremT.Continuum.Position)
        _ TheoremT.Continuum.pairCenterEquiv
        (@Prod.snd.{0, 0} TheoremT.Continuum.KSSpace
          (@TheoremT.Continuum.SpectatorConfiguration (@OfNat.ofNat.{0} Nat (nat_lit 2) _)
            (@OfNat.ofNat.{0} (Fin (@OfNat.ofNat.{0} Nat (nat_lit 2) _)) (nat_lit 0) _))
          q))
      (@HSMul.hSMul.{0, 0, 0} Real TheoremT.Continuum.Position TheoremT.Continuum.Position _
        (@HDiv.hDiv.{0, 0, 0} Real Real Real _ (@OfNat.ofNat.{0} Real (nat_lit 1) _)
          (@OfNat.ofNat.{0} Real (nat_lit 2) _))
        (TheoremT.Continuum.ksMap
          (@Prod.fst.{0, 0} TheoremT.Continuum.KSSpace
            (@TheoremT.Continuum.SpectatorConfiguration (@OfNat.ofNat.{0} Nat (nat_lit 2) _)
              (@OfNat.ofNat.{0} (Fin (@OfNat.ofNat.{0} Nat (nat_lit 2) _)) (nat_lit 0) _))
            q))))
TheoremT.Continuum.pairKSLift_difference : ∀ (q : TheoremT.Continuum.PairKSSpace),
  @Eq.{1} TheoremT.Continuum.Position
    (@HSub.hSub.{0, 0, 0} TheoremT.Continuum.Position TheoremT.Continuum.Position TheoremT.Continuum.Position _
      (@TheoremT.Continuum.position (@OfNat.ofNat.{0} Nat (nat_lit 2) _) (TheoremT.Continuum.pairKSLift q)
        (@OfNat.ofNat.{0} (Fin (@OfNat.ofNat.{0} Nat (nat_lit 2) _)) (nat_lit 0) _))
      (@TheoremT.Continuum.position (@OfNat.ofNat.{0} Nat (nat_lit 2) _) (TheoremT.Continuum.pairKSLift q)
        (@OfNat.ofNat.{0} (Fin (@OfNat.ofNat.{0} Nat (nat_lit 2) _)) (nat_lit 1) _)))
    (TheoremT.Continuum.ksMap
      (@Prod.fst.{0, 0} TheoremT.Continuum.KSSpace
        (@TheoremT.Continuum.SpectatorConfiguration (@OfNat.ofNat.{0} Nat (nat_lit 2) _)
          (@OfNat.ofNat.{0} (Fin (@OfNat.ofNat.{0} Nat (nat_lit 2) _)) (nat_lit 0) _))
        q))
TheoremT.Continuum.pairKSLift_pair_radius : ∀ (q : TheoremT.Continuum.PairKSSpace),
  @Eq.{1} Real
    (@Norm.norm.{0} TheoremT.Continuum.Position _
      (@HSub.hSub.{0, 0, 0} TheoremT.Continuum.Position TheoremT.Continuum.Position TheoremT.Continuum.Position _
        (@TheoremT.Continuum.position (@OfNat.ofNat.{0} Nat (nat_lit 2) _) (TheoremT.Continuum.pairKSLift q)
          (@OfNat.ofNat.{0} (Fin (@OfNat.ofNat.{0} Nat (nat_lit 2) _)) (nat_lit 0) _))
        (@TheoremT.Continuum.position (@OfNat.ofNat.{0} Nat (nat_lit 2) _) (TheoremT.Continuum.pairKSLift q)
          (@OfNat.ofNat.{0} (Fin (@OfNat.ofNat.{0} Nat (nat_lit 2) _)) (nat_lit 1) _))))
    (@HPow.hPow.{0, 0, 0} Real Nat Real _
      (@Norm.norm.{0} TheoremT.Continuum.KSSpace _
        (@Prod.fst.{0, 0} TheoremT.Continuum.KSSpace
          (@TheoremT.Continuum.SpectatorConfiguration (@OfNat.ofNat.{0} Nat (nat_lit 2) _)
            (@OfNat.ofNat.{0} (Fin (@OfNat.ofNat.{0} Nat (nat_lit 2) _)) (nat_lit 0) _))
          q))
      (@OfNat.ofNat.{0} Nat (nat_lit 2) _))
TheoremT.Continuum.pair_coordinates_bilinear_trace : ∀
  (B :
    @ContinuousLinearMap.{0, 0, 0, 0} Real Real _ _ (@RingHom.id.{0} Real _)
      (TheoremT.Continuum.Configuration (@OfNat.ofNat.{0} Nat (nat_lit 2) _)) _ _
      (@ContinuousLinearMap.{0, 0, 0, 0} Real Real _ _ (@RingHom.id.{0} Real _)
        (TheoremT.Continuum.Configuration (@OfNat.ofNat.{0} Nat (nat_lit 2) _)) _ _ Complex _ _ _ _)
      _ _ _ _),
  @Eq.{1} Complex
    (@HAdd.hAdd.{0, 0, 0} Complex Complex Complex _
      (@HSMul.hSMul.{0, 0, 0} Real Complex Complex _ (@OfNat.ofNat.{0} Real (nat_lit 4) _)
        (@Finset.sum.{0, 0} (Fin (@OfNat.ofNat.{0} Nat (nat_lit 3) _)) Complex _
          (@Finset.univ.{0} (Fin (@OfNat.ofNat.{0} Nat (nat_lit 3) _)) _)
          fun (k : Fin (@OfNat.ofNat.{0} Nat (nat_lit 3) _)) =>
          @DFunLike.coe.{1, 1, 1}
            (@ContinuousLinearMap.{0, 0, 0, 0} Real Real _ _ (@RingHom.id.{0} Real _)
              (TheoremT.Continuum.Configuration (@OfNat.ofNat.{0} Nat (nat_lit 2) _)) _ _ Complex _ _ _ _)
            (TheoremT.Continuum.Configuration (@OfNat.ofNat.{0} Nat (nat_lit 2) _))
            (fun (x : TheoremT.Continuum.Configuration (@OfNat.ofNat.{0} Nat (nat_lit 2) _)) => Complex) _
            (@DFunLike.coe.{1, 1, 1}
              (@ContinuousLinearMap.{0, 0, 0, 0} Real Real _ _ (@RingHom.id.{0} Real _)
                (TheoremT.Continuum.Configuration (@OfNat.ofNat.{0} Nat (nat_lit 2) _)) _ _
                (@ContinuousLinearMap.{0, 0, 0, 0} Real Real _ _ (@RingHom.id.{0} Real _)
                  (TheoremT.Continuum.Configuration (@OfNat.ofNat.{0} Nat (nat_lit 2) _)) _ _ Complex _ _ _ _)
                _ _ _ _)
              (TheoremT.Continuum.Configuration (@OfNat.ofNat.{0} Nat (nat_lit 2) _))
              (fun (x : TheoremT.Continuum.Configuration (@OfNat.ofNat.{0} Nat (nat_lit 2) _)) =>
                @ContinuousLinearMap.{0, 0, 0, 0} Real Real _ _ (@RingHom.id.{0} Real _)
                  (TheoremT.Continuum.Configuration (@OfNat.ofNat.{0} Nat (nat_lit 2) _)) _ _ Complex _ _ _ _)
              _ B
              (@DFunLike.coe.{1, 1, 1}
                (@ContinuousLinearMap.{0, 0, 0, 0} Real Real _ _ (@RingHom.id.{0} Real _)
                  (Prod.{0, 0} TheoremT.Continuum.Position
                    (@TheoremT.Continuum.SpectatorConfiguration (@OfNat.ofNat.{0} Nat (nat_lit 2) _)
                      (@OfNat.ofNat.{0} (Fin (@OfNat.ofNat.{0} Nat (nat_lit 2) _)) (nat_lit 0) _)))
                  _ _ (TheoremT.Continuum.Configuration (@OfNat.ofNat.{0} Nat (nat_lit 2) _)) _ _ _ _)
                (Prod.{0, 0} TheoremT.Continuum.Position
                  (@TheoremT.Continuum.SpectatorConfiguration (@OfNat.ofNat.{0} Nat (nat_lit 2) _)
                    (@OfNat.ofNat.{0} (Fin (@OfNat.ofNat.{0} Nat (nat_lit 2) _)) (nat_lit 0) _)))
                (fun
                    (x :
                      Prod.{0, 0} TheoremT.Continuum.Position
                        (@TheoremT.Continuum.SpectatorConfiguration (@OfNat.ofNat.{0} Nat (nat_lit 2) _)
                          (@OfNat.ofNat.{0} (Fin (@OfNat.ofNat.{0} Nat (nat_lit 2) _)) (nat_lit 0) _))) =>
                  TheoremT.Continuum.Configuration (@OfNat.ofNat.{0} Nat (nat_lit 2) _))
                _ TheoremT.Continuum.pairCoordinates
                (@Prod.mk.{0, 0} TheoremT.Continuum.Position
                  (@TheoremT.Continuum.SpectatorConfiguration (@OfNat.ofNat.{0} Nat (nat_lit 2) _)
                    (@OfNat.ofNat.{0} (Fin (@OfNat.ofNat.{0} Nat (nat_lit 2) _)) (nat_lit 0) _))
                  (TheoremT.Continuum.ksTargetBasis k)
                  (@OfNat.ofNat.{0}
                    (@TheoremT.Continuum.SpectatorConfiguration (@OfNat.ofNat.{0} Nat (nat_lit 2) _)
                      (@OfNat.ofNat.{0} (Fin (@OfNat.ofNat.{0} Nat (nat_lit 2) _)) (nat_lit 0) _))
                    (nat_lit 0) _))))
            (@DFunLike.coe.{1, 1, 1}
              (@ContinuousLinearMap.{0, 0, 0, 0} Real Real _ _ (@RingHom.id.{0} Real _)
                (Prod.{0, 0} TheoremT.Continuum.Position
                  (@TheoremT.Continuum.SpectatorConfiguration (@OfNat.ofNat.{0} Nat (nat_lit 2) _)
                    (@OfNat.ofNat.{0} (Fin (@OfNat.ofNat.{0} Nat (nat_lit 2) _)) (nat_lit 0) _)))
                _ _ (TheoremT.Continuum.Configuration (@OfNat.ofNat.{0} Nat (nat_lit 2) _)) _ _ _ _)
              (Prod.{0, 0} TheoremT.Continuum.Position
                (@TheoremT.Continuum.SpectatorConfiguration (@OfNat.ofNat.{0} Nat (nat_lit 2) _)
                  (@OfNat.ofNat.{0} (Fin (@OfNat.ofNat.{0} Nat (nat_lit 2) _)) (nat_lit 0) _)))
              (fun
                  (x :
                    Prod.{0, 0} TheoremT.Continuum.Position
                      (@TheoremT.Continuum.SpectatorConfiguration (@OfNat.ofNat.{0} Nat (nat_lit 2) _)
                        (@OfNat.ofNat.{0} (Fin (@OfNat.ofNat.{0} Nat (nat_lit 2) _)) (nat_lit 0) _))) =>
                TheoremT.Continuum.Configuration (@OfNat.ofNat.{0} Nat (nat_lit 2) _))
              _ TheoremT.Continuum.pairCoordinates
              (@Prod.mk.{0, 0} TheoremT.Continuum.Position
                (@TheoremT.Continuum.SpectatorConfiguration (@OfNat.ofNat.{0} Nat (nat_lit 2) _)
                  (@OfNat.ofNat.{0} (Fin (@OfNat.ofNat.{0} Nat (nat_lit 2) _)) (nat_lit 0) _))
                (TheoremT.Continuum.ksTargetBasis k)
                (@OfNat.ofNat.{0}
                  (@TheoremT.Continuum.SpectatorConfiguration (@OfNat.ofNat.{0} Nat (nat_lit 2) _)
                    (@OfNat.ofNat.{0} (Fin (@OfNat.ofNat.{0} Nat (nat_lit 2) _)) (nat_lit 0) _))
                  (nat_lit 0) _)))))
      (@Finset.sum.{0, 0}
        (@TheoremT.Continuum.SpectatorCoordinate (@OfNat.ofNat.{0} Nat (nat_lit 2) _)
          (@OfNat.ofNat.{0} (Fin (@OfNat.ofNat.{0} Nat (nat_lit 2) _)) (nat_lit 0) _))
        Complex _
        (@Finset.univ.{0}
          (@TheoremT.Continuum.SpectatorCoordinate (@OfNat.ofNat.{0} Nat (nat_lit 2) _)
            (@OfNat.ofNat.{0} (Fin (@OfNat.ofNat.{0} Nat (nat_lit 2) _)) (nat_lit 0) _))
          _)
        fun
          (k :
            @TheoremT.Continuum.SpectatorCoordinate (@OfNat.ofNat.{0} Nat (nat_lit 2) _)
              (@OfNat.ofNat.{0} (Fin (@OfNat.ofNat.{0} Nat (nat_lit 2) _)) (nat_lit 0) _)) =>
        @DFunLike.coe.{1, 1, 1}
          (@ContinuousLinearMap.{0, 0, 0, 0} Real Real _ _ (@RingHom.id.{0} Real _)
            (TheoremT.Continuum.Configuration (@OfNat.ofNat.{0} Nat (nat_lit 2) _)) _ _ Complex _ _ _ _)
          (TheoremT.Continuum.Configuration (@OfNat.ofNat.{0} Nat (nat_lit 2) _))
          (fun (x : TheoremT.Continuum.Configuration (@OfNat.ofNat.{0} Nat (nat_lit 2) _)) => Complex) _
          (@DFunLike.coe.{1, 1, 1}
            (@ContinuousLinearMap.{0, 0, 0, 0} Real Real _ _ (@RingHom.id.{0} Real _)
              (TheoremT.Continuum.Configuration (@OfNat.ofNat.{0} Nat (nat_lit 2) _)) _ _
              (@ContinuousLinearMap.{0, 0, 0, 0} Real Real _ _ (@RingHom.id.{0} Real _)
                (TheoremT.Continuum.Configuration (@OfNat.ofNat.{0} Nat (nat_lit 2) _)) _ _ Complex _ _ _ _)
              _ _ _ _)
            (TheoremT.Continuum.Configuration (@OfNat.ofNat.{0} Nat (nat_lit 2) _))
            (fun (x : TheoremT.Continuum.Configuration (@OfNat.ofNat.{0} Nat (nat_lit 2) _)) =>
              @ContinuousLinearMap.{0, 0, 0, 0} Real Real _ _ (@RingHom.id.{0} Real _)
                (TheoremT.Continuum.Configuration (@OfNat.ofNat.{0} Nat (nat_lit 2) _)) _ _ Complex _ _ _ _)
            _ B
            (@DFunLike.coe.{1, 1, 1}
              (@ContinuousLinearMap.{0, 0, 0, 0} Real Real _ _ (@RingHom.id.{0} Real _)
                (Prod.{0, 0} TheoremT.Continuum.Position
                  (@TheoremT.Continuum.SpectatorConfiguration (@OfNat.ofNat.{0} Nat (nat_lit 2) _)
                    (@OfNat.ofNat.{0} (Fin (@OfNat.ofNat.{0} Nat (nat_lit 2) _)) (nat_lit 0) _)))
                _ _ (TheoremT.Continuum.Configuration (@OfNat.ofNat.{0} Nat (nat_lit 2) _)) _ _ _ _)
              (Prod.{0, 0} TheoremT.Continuum.Position
                (@TheoremT.Continuum.SpectatorConfiguration (@OfNat.ofNat.{0} Nat (nat_lit 2) _)
                  (@OfNat.ofNat.{0} (Fin (@OfNat.ofNat.{0} Nat (nat_lit 2) _)) (nat_lit 0) _)))
              (fun
                  (x :
                    Prod.{0, 0} TheoremT.Continuum.Position
                      (@TheoremT.Continuum.SpectatorConfiguration (@OfNat.ofNat.{0} Nat (nat_lit 2) _)
                        (@OfNat.ofNat.{0} (Fin (@OfNat.ofNat.{0} Nat (nat_lit 2) _)) (nat_lit 0) _))) =>
                TheoremT.Continuum.Configuration (@OfNat.ofNat.{0} Nat (nat_lit 2) _))
              _ TheoremT.Continuum.pairCoordinates
              (@Prod.mk.{0, 0} TheoremT.Continuum.Position
                (@TheoremT.Continuum.SpectatorConfiguration (@OfNat.ofNat.{0} Nat (nat_lit 2) _)
                  (@OfNat.ofNat.{0} (Fin (@OfNat.ofNat.{0} Nat (nat_lit 2) _)) (nat_lit 0) _))
                (@OfNat.ofNat.{0} TheoremT.Continuum.Position (nat_lit 0) _)
                (@TheoremT.Continuum.spectatorBasis (@OfNat.ofNat.{0} Nat (nat_lit 2) _)
                  (@OfNat.ofNat.{0} (Fin (@OfNat.ofNat.{0} Nat (nat_lit 2) _)) (nat_lit 0) _) k))))
          (@DFunLike.coe.{1, 1, 1}
            (@ContinuousLinearMap.{0, 0, 0, 0} Real Real _ _ (@RingHom.id.{0} Real _)
              (Prod.{0, 0} TheoremT.Continuum.Position
                (@TheoremT.Continuum.SpectatorConfiguration (@OfNat.ofNat.{0} Nat (nat_lit 2) _)
                  (@OfNat.ofNat.{0} (Fin (@OfNat.ofNat.{0} Nat (nat_lit 2) _)) (nat_lit 0) _)))
              _ _ (TheoremT.Continuum.Configuration (@OfNat.ofNat.{0} Nat (nat_lit 2) _)) _ _ _ _)
            (Prod.{0, 0} TheoremT.Continuum.Position
              (@TheoremT.Continuum.SpectatorConfiguration (@OfNat.ofNat.{0} Nat (nat_lit 2) _)
                (@OfNat.ofNat.{0} (Fin (@OfNat.ofNat.{0} Nat (nat_lit 2) _)) (nat_lit 0) _)))
            (fun
                (x :
                  Prod.{0, 0} TheoremT.Continuum.Position
                    (@TheoremT.Continuum.SpectatorConfiguration (@OfNat.ofNat.{0} Nat (nat_lit 2) _)
                      (@OfNat.ofNat.{0} (Fin (@OfNat.ofNat.{0} Nat (nat_lit 2) _)) (nat_lit 0) _))) =>
              TheoremT.Continuum.Configuration (@OfNat.ofNat.{0} Nat (nat_lit 2) _))
            _ TheoremT.Continuum.pairCoordinates
            (@Prod.mk.{0, 0} TheoremT.Continuum.Position
              (@TheoremT.Continuum.SpectatorConfiguration (@OfNat.ofNat.{0} Nat (nat_lit 2) _)
                (@OfNat.ofNat.{0} (Fin (@OfNat.ofNat.{0} Nat (nat_lit 2) _)) (nat_lit 0) _))
              (@OfNat.ofNat.{0} TheoremT.Continuum.Position (nat_lit 0) _)
              (@TheoremT.Continuum.spectatorBasis (@OfNat.ofNat.{0} Nat (nat_lit 2) _)
                (@OfNat.ofNat.{0} (Fin (@OfNat.ofNat.{0} Nat (nat_lit 2) _)) (nat_lit 0) _) k)))))
    (@HSMul.hSMul.{0, 0, 0} Real Complex Complex _ (@OfNat.ofNat.{0} Real (nat_lit 2) _)
      (@Finset.sum.{0, 0} (TheoremT.Continuum.Coordinate (@OfNat.ofNat.{0} Nat (nat_lit 2) _)) Complex _
        (@Finset.univ.{0} (TheoremT.Continuum.Coordinate (@OfNat.ofNat.{0} Nat (nat_lit 2) _)) _)
        fun (k : TheoremT.Continuum.Coordinate (@OfNat.ofNat.{0} Nat (nat_lit 2) _)) =>
        @DFunLike.coe.{1, 1, 1}
          (@ContinuousLinearMap.{0, 0, 0, 0} Real Real _ _ (@RingHom.id.{0} Real _)
            (TheoremT.Continuum.Configuration (@OfNat.ofNat.{0} Nat (nat_lit 2) _)) _ _ Complex _ _ _ _)
          (TheoremT.Continuum.Configuration (@OfNat.ofNat.{0} Nat (nat_lit 2) _))
          (fun (x : TheoremT.Continuum.Configuration (@OfNat.ofNat.{0} Nat (nat_lit 2) _)) => Complex) _
          (@DFunLike.coe.{1, 1, 1}
            (@ContinuousLinearMap.{0, 0, 0, 0} Real Real _ _ (@RingHom.id.{0} Real _)
              (TheoremT.Continuum.Configuration (@OfNat.ofNat.{0} Nat (nat_lit 2) _)) _ _
              (@ContinuousLinearMap.{0, 0, 0, 0} Real Real _ _ (@RingHom.id.{0} Real _)
                (TheoremT.Continuum.Configuration (@OfNat.ofNat.{0} Nat (nat_lit 2) _)) _ _ Complex _ _ _ _)
              _ _ _ _)
            (TheoremT.Continuum.Configuration (@OfNat.ofNat.{0} Nat (nat_lit 2) _))
            (fun (x : TheoremT.Continuum.Configuration (@OfNat.ofNat.{0} Nat (nat_lit 2) _)) =>
              @ContinuousLinearMap.{0, 0, 0, 0} Real Real _ _ (@RingHom.id.{0} Real _)
                (TheoremT.Continuum.Configuration (@OfNat.ofNat.{0} Nat (nat_lit 2) _)) _ _ Complex _ _ _ _)
            _ B (@TheoremT.Continuum.coordinateVector (@OfNat.ofNat.{0} Nat (nat_lit 2) _) k))
          (@TheoremT.Continuum.coordinateVector (@OfNat.ofNat.{0} Nat (nat_lit 2) _) k)))
@TheoremT.Continuum.pair_coordinates_weighted_laplacian : ∀
  {g : TheoremT.Continuum.Configuration (@OfNat.ofNat.{0} Nat (nat_lit 2) _) → Complex}
  (q :
    Prod.{0, 0} TheoremT.Continuum.Position
      (@TheoremT.Continuum.SpectatorConfiguration (@OfNat.ofNat.{0} Nat (nat_lit 2) _)
        (@OfNat.ofNat.{0} (Fin (@OfNat.ofNat.{0} Nat (nat_lit 2) _)) (nat_lit 0) _)))
  (hg :
    @ContDiffAt.{0, 0, 0} Real _ (TheoremT.Continuum.Configuration (@OfNat.ofNat.{0} Nat (nat_lit 2) _)) _ _ Complex _ _
      (@OfNat.ofNat.{0} (WithTop.{0} ENat) (nat_lit 2) _) g
      (@DFunLike.coe.{1, 1, 1}
        (@ContinuousLinearMap.{0, 0, 0, 0} Real Real _ _ (@RingHom.id.{0} Real _)
          (Prod.{0, 0} TheoremT.Continuum.Position
            (@TheoremT.Continuum.SpectatorConfiguration (@OfNat.ofNat.{0} Nat (nat_lit 2) _)
              (@OfNat.ofNat.{0} (Fin (@OfNat.ofNat.{0} Nat (nat_lit 2) _)) (nat_lit 0) _)))
          _ _ (TheoremT.Continuum.Configuration (@OfNat.ofNat.{0} Nat (nat_lit 2) _)) _ _ _ _)
        (Prod.{0, 0} TheoremT.Continuum.Position
          (@TheoremT.Continuum.SpectatorConfiguration (@OfNat.ofNat.{0} Nat (nat_lit 2) _)
            (@OfNat.ofNat.{0} (Fin (@OfNat.ofNat.{0} Nat (nat_lit 2) _)) (nat_lit 0) _)))
        (fun
            (x :
              Prod.{0, 0} TheoremT.Continuum.Position
                (@TheoremT.Continuum.SpectatorConfiguration (@OfNat.ofNat.{0} Nat (nat_lit 2) _)
                  (@OfNat.ofNat.{0} (Fin (@OfNat.ofNat.{0} Nat (nat_lit 2) _)) (nat_lit 0) _))) =>
          TheoremT.Continuum.Configuration (@OfNat.ofNat.{0} Nat (nat_lit 2) _))
        _ TheoremT.Continuum.pairCoordinates q)),
  @Eq.{1} Complex
    (@HAdd.hAdd.{0, 0, 0} Complex Complex Complex _
      (@HSMul.hSMul.{0, 0, 0} Real Complex Complex _ (@OfNat.ofNat.{0} Real (nat_lit 4) _)
        (@Finset.sum.{0, 0} (Fin (@OfNat.ofNat.{0} Nat (nat_lit 3) _)) Complex _
          (@Finset.univ.{0} (Fin (@OfNat.ofNat.{0} Nat (nat_lit 3) _)) _)
          fun (k : Fin (@OfNat.ofNat.{0} Nat (nat_lit 3) _)) =>
          @DFunLike.coe.{1, 1, 1}
            (@ContinuousLinearMap.{0, 0, 0, 0} Real Real _ _ (@RingHom.id.{0} Real _)
              (Prod.{0, 0} TheoremT.Continuum.Position
                (@TheoremT.Continuum.SpectatorConfiguration (@OfNat.ofNat.{0} Nat (nat_lit 2) _)
                  (@OfNat.ofNat.{0} (Fin (@OfNat.ofNat.{0} Nat (nat_lit 2) _)) (nat_lit 0) _)))
              _ _ Complex _ _ _ _)
            (Prod.{0, 0} TheoremT.Continuum.Position
              (@TheoremT.Continuum.SpectatorConfiguration (@OfNat.ofNat.{0} Nat (nat_lit 2) _)
                (@OfNat.ofNat.{0} (Fin (@OfNat.ofNat.{0} Nat (nat_lit 2) _)) (nat_lit 0) _)))
            (fun
                (x :
                  Prod.{0, 0} TheoremT.Continuum.Position
                    (@TheoremT.Continuum.SpectatorConfiguration (@OfNat.ofNat.{0} Nat (nat_lit 2) _)
                      (@OfNat.ofNat.{0} (Fin (@OfNat.ofNat.{0} Nat (nat_lit 2) _)) (nat_lit 0) _))) =>
              Complex)
            _
            (@fderiv.{0, 0, 0} Real _
              (Prod.{0, 0} TheoremT.Continuum.Position
                (@TheoremT.Continuum.SpectatorConfiguration (@OfNat.ofNat.{0} Nat (nat_lit 2) _)
                  (@OfNat.ofNat.{0} (Fin (@OfNat.ofNat.{0} Nat (nat_lit 2) _)) (nat_lit 0) _)))
              _ _ _ Complex _ _ _
              (fun
                  (z :
                    Prod.{0, 0} TheoremT.Continuum.Position
                      (@TheoremT.Continuum.SpectatorConfiguration (@OfNat.ofNat.{0} Nat (nat_lit 2) _)
                        (@OfNat.ofNat.{0} (Fin (@OfNat.ofNat.{0} Nat (nat_lit 2) _)) (nat_lit 0) _))) =>
                @DFunLike.coe.{1, 1, 1}
                  (@ContinuousLinearMap.{0, 0, 0, 0} Real Real _ _ (@RingHom.id.{0} Real _)
                    (Prod.{0, 0} TheoremT.Continuum.Position
                      (@TheoremT.Continuum.SpectatorConfiguration (@OfNat.ofNat.{0} Nat (nat_lit 2) _)
                        (@OfNat.ofNat.{0} (Fin (@OfNat.ofNat.{0} Nat (nat_lit 2) _)) (nat_lit 0) _)))
                    _ _ Complex _ _ _ _)
                  (Prod.{0, 0} TheoremT.Continuum.Position
                    (@TheoremT.Continuum.SpectatorConfiguration (@OfNat.ofNat.{0} Nat (nat_lit 2) _)
                      (@OfNat.ofNat.{0} (Fin (@OfNat.ofNat.{0} Nat (nat_lit 2) _)) (nat_lit 0) _)))
                  (fun
                      (x :
                        Prod.{0, 0} TheoremT.Continuum.Position
                          (@TheoremT.Continuum.SpectatorConfiguration (@OfNat.ofNat.{0} Nat (nat_lit 2) _)
                            (@OfNat.ofNat.{0} (Fin (@OfNat.ofNat.{0} Nat (nat_lit 2) _)) (nat_lit 0) _))) =>
                    Complex)
                  _
                  (@fderiv.{0, 0, 0} Real _
                    (Prod.{0, 0} TheoremT.Continuum.Position
                      (@TheoremT.Continuum.SpectatorConfiguration (@OfNat.ofNat.{0} Nat (nat_lit 2) _)
                        (@OfNat.ofNat.{0} (Fin (@OfNat.ofNat.{0} Nat (nat_lit 2) _)) (nat_lit 0) _)))
                    _ _ _ Complex _ _ _
                    (@Function.comp.{1, 1, 1}
                      (Prod.{0, 0} TheoremT.Continuum.Position
                        (@TheoremT.Continuum.SpectatorConfiguration (@OfNat.ofNat.{0} Nat (nat_lit 2) _)
                          (@OfNat.ofNat.{0} (Fin (@OfNat.ofNat.{0} Nat (nat_lit 2) _)) (nat_lit 0) _)))
                      (TheoremT.Continuum.Configuration (@OfNat.ofNat.{0} Nat (nat_lit 2) _)) Complex g
                      (@DFunLike.coe.{1, 1, 1}
                        (@ContinuousLinearMap.{0, 0, 0, 0} Real Real _ _ (@RingHom.id.{0} Real _)
                          (Prod.{0, 0} TheoremT.Continuum.Position
                            (@TheoremT.Continuum.SpectatorConfiguration (@OfNat.ofNat.{0} Nat (nat_lit 2) _)
                              (@OfNat.ofNat.{0} (Fin (@OfNat.ofNat.{0} Nat (nat_lit 2) _)) (nat_lit 0) _)))
                          _ _ (TheoremT.Continuum.Configuration (@OfNat.ofNat.{0} Nat (nat_lit 2) _)) _ _ _ _)
                        (Prod.{0, 0} TheoremT.Continuum.Position
                          (@TheoremT.Continuum.SpectatorConfiguration (@OfNat.ofNat.{0} Nat (nat_lit 2) _)
                            (@OfNat.ofNat.{0} (Fin (@OfNat.ofNat.{0} Nat (nat_lit 2) _)) (nat_lit 0) _)))
                        (fun
                            (x :
                              Prod.{0, 0} TheoremT.Continuum.Position
                                (@TheoremT.Continuum.SpectatorConfiguration (@OfNat.ofNat.{0} Nat (nat_lit 2) _)
                                  (@OfNat.ofNat.{0} (Fin (@OfNat.ofNat.{0} Nat (nat_lit 2) _)) (nat_lit 0) _))) =>
                          TheoremT.Continuum.Configuration (@OfNat.ofNat.{0} Nat (nat_lit 2) _))
                        _ TheoremT.Continuum.pairCoordinates))
                    z)
                  (@Prod.mk.{0, 0} TheoremT.Continuum.Position
                    (@TheoremT.Continuum.SpectatorConfiguration (@OfNat.ofNat.{0} Nat (nat_lit 2) _)
                      (@OfNat.ofNat.{0} (Fin (@OfNat.ofNat.{0} Nat (nat_lit 2) _)) (nat_lit 0) _))
                    (TheoremT.Continuum.ksTargetBasis k)
                    (@OfNat.ofNat.{0}
                      (@TheoremT.Continuum.SpectatorConfiguration (@OfNat.ofNat.{0} Nat (nat_lit 2) _)
                        (@OfNat.ofNat.{0} (Fin (@OfNat.ofNat.{0} Nat (nat_lit 2) _)) (nat_lit 0) _))
                      (nat_lit 0) _)))
              q)
            (@Prod.mk.{0, 0} TheoremT.Continuum.Position
              (@TheoremT.Continuum.SpectatorConfiguration (@OfNat.ofNat.{0} Nat (nat_lit 2) _)
                (@OfNat.ofNat.{0} (Fin (@OfNat.ofNat.{0} Nat (nat_lit 2) _)) (nat_lit 0) _))
              (TheoremT.Continuum.ksTargetBasis k)
              (@OfNat.ofNat.{0}
                (@TheoremT.Continuum.SpectatorConfiguration (@OfNat.ofNat.{0} Nat (nat_lit 2) _)
                  (@OfNat.ofNat.{0} (Fin (@OfNat.ofNat.{0} Nat (nat_lit 2) _)) (nat_lit 0) _))
                (nat_lit 0) _))))
      (@Finset.sum.{0, 0}
        (@TheoremT.Continuum.SpectatorCoordinate (@OfNat.ofNat.{0} Nat (nat_lit 2) _)
          (@OfNat.ofNat.{0} (Fin (@OfNat.ofNat.{0} Nat (nat_lit 2) _)) (nat_lit 0) _))
        Complex _
        (@Finset.univ.{0}
          (@TheoremT.Continuum.SpectatorCoordinate (@OfNat.ofNat.{0} Nat (nat_lit 2) _)
            (@OfNat.ofNat.{0} (Fin (@OfNat.ofNat.{0} Nat (nat_lit 2) _)) (nat_lit 0) _))
          _)
        fun
          (k :
            @TheoremT.Continuum.SpectatorCoordinate (@OfNat.ofNat.{0} Nat (nat_lit 2) _)
              (@OfNat.ofNat.{0} (Fin (@OfNat.ofNat.{0} Nat (nat_lit 2) _)) (nat_lit 0) _)) =>
        @DFunLike.coe.{1, 1, 1}
          (@ContinuousLinearMap.{0, 0, 0, 0} Real Real _ _ (@RingHom.id.{0} Real _)
            (Prod.{0, 0} TheoremT.Continuum.Position
              (@TheoremT.Continuum.SpectatorConfiguration (@OfNat.ofNat.{0} Nat (nat_lit 2) _)
                (@OfNat.ofNat.{0} (Fin (@OfNat.ofNat.{0} Nat (nat_lit 2) _)) (nat_lit 0) _)))
            _ _ Complex _ _ _ _)
          (Prod.{0, 0} TheoremT.Continuum.Position
            (@TheoremT.Continuum.SpectatorConfiguration (@OfNat.ofNat.{0} Nat (nat_lit 2) _)
              (@OfNat.ofNat.{0} (Fin (@OfNat.ofNat.{0} Nat (nat_lit 2) _)) (nat_lit 0) _)))
          (fun
              (x :
                Prod.{0, 0} TheoremT.Continuum.Position
                  (@TheoremT.Continuum.SpectatorConfiguration (@OfNat.ofNat.{0} Nat (nat_lit 2) _)
                    (@OfNat.ofNat.{0} (Fin (@OfNat.ofNat.{0} Nat (nat_lit 2) _)) (nat_lit 0) _))) =>
            Complex)
          _
          (@fderiv.{0, 0, 0} Real _
            (Prod.{0, 0} TheoremT.Continuum.Position
              (@TheoremT.Continuum.SpectatorConfiguration (@OfNat.ofNat.{0} Nat (nat_lit 2) _)
                (@OfNat.ofNat.{0} (Fin (@OfNat.ofNat.{0} Nat (nat_lit 2) _)) (nat_lit 0) _)))
            _ _ _ Complex _ _ _
            (fun
                (z :
                  Prod.{0, 0} TheoremT.Continuum.Position
                    (@TheoremT.Continuum.SpectatorConfiguration (@OfNat.ofNat.{0} Nat (nat_lit 2) _)
                      (@OfNat.ofNat.{0} (Fin (@OfNat.ofNat.{0} Nat (nat_lit 2) _)) (nat_lit 0) _))) =>
              @DFunLike.coe.{1, 1, 1}
                (@ContinuousLinearMap.{0, 0, 0, 0} Real Real _ _ (@RingHom.id.{0} Real _)
                  (Prod.{0, 0} TheoremT.Continuum.Position
                    (@TheoremT.Continuum.SpectatorConfiguration (@OfNat.ofNat.{0} Nat (nat_lit 2) _)
                      (@OfNat.ofNat.{0} (Fin (@OfNat.ofNat.{0} Nat (nat_lit 2) _)) (nat_lit 0) _)))
                  _ _ Complex _ _ _ _)
                (Prod.{0, 0} TheoremT.Continuum.Position
                  (@TheoremT.Continuum.SpectatorConfiguration (@OfNat.ofNat.{0} Nat (nat_lit 2) _)
                    (@OfNat.ofNat.{0} (Fin (@OfNat.ofNat.{0} Nat (nat_lit 2) _)) (nat_lit 0) _)))
                (fun
                    (x :
                      Prod.{0, 0} TheoremT.Continuum.Position
                        (@TheoremT.Continuum.SpectatorConfiguration (@OfNat.ofNat.{0} Nat (nat_lit 2) _)
                          (@OfNat.ofNat.{0} (Fin (@OfNat.ofNat.{0} Nat (nat_lit 2) _)) (nat_lit 0) _))) =>
                  Complex)
                _
                (@fderiv.{0, 0, 0} Real _
                  (Prod.{0, 0} TheoremT.Continuum.Position
                    (@TheoremT.Continuum.SpectatorConfiguration (@OfNat.ofNat.{0} Nat (nat_lit 2) _)
                      (@OfNat.ofNat.{0} (Fin (@OfNat.ofNat.{0} Nat (nat_lit 2) _)) (nat_lit 0) _)))
                  _ _ _ Complex _ _ _
                  (@Function.comp.{1, 1, 1}
                    (Prod.{0, 0} TheoremT.Continuum.Position
                      (@TheoremT.Continuum.SpectatorConfiguration (@OfNat.ofNat.{0} Nat (nat_lit 2) _)
                        (@OfNat.ofNat.{0} (Fin (@OfNat.ofNat.{0} Nat (nat_lit 2) _)) (nat_lit 0) _)))
                    (TheoremT.Continuum.Configuration (@OfNat.ofNat.{0} Nat (nat_lit 2) _)) Complex g
                    (@DFunLike.coe.{1, 1, 1}
                      (@ContinuousLinearMap.{0, 0, 0, 0} Real Real _ _ (@RingHom.id.{0} Real _)
                        (Prod.{0, 0} TheoremT.Continuum.Position
                          (@TheoremT.Continuum.SpectatorConfiguration (@OfNat.ofNat.{0} Nat (nat_lit 2) _)
                            (@OfNat.ofNat.{0} (Fin (@OfNat.ofNat.{0} Nat (nat_lit 2) _)) (nat_lit 0) _)))
                        _ _ (TheoremT.Continuum.Configuration (@OfNat.ofNat.{0} Nat (nat_lit 2) _)) _ _ _ _)
                      (Prod.{0, 0} TheoremT.Continuum.Position
                        (@TheoremT.Continuum.SpectatorConfiguration (@OfNat.ofNat.{0} Nat (nat_lit 2) _)
                          (@OfNat.ofNat.{0} (Fin (@OfNat.ofNat.{0} Nat (nat_lit 2) _)) (nat_lit 0) _)))
                      (fun
                          (x :
                            Prod.{0, 0} TheoremT.Continuum.Position
                              (@TheoremT.Continuum.SpectatorConfiguration (@OfNat.ofNat.{0} Nat (nat_lit 2) _)
                                (@OfNat.ofNat.{0} (Fin (@OfNat.ofNat.{0} Nat (nat_lit 2) _)) (nat_lit 0) _))) =>
                        TheoremT.Continuum.Configuration (@OfNat.ofNat.{0} Nat (nat_lit 2) _))
                      _ TheoremT.Continuum.pairCoordinates))
                  z)
                (@Prod.mk.{0, 0} TheoremT.Continuum.Position
                  (@TheoremT.Continuum.SpectatorConfiguration (@OfNat.ofNat.{0} Nat (nat_lit 2) _)
                    (@OfNat.ofNat.{0} (Fin (@OfNat.ofNat.{0} Nat (nat_lit 2) _)) (nat_lit 0) _))
                  (@OfNat.ofNat.{0} TheoremT.Continuum.Position (nat_lit 0) _)
                  (@TheoremT.Continuum.spectatorBasis (@OfNat.ofNat.{0} Nat (nat_lit 2) _)
                    (@OfNat.ofNat.{0} (Fin (@OfNat.ofNat.{0} Nat (nat_lit 2) _)) (nat_lit 0) _) k)))
            q)
          (@Prod.mk.{0, 0} TheoremT.Continuum.Position
            (@TheoremT.Continuum.SpectatorConfiguration (@OfNat.ofNat.{0} Nat (nat_lit 2) _)
              (@OfNat.ofNat.{0} (Fin (@OfNat.ofNat.{0} Nat (nat_lit 2) _)) (nat_lit 0) _))
            (@OfNat.ofNat.{0} TheoremT.Continuum.Position (nat_lit 0) _)
            (@TheoremT.Continuum.spectatorBasis (@OfNat.ofNat.{0} Nat (nat_lit 2) _)
              (@OfNat.ofNat.{0} (Fin (@OfNat.ofNat.{0} Nat (nat_lit 2) _)) (nat_lit 0) _) k))))
    (@HSMul.hSMul.{0, 0, 0} Real Complex Complex _ (@OfNat.ofNat.{0} Real (nat_lit 2) _)
      (@TheoremT.Continuum.smoothLaplacian (@OfNat.ofNat.{0} Nat (nat_lit 2) _) g
        (@DFunLike.coe.{1, 1, 1}
          (@ContinuousLinearMap.{0, 0, 0, 0} Real Real _ _ (@RingHom.id.{0} Real _)
            (Prod.{0, 0} TheoremT.Continuum.Position
              (@TheoremT.Continuum.SpectatorConfiguration (@OfNat.ofNat.{0} Nat (nat_lit 2) _)
                (@OfNat.ofNat.{0} (Fin (@OfNat.ofNat.{0} Nat (nat_lit 2) _)) (nat_lit 0) _)))
            _ _ (TheoremT.Continuum.Configuration (@OfNat.ofNat.{0} Nat (nat_lit 2) _)) _ _ _ _)
          (Prod.{0, 0} TheoremT.Continuum.Position
            (@TheoremT.Continuum.SpectatorConfiguration (@OfNat.ofNat.{0} Nat (nat_lit 2) _)
              (@OfNat.ofNat.{0} (Fin (@OfNat.ofNat.{0} Nat (nat_lit 2) _)) (nat_lit 0) _)))
          (fun
              (x :
                Prod.{0, 0} TheoremT.Continuum.Position
                  (@TheoremT.Continuum.SpectatorConfiguration (@OfNat.ofNat.{0} Nat (nat_lit 2) _)
                    (@OfNat.ofNat.{0} (Fin (@OfNat.ofNat.{0} Nat (nat_lit 2) _)) (nat_lit 0) _))) =>
            TheoremT.Continuum.Configuration (@OfNat.ofNat.{0} Nat (nat_lit 2) _))
          _ TheoremT.Continuum.pairCoordinates q)))
@TheoremT.Continuum.pair_KS_principal_identity : ∀
  {g : TheoremT.Continuum.Configuration (@OfNat.ofNat.{0} Nat (nat_lit 2) _) → Complex}
  (q : TheoremT.Continuum.PairKSSpace)
  (hg :
    @ContDiffAt.{0, 0, 0} Real _ (TheoremT.Continuum.Configuration (@OfNat.ofNat.{0} Nat (nat_lit 2) _)) _ _ Complex _ _
      (@OfNat.ofNat.{0} (WithTop.{0} ENat) (nat_lit 2) _) g (TheoremT.Continuum.pairKSLift q)),
  @Eq.{1} Complex
    (@TheoremT.Continuum.ksScaledPrincipal (@OfNat.ofNat.{0} Nat (nat_lit 2) _)
      (@OfNat.ofNat.{0} (Fin (@OfNat.ofNat.{0} Nat (nat_lit 2) _)) (nat_lit 0) _) (@OfNat.ofNat.{0} Real (nat_lit 1) _)
      (@Function.comp.{1, 1, 1}
        (@TheoremT.Continuum.NuclearKSSpace (@OfNat.ofNat.{0} Nat (nat_lit 2) _)
          (@OfNat.ofNat.{0} (Fin (@OfNat.ofNat.{0} Nat (nat_lit 2) _)) (nat_lit 0) _))
        (TheoremT.Continuum.Configuration (@OfNat.ofNat.{0} Nat (nat_lit 2) _)) Complex g TheoremT.Continuum.pairKSLift)
      q)
    (@HSMul.hSMul.{0, 0, 0} Real Complex Complex _
      (@HMul.hMul.{0, 0, 0} Real Real Real _ (@OfNat.ofNat.{0} Real (nat_lit 2) _)
        (@HPow.hPow.{0, 0, 0} Real Nat Real _
          (@Norm.norm.{0} TheoremT.Continuum.KSSpace _
            (@Prod.fst.{0, 0} TheoremT.Continuum.KSSpace
              (@TheoremT.Continuum.SpectatorConfiguration (@OfNat.ofNat.{0} Nat (nat_lit 2) _)
                (@OfNat.ofNat.{0} (Fin (@OfNat.ofNat.{0} Nat (nat_lit 2) _)) (nat_lit 0) _))
              q))
          (@OfNat.ofNat.{0} Nat (nat_lit 2) _)))
      (@TheoremT.Continuum.smoothLaplacian (@OfNat.ofNat.{0} Nat (nat_lit 2) _) g (TheoremT.Continuum.pairKSLift q)))
@TheoremT.Continuum.scalar_coulomb_pair_KS_classical_equation : ∀ {Z E : Real}
  {f :
    @Subtype.{1}
      (@MeasureTheory.AEEqFun.{0, 0} (TheoremT.Continuum.Configuration (@OfNat.ofNat.{0} Nat (nat_lit 2) _)) Complex _ _
        (@MeasureTheory.MeasureSpace.volume.{0} (TheoremT.Continuum.Configuration (@OfNat.ofNat.{0} Nat (nat_lit 2) _))
          _))
      fun
        (x :
          @MeasureTheory.AEEqFun.{0, 0} (TheoremT.Continuum.Configuration (@OfNat.ofNat.{0} Nat (nat_lit 2) _)) Complex
            _ _
            (@MeasureTheory.MeasureSpace.volume.{0}
              (TheoremT.Continuum.Configuration (@OfNat.ofNat.{0} Nat (nat_lit 2) _)) _)) =>
      @Membership.mem.{0, 0}
        (@MeasureTheory.AEEqFun.{0, 0} (TheoremT.Continuum.Configuration (@OfNat.ofNat.{0} Nat (nat_lit 2) _)) Complex _
          _
          (@MeasureTheory.MeasureSpace.volume.{0}
            (TheoremT.Continuum.Configuration (@OfNat.ofNat.{0} Nat (nat_lit 2) _)) _))
        (@AddSubgroup.{0}
          (@MeasureTheory.AEEqFun.{0, 0} (TheoremT.Continuum.Configuration (@OfNat.ofNat.{0} Nat (nat_lit 2) _)) Complex
            _ _
            (@MeasureTheory.MeasureSpace.volume.{0}
              (TheoremT.Continuum.Configuration (@OfNat.ofNat.{0} Nat (nat_lit 2) _)) _))
          _)
        _ (TheoremT.Continuum.SpatialL2 (@OfNat.ofNat.{0} Nat (nat_lit 2) _)) x}
  (hgraph :
    TheoremT.Continuum.scalarHamiltonianGraph (@OfNat.ofNat.{0} Nat (nat_lit 2) _) Z f
      (@HSMul.hSMul.{0, 0, 0} Complex
        (@Subtype.{1}
          (@MeasureTheory.AEEqFun.{0, 0} (TheoremT.Continuum.Configuration (@OfNat.ofNat.{0} Nat (nat_lit 2) _)) Complex
            _ _
            (@MeasureTheory.MeasureSpace.volume.{0}
              (TheoremT.Continuum.Configuration (@OfNat.ofNat.{0} Nat (nat_lit 2) _)) _))
          fun
            (x :
              @MeasureTheory.AEEqFun.{0, 0} (TheoremT.Continuum.Configuration (@OfNat.ofNat.{0} Nat (nat_lit 2) _))
                Complex _ _
                (@MeasureTheory.MeasureSpace.volume.{0}
                  (TheoremT.Continuum.Configuration (@OfNat.ofNat.{0} Nat (nat_lit 2) _)) _)) =>
          @Membership.mem.{0, 0}
            (@MeasureTheory.AEEqFun.{0, 0} (TheoremT.Continuum.Configuration (@OfNat.ofNat.{0} Nat (nat_lit 2) _))
              Complex _ _
              (@MeasureTheory.MeasureSpace.volume.{0}
                (TheoremT.Continuum.Configuration (@OfNat.ofNat.{0} Nat (nat_lit 2) _)) _))
            (@AddSubgroup.{0}
              (@MeasureTheory.AEEqFun.{0, 0} (TheoremT.Continuum.Configuration (@OfNat.ofNat.{0} Nat (nat_lit 2) _))
                Complex _ _
                (@MeasureTheory.MeasureSpace.volume.{0}
                  (TheoremT.Continuum.Configuration (@OfNat.ofNat.{0} Nat (nat_lit 2) _)) _))
              _)
            _ (TheoremT.Continuum.SpatialL2 (@OfNat.ofNat.{0} Nat (nat_lit 2) _)) x)
        (@Subtype.{1}
          (@MeasureTheory.AEEqFun.{0, 0} (TheoremT.Continuum.Configuration (@OfNat.ofNat.{0} Nat (nat_lit 2) _)) Complex
            _ _
            (@MeasureTheory.MeasureSpace.volume.{0}
              (TheoremT.Continuum.Configuration (@OfNat.ofNat.{0} Nat (nat_lit 2) _)) _))
          fun
            (x :
              @MeasureTheory.AEEqFun.{0, 0} (TheoremT.Continuum.Configuration (@OfNat.ofNat.{0} Nat (nat_lit 2) _))
                Complex _ _
                (@MeasureTheory.MeasureSpace.volume.{0}
                  (TheoremT.Continuum.Configuration (@OfNat.ofNat.{0} Nat (nat_lit 2) _)) _)) =>
          @Membership.mem.{0, 0}
            (@MeasureTheory.AEEqFun.{0, 0} (TheoremT.Continuum.Configuration (@OfNat.ofNat.{0} Nat (nat_lit 2) _))
              Complex _ _
              (@MeasureTheory.MeasureSpace.volume.{0}
                (TheoremT.Continuum.Configuration (@OfNat.ofNat.{0} Nat (nat_lit 2) _)) _))
            (@AddSubgroup.{0}
              (@MeasureTheory.AEEqFun.{0, 0} (TheoremT.Continuum.Configuration (@OfNat.ofNat.{0} Nat (nat_lit 2) _))
                Complex _ _
                (@MeasureTheory.MeasureSpace.volume.{0}
                  (TheoremT.Continuum.Configuration (@OfNat.ofNat.{0} Nat (nat_lit 2) _)) _))
              _)
            _ (TheoremT.Continuum.SpatialL2 (@OfNat.ofNat.{0} Nat (nat_lit 2) _)) x)
        _ (Complex.ofReal E) f))
  {g : TheoremT.Continuum.Configuration (@OfNat.ofNat.{0} Nat (nat_lit 2) _) → Complex}
  (hg : @Continuous.{0, 0} (TheoremT.Continuum.Configuration (@OfNat.ofNat.{0} Nat (nat_lit 2) _)) Complex _ _ g)
  (hfg :
    @Filter.EventuallyEq.{0, 0} (TheoremT.Continuum.Configuration (@OfNat.ofNat.{0} Nat (nat_lit 2) _)) Complex
      (@MeasureTheory.ae.{0, 0} (TheoremT.Continuum.Configuration (@OfNat.ofNat.{0} Nat (nat_lit 2) _))
        (@MeasureTheory.Measure.{0} (TheoremT.Continuum.Configuration (@OfNat.ofNat.{0} Nat (nat_lit 2) _)) _) _ _
        (@MeasureTheory.MeasureSpace.volume.{0} (TheoremT.Continuum.Configuration (@OfNat.ofNat.{0} Nat (nat_lit 2) _))
          _))
      (@MeasureTheory.AEEqFun.cast.{0, 0} (TheoremT.Continuum.Configuration (@OfNat.ofNat.{0} Nat (nat_lit 2) _))
        Complex _
        (@MeasureTheory.MeasureSpace.volume.{0} (TheoremT.Continuum.Configuration (@OfNat.ofNat.{0} Nat (nat_lit 2) _))
          _)
        _
        (@Subtype.val.{1}
          (@MeasureTheory.AEEqFun.{0, 0} (TheoremT.Continuum.Configuration (@OfNat.ofNat.{0} Nat (nat_lit 2) _)) Complex
            _ _
            (@MeasureTheory.MeasureSpace.volume.{0}
              (TheoremT.Continuum.Configuration (@OfNat.ofNat.{0} Nat (nat_lit 2) _)) _))
          (fun
              (x :
                @MeasureTheory.AEEqFun.{0, 0} (TheoremT.Continuum.Configuration (@OfNat.ofNat.{0} Nat (nat_lit 2) _))
                  Complex _ _
                  (@MeasureTheory.MeasureSpace.volume.{0}
                    (TheoremT.Continuum.Configuration (@OfNat.ofNat.{0} Nat (nat_lit 2) _)) _)) =>
            @Membership.mem.{0, 0}
              (@MeasureTheory.AEEqFun.{0, 0} (TheoremT.Continuum.Configuration (@OfNat.ofNat.{0} Nat (nat_lit 2) _))
                Complex _ _
                (@MeasureTheory.MeasureSpace.volume.{0}
                  (TheoremT.Continuum.Configuration (@OfNat.ofNat.{0} Nat (nat_lit 2) _)) _))
              (@AddSubgroup.{0}
                (@MeasureTheory.AEEqFun.{0, 0} (TheoremT.Continuum.Configuration (@OfNat.ofNat.{0} Nat (nat_lit 2) _))
                  Complex _ _
                  (@MeasureTheory.MeasureSpace.volume.{0}
                    (TheoremT.Continuum.Configuration (@OfNat.ofNat.{0} Nat (nat_lit 2) _)) _))
                _)
              _
              (@MeasureTheory.Lp.{0, 0} (TheoremT.Continuum.Configuration (@OfNat.ofNat.{0} Nat (nat_lit 2) _)) Complex
                (@MeasureTheory.MeasureSpace.toMeasurableSpace.{0}
                  (TheoremT.Continuum.Configuration (@OfNat.ofNat.{0} Nat (nat_lit 2) _)) _)
                _ (@OfNat.ofNat.{0} ENNReal (nat_lit 2) _)
                (@MeasureTheory.MeasureSpace.volume.{0}
                  (TheoremT.Continuum.Configuration (@OfNat.ofNat.{0} Nat (nat_lit 2) _)) _))
              x)
          f))
      g)
  (q : TheoremT.Continuum.PairKSSpace)
  (hq :
    @Membership.mem.{0, 0} TheoremT.Continuum.PairKSSpace (Set.{0} TheoremT.Continuum.PairKSSpace) _
      TheoremT.Continuum.pairKSCoefficientPatch q)
  (hy :
    @Ne.{1} TheoremT.Continuum.KSSpace
      (@Prod.fst.{0, 0} TheoremT.Continuum.KSSpace
        (@TheoremT.Continuum.SpectatorConfiguration (@OfNat.ofNat.{0} Nat (nat_lit 2) _)
          (@OfNat.ofNat.{0} (Fin (@OfNat.ofNat.{0} Nat (nat_lit 2) _)) (nat_lit 0) _))
        q)
      (@OfNat.ofNat.{0} TheoremT.Continuum.KSSpace (nat_lit 0) _)),
  And
    (@ContDiffAt.{0, 0, 0} Real _ TheoremT.Continuum.PairKSSpace _ _ Complex _ _
      (@WithTop.some.{0} ENat (@Top.top.{0} ENat _))
      (@Function.comp.{1, 1, 1} TheoremT.Continuum.PairKSSpace
        (TheoremT.Continuum.Configuration (@OfNat.ofNat.{0} Nat (nat_lit 2) _)) Complex g TheoremT.Continuum.pairKSLift)
      q)
    (@Eq.{1} Complex
      (@TheoremT.Continuum.ksScaledPrincipal (@OfNat.ofNat.{0} Nat (nat_lit 2) _)
        (@OfNat.ofNat.{0} (Fin (@OfNat.ofNat.{0} Nat (nat_lit 2) _)) (nat_lit 0) _)
        (@OfNat.ofNat.{0} Real (nat_lit 1) _)
        (@Function.comp.{1, 1, 1}
          (@TheoremT.Continuum.NuclearKSSpace (@OfNat.ofNat.{0} Nat (nat_lit 2) _)
            (@OfNat.ofNat.{0} (Fin (@OfNat.ofNat.{0} Nat (nat_lit 2) _)) (nat_lit 0) _))
          (TheoremT.Continuum.Configuration (@OfNat.ofNat.{0} Nat (nat_lit 2) _)) Complex g
          TheoremT.Continuum.pairKSLift)
        q)
      (@HSMul.hSMul.{0, 0, 0} Real Complex Complex _ (TheoremT.Continuum.pairKSPotential Z E q)
        (@Function.comp.{1, 1, 1} TheoremT.Continuum.PairKSSpace
          (TheoremT.Continuum.Configuration (@OfNat.ofNat.{0} Nat (nat_lit 2) _)) Complex g
          TheoremT.Continuum.pairKSLift q)))
@TheoremT.Continuum.scalar_coulomb_pair_KS_classical_pullback : ∀ {Z E : Real}
  {f :
    @Subtype.{1}
      (@MeasureTheory.AEEqFun.{0, 0} (TheoremT.Continuum.Configuration (@OfNat.ofNat.{0} Nat (nat_lit 2) _)) Complex _ _
        (@MeasureTheory.MeasureSpace.volume.{0} (TheoremT.Continuum.Configuration (@OfNat.ofNat.{0} Nat (nat_lit 2) _))
          _))
      fun
        (x :
          @MeasureTheory.AEEqFun.{0, 0} (TheoremT.Continuum.Configuration (@OfNat.ofNat.{0} Nat (nat_lit 2) _)) Complex
            _ _
            (@MeasureTheory.MeasureSpace.volume.{0}
              (TheoremT.Continuum.Configuration (@OfNat.ofNat.{0} Nat (nat_lit 2) _)) _)) =>
      @Membership.mem.{0, 0}
        (@MeasureTheory.AEEqFun.{0, 0} (TheoremT.Continuum.Configuration (@OfNat.ofNat.{0} Nat (nat_lit 2) _)) Complex _
          _
          (@MeasureTheory.MeasureSpace.volume.{0}
            (TheoremT.Continuum.Configuration (@OfNat.ofNat.{0} Nat (nat_lit 2) _)) _))
        (@AddSubgroup.{0}
          (@MeasureTheory.AEEqFun.{0, 0} (TheoremT.Continuum.Configuration (@OfNat.ofNat.{0} Nat (nat_lit 2) _)) Complex
            _ _
            (@MeasureTheory.MeasureSpace.volume.{0}
              (TheoremT.Continuum.Configuration (@OfNat.ofNat.{0} Nat (nat_lit 2) _)) _))
          _)
        _ (TheoremT.Continuum.SpatialL2 (@OfNat.ofNat.{0} Nat (nat_lit 2) _)) x}
  (hgraph :
    TheoremT.Continuum.scalarHamiltonianGraph (@OfNat.ofNat.{0} Nat (nat_lit 2) _) Z f
      (@HSMul.hSMul.{0, 0, 0} Complex
        (@Subtype.{1}
          (@MeasureTheory.AEEqFun.{0, 0} (TheoremT.Continuum.Configuration (@OfNat.ofNat.{0} Nat (nat_lit 2) _)) Complex
            _ _
            (@MeasureTheory.MeasureSpace.volume.{0}
              (TheoremT.Continuum.Configuration (@OfNat.ofNat.{0} Nat (nat_lit 2) _)) _))
          fun
            (x :
              @MeasureTheory.AEEqFun.{0, 0} (TheoremT.Continuum.Configuration (@OfNat.ofNat.{0} Nat (nat_lit 2) _))
                Complex _ _
                (@MeasureTheory.MeasureSpace.volume.{0}
                  (TheoremT.Continuum.Configuration (@OfNat.ofNat.{0} Nat (nat_lit 2) _)) _)) =>
          @Membership.mem.{0, 0}
            (@MeasureTheory.AEEqFun.{0, 0} (TheoremT.Continuum.Configuration (@OfNat.ofNat.{0} Nat (nat_lit 2) _))
              Complex _ _
              (@MeasureTheory.MeasureSpace.volume.{0}
                (TheoremT.Continuum.Configuration (@OfNat.ofNat.{0} Nat (nat_lit 2) _)) _))
            (@AddSubgroup.{0}
              (@MeasureTheory.AEEqFun.{0, 0} (TheoremT.Continuum.Configuration (@OfNat.ofNat.{0} Nat (nat_lit 2) _))
                Complex _ _
                (@MeasureTheory.MeasureSpace.volume.{0}
                  (TheoremT.Continuum.Configuration (@OfNat.ofNat.{0} Nat (nat_lit 2) _)) _))
              _)
            _ (TheoremT.Continuum.SpatialL2 (@OfNat.ofNat.{0} Nat (nat_lit 2) _)) x)
        (@Subtype.{1}
          (@MeasureTheory.AEEqFun.{0, 0} (TheoremT.Continuum.Configuration (@OfNat.ofNat.{0} Nat (nat_lit 2) _)) Complex
            _ _
            (@MeasureTheory.MeasureSpace.volume.{0}
              (TheoremT.Continuum.Configuration (@OfNat.ofNat.{0} Nat (nat_lit 2) _)) _))
          fun
            (x :
              @MeasureTheory.AEEqFun.{0, 0} (TheoremT.Continuum.Configuration (@OfNat.ofNat.{0} Nat (nat_lit 2) _))
                Complex _ _
                (@MeasureTheory.MeasureSpace.volume.{0}
                  (TheoremT.Continuum.Configuration (@OfNat.ofNat.{0} Nat (nat_lit 2) _)) _)) =>
          @Membership.mem.{0, 0}
            (@MeasureTheory.AEEqFun.{0, 0} (TheoremT.Continuum.Configuration (@OfNat.ofNat.{0} Nat (nat_lit 2) _))
              Complex _ _
              (@MeasureTheory.MeasureSpace.volume.{0}
                (TheoremT.Continuum.Configuration (@OfNat.ofNat.{0} Nat (nat_lit 2) _)) _))
            (@AddSubgroup.{0}
              (@MeasureTheory.AEEqFun.{0, 0} (TheoremT.Continuum.Configuration (@OfNat.ofNat.{0} Nat (nat_lit 2) _))
                Complex _ _
                (@MeasureTheory.MeasureSpace.volume.{0}
                  (TheoremT.Continuum.Configuration (@OfNat.ofNat.{0} Nat (nat_lit 2) _)) _))
              _)
            _ (TheoremT.Continuum.SpatialL2 (@OfNat.ofNat.{0} Nat (nat_lit 2) _)) x)
        _ (Complex.ofReal E) f)),
  @Exists.{1} (TheoremT.Continuum.Configuration (@OfNat.ofNat.{0} Nat (nat_lit 2) _) → Complex)
    fun (g : TheoremT.Continuum.Configuration (@OfNat.ofNat.{0} Nat (nat_lit 2) _) → Complex) =>
    And (@LocallyLipschitz.{0, 0} (TheoremT.Continuum.Configuration (@OfNat.ofNat.{0} Nat (nat_lit 2) _)) Complex _ _ g)
      (And
        (@Filter.EventuallyEq.{0, 0} (TheoremT.Continuum.Configuration (@OfNat.ofNat.{0} Nat (nat_lit 2) _)) Complex
          (@MeasureTheory.ae.{0, 0} (TheoremT.Continuum.Configuration (@OfNat.ofNat.{0} Nat (nat_lit 2) _))
            (@MeasureTheory.Measure.{0} (TheoremT.Continuum.Configuration (@OfNat.ofNat.{0} Nat (nat_lit 2) _)) _) _ _
            (@MeasureTheory.MeasureSpace.volume.{0}
              (TheoremT.Continuum.Configuration (@OfNat.ofNat.{0} Nat (nat_lit 2) _)) _))
          (@MeasureTheory.AEEqFun.cast.{0, 0} (TheoremT.Continuum.Configuration (@OfNat.ofNat.{0} Nat (nat_lit 2) _))
            Complex _
            (@MeasureTheory.MeasureSpace.volume.{0}
              (TheoremT.Continuum.Configuration (@OfNat.ofNat.{0} Nat (nat_lit 2) _)) _)
            _
            (@Subtype.val.{1}
              (@MeasureTheory.AEEqFun.{0, 0} (TheoremT.Continuum.Configuration (@OfNat.ofNat.{0} Nat (nat_lit 2) _))
                Complex _ _
                (@MeasureTheory.MeasureSpace.volume.{0}
                  (TheoremT.Continuum.Configuration (@OfNat.ofNat.{0} Nat (nat_lit 2) _)) _))
              (fun
                  (x :
                    @MeasureTheory.AEEqFun.{0, 0}
                      (TheoremT.Continuum.Configuration (@OfNat.ofNat.{0} Nat (nat_lit 2) _)) Complex _ _
                      (@MeasureTheory.MeasureSpace.volume.{0}
                        (TheoremT.Continuum.Configuration (@OfNat.ofNat.{0} Nat (nat_lit 2) _)) _)) =>
                @Membership.mem.{0, 0}
                  (@MeasureTheory.AEEqFun.{0, 0} (TheoremT.Continuum.Configuration (@OfNat.ofNat.{0} Nat (nat_lit 2) _))
                    Complex _ _
                    (@MeasureTheory.MeasureSpace.volume.{0}
                      (TheoremT.Continuum.Configuration (@OfNat.ofNat.{0} Nat (nat_lit 2) _)) _))
                  (@AddSubgroup.{0}
                    (@MeasureTheory.AEEqFun.{0, 0}
                      (TheoremT.Continuum.Configuration (@OfNat.ofNat.{0} Nat (nat_lit 2) _)) Complex _ _
                      (@MeasureTheory.MeasureSpace.volume.{0}
                        (TheoremT.Continuum.Configuration (@OfNat.ofNat.{0} Nat (nat_lit 2) _)) _))
                    _)
                  _
                  (@MeasureTheory.Lp.{0, 0} (TheoremT.Continuum.Configuration (@OfNat.ofNat.{0} Nat (nat_lit 2) _))
                    Complex
                    (@MeasureTheory.MeasureSpace.toMeasurableSpace.{0}
                      (TheoremT.Continuum.Configuration (@OfNat.ofNat.{0} Nat (nat_lit 2) _)) _)
                    _ (@OfNat.ofNat.{0} ENNReal (nat_lit 2) _)
                    (@MeasureTheory.MeasureSpace.volume.{0}
                      (TheoremT.Continuum.Configuration (@OfNat.ofNat.{0} Nat (nat_lit 2) _)) _))
                  x)
              f))
          g)
        (And
          (@LocallyLipschitz.{0, 0} TheoremT.Continuum.PairKSSpace Complex _ _
            (@Function.comp.{1, 1, 1} TheoremT.Continuum.PairKSSpace
              (TheoremT.Continuum.Configuration (@OfNat.ofNat.{0} Nat (nat_lit 2) _)) Complex g
              TheoremT.Continuum.pairKSLift))
          (∀ (q : TheoremT.Continuum.PairKSSpace),
            @Membership.mem.{0, 0} TheoremT.Continuum.PairKSSpace (Set.{0} TheoremT.Continuum.PairKSSpace) _
                TheoremT.Continuum.pairKSCoefficientPatch q →
              @Ne.{1} TheoremT.Continuum.KSSpace
                  (@Prod.fst.{0, 0} TheoremT.Continuum.KSSpace
                    (@TheoremT.Continuum.SpectatorConfiguration (@OfNat.ofNat.{0} Nat (nat_lit 2) _)
                      (@OfNat.ofNat.{0} (Fin (@OfNat.ofNat.{0} Nat (nat_lit 2) _)) (nat_lit 0) _))
                    q)
                  (@OfNat.ofNat.{0} TheoremT.Continuum.KSSpace (nat_lit 0) _) →
                And
                  (@ContDiffAt.{0, 0, 0} Real _ TheoremT.Continuum.PairKSSpace _ _ Complex _ _
                    (@WithTop.some.{0} ENat (@Top.top.{0} ENat _))
                    (@Function.comp.{1, 1, 1} TheoremT.Continuum.PairKSSpace
                      (TheoremT.Continuum.Configuration (@OfNat.ofNat.{0} Nat (nat_lit 2) _)) Complex g
                      TheoremT.Continuum.pairKSLift)
                    q)
                  (@Eq.{1} Complex
                    (@TheoremT.Continuum.ksScaledPrincipal (@OfNat.ofNat.{0} Nat (nat_lit 2) _)
                      (@OfNat.ofNat.{0} (Fin (@OfNat.ofNat.{0} Nat (nat_lit 2) _)) (nat_lit 0) _)
                      (@OfNat.ofNat.{0} Real (nat_lit 1) _)
                      (@Function.comp.{1, 1, 1}
                        (@TheoremT.Continuum.NuclearKSSpace (@OfNat.ofNat.{0} Nat (nat_lit 2) _)
                          (@OfNat.ofNat.{0} (Fin (@OfNat.ofNat.{0} Nat (nat_lit 2) _)) (nat_lit 0) _))
                        (TheoremT.Continuum.Configuration (@OfNat.ofNat.{0} Nat (nat_lit 2) _)) Complex g
                        TheoremT.Continuum.pairKSLift)
                      q)
                    (@HSMul.hSMul.{0, 0, 0} Real Complex Complex _ (TheoremT.Continuum.pairKSPotential Z E q)
                      (@Function.comp.{1, 1, 1} TheoremT.Continuum.PairKSSpace
                        (TheoremT.Continuum.Configuration (@OfNat.ofNat.{0} Nat (nat_lit 2) _)) Complex g
                        TheoremT.Continuum.pairKSLift q))))))
@TheoremT.Continuum.scalar_coulomb_pair_KS_off_zero_weak : ∀ {Z E : Real}
  {f :
    @Subtype.{1}
      (@MeasureTheory.AEEqFun.{0, 0} (TheoremT.Continuum.Configuration (@OfNat.ofNat.{0} Nat (nat_lit 2) _)) Complex _ _
        (@MeasureTheory.MeasureSpace.volume.{0} (TheoremT.Continuum.Configuration (@OfNat.ofNat.{0} Nat (nat_lit 2) _))
          _))
      fun
        (x :
          @MeasureTheory.AEEqFun.{0, 0} (TheoremT.Continuum.Configuration (@OfNat.ofNat.{0} Nat (nat_lit 2) _)) Complex
            _ _
            (@MeasureTheory.MeasureSpace.volume.{0}
              (TheoremT.Continuum.Configuration (@OfNat.ofNat.{0} Nat (nat_lit 2) _)) _)) =>
      @Membership.mem.{0, 0}
        (@MeasureTheory.AEEqFun.{0, 0} (TheoremT.Continuum.Configuration (@OfNat.ofNat.{0} Nat (nat_lit 2) _)) Complex _
          _
          (@MeasureTheory.MeasureSpace.volume.{0}
            (TheoremT.Continuum.Configuration (@OfNat.ofNat.{0} Nat (nat_lit 2) _)) _))
        (@AddSubgroup.{0}
          (@MeasureTheory.AEEqFun.{0, 0} (TheoremT.Continuum.Configuration (@OfNat.ofNat.{0} Nat (nat_lit 2) _)) Complex
            _ _
            (@MeasureTheory.MeasureSpace.volume.{0}
              (TheoremT.Continuum.Configuration (@OfNat.ofNat.{0} Nat (nat_lit 2) _)) _))
          _)
        _ (TheoremT.Continuum.SpatialL2 (@OfNat.ofNat.{0} Nat (nat_lit 2) _)) x}
  (hgraph :
    TheoremT.Continuum.scalarHamiltonianGraph (@OfNat.ofNat.{0} Nat (nat_lit 2) _) Z f
      (@HSMul.hSMul.{0, 0, 0} Complex
        (@Subtype.{1}
          (@MeasureTheory.AEEqFun.{0, 0} (TheoremT.Continuum.Configuration (@OfNat.ofNat.{0} Nat (nat_lit 2) _)) Complex
            _ _
            (@MeasureTheory.MeasureSpace.volume.{0}
              (TheoremT.Continuum.Configuration (@OfNat.ofNat.{0} Nat (nat_lit 2) _)) _))
          fun
            (x :
              @MeasureTheory.AEEqFun.{0, 0} (TheoremT.Continuum.Configuration (@OfNat.ofNat.{0} Nat (nat_lit 2) _))
                Complex _ _
                (@MeasureTheory.MeasureSpace.volume.{0}
                  (TheoremT.Continuum.Configuration (@OfNat.ofNat.{0} Nat (nat_lit 2) _)) _)) =>
          @Membership.mem.{0, 0}
            (@MeasureTheory.AEEqFun.{0, 0} (TheoremT.Continuum.Configuration (@OfNat.ofNat.{0} Nat (nat_lit 2) _))
              Complex _ _
              (@MeasureTheory.MeasureSpace.volume.{0}
                (TheoremT.Continuum.Configuration (@OfNat.ofNat.{0} Nat (nat_lit 2) _)) _))
            (@AddSubgroup.{0}
              (@MeasureTheory.AEEqFun.{0, 0} (TheoremT.Continuum.Configuration (@OfNat.ofNat.{0} Nat (nat_lit 2) _))
                Complex _ _
                (@MeasureTheory.MeasureSpace.volume.{0}
                  (TheoremT.Continuum.Configuration (@OfNat.ofNat.{0} Nat (nat_lit 2) _)) _))
              _)
            _ (TheoremT.Continuum.SpatialL2 (@OfNat.ofNat.{0} Nat (nat_lit 2) _)) x)
        (@Subtype.{1}
          (@MeasureTheory.AEEqFun.{0, 0} (TheoremT.Continuum.Configuration (@OfNat.ofNat.{0} Nat (nat_lit 2) _)) Complex
            _ _
            (@MeasureTheory.MeasureSpace.volume.{0}
              (TheoremT.Continuum.Configuration (@OfNat.ofNat.{0} Nat (nat_lit 2) _)) _))
          fun
            (x :
              @MeasureTheory.AEEqFun.{0, 0} (TheoremT.Continuum.Configuration (@OfNat.ofNat.{0} Nat (nat_lit 2) _))
                Complex _ _
                (@MeasureTheory.MeasureSpace.volume.{0}
                  (TheoremT.Continuum.Configuration (@OfNat.ofNat.{0} Nat (nat_lit 2) _)) _)) =>
          @Membership.mem.{0, 0}
            (@MeasureTheory.AEEqFun.{0, 0} (TheoremT.Continuum.Configuration (@OfNat.ofNat.{0} Nat (nat_lit 2) _))
              Complex _ _
              (@MeasureTheory.MeasureSpace.volume.{0}
                (TheoremT.Continuum.Configuration (@OfNat.ofNat.{0} Nat (nat_lit 2) _)) _))
            (@AddSubgroup.{0}
              (@MeasureTheory.AEEqFun.{0, 0} (TheoremT.Continuum.Configuration (@OfNat.ofNat.{0} Nat (nat_lit 2) _))
                Complex _ _
                (@MeasureTheory.MeasureSpace.volume.{0}
                  (TheoremT.Continuum.Configuration (@OfNat.ofNat.{0} Nat (nat_lit 2) _)) _))
              _)
            _ (TheoremT.Continuum.SpatialL2 (@OfNat.ofNat.{0} Nat (nat_lit 2) _)) x)
        _ (Complex.ofReal E) f))
  {g : TheoremT.Continuum.Configuration (@OfNat.ofNat.{0} Nat (nat_lit 2) _) → Complex}
  (hg : @Continuous.{0, 0} (TheoremT.Continuum.Configuration (@OfNat.ofNat.{0} Nat (nat_lit 2) _)) Complex _ _ g)
  (hfg :
    @Filter.EventuallyEq.{0, 0} (TheoremT.Continuum.Configuration (@OfNat.ofNat.{0} Nat (nat_lit 2) _)) Complex
      (@MeasureTheory.ae.{0, 0} (TheoremT.Continuum.Configuration (@OfNat.ofNat.{0} Nat (nat_lit 2) _))
        (@MeasureTheory.Measure.{0} (TheoremT.Continuum.Configuration (@OfNat.ofNat.{0} Nat (nat_lit 2) _)) _) _ _
        (@MeasureTheory.MeasureSpace.volume.{0} (TheoremT.Continuum.Configuration (@OfNat.ofNat.{0} Nat (nat_lit 2) _))
          _))
      (@MeasureTheory.AEEqFun.cast.{0, 0} (TheoremT.Continuum.Configuration (@OfNat.ofNat.{0} Nat (nat_lit 2) _))
        Complex _
        (@MeasureTheory.MeasureSpace.volume.{0} (TheoremT.Continuum.Configuration (@OfNat.ofNat.{0} Nat (nat_lit 2) _))
          _)
        _
        (@Subtype.val.{1}
          (@MeasureTheory.AEEqFun.{0, 0} (TheoremT.Continuum.Configuration (@OfNat.ofNat.{0} Nat (nat_lit 2) _)) Complex
            _ _
            (@MeasureTheory.MeasureSpace.volume.{0}
              (TheoremT.Continuum.Configuration (@OfNat.ofNat.{0} Nat (nat_lit 2) _)) _))
          (fun
              (x :
                @MeasureTheory.AEEqFun.{0, 0} (TheoremT.Continuum.Configuration (@OfNat.ofNat.{0} Nat (nat_lit 2) _))
                  Complex _ _
                  (@MeasureTheory.MeasureSpace.volume.{0}
                    (TheoremT.Continuum.Configuration (@OfNat.ofNat.{0} Nat (nat_lit 2) _)) _)) =>
            @Membership.mem.{0, 0}
              (@MeasureTheory.AEEqFun.{0, 0} (TheoremT.Continuum.Configuration (@OfNat.ofNat.{0} Nat (nat_lit 2) _))
                Complex _ _
                (@MeasureTheory.MeasureSpace.volume.{0}
                  (TheoremT.Continuum.Configuration (@OfNat.ofNat.{0} Nat (nat_lit 2) _)) _))
              (@AddSubgroup.{0}
                (@MeasureTheory.AEEqFun.{0, 0} (TheoremT.Continuum.Configuration (@OfNat.ofNat.{0} Nat (nat_lit 2) _))
                  Complex _ _
                  (@MeasureTheory.MeasureSpace.volume.{0}
                    (TheoremT.Continuum.Configuration (@OfNat.ofNat.{0} Nat (nat_lit 2) _)) _))
                _)
              _
              (@MeasureTheory.Lp.{0, 0} (TheoremT.Continuum.Configuration (@OfNat.ofNat.{0} Nat (nat_lit 2) _)) Complex
                (@MeasureTheory.MeasureSpace.toMeasurableSpace.{0}
                  (TheoremT.Continuum.Configuration (@OfNat.ofNat.{0} Nat (nat_lit 2) _)) _)
                _ (@OfNat.ofNat.{0} ENNReal (nat_lit 2) _)
                (@MeasureTheory.MeasureSpace.volume.{0}
                  (TheoremT.Continuum.Configuration (@OfNat.ofNat.{0} Nat (nat_lit 2) _)) _))
              x)
          f))
      g)
  {φ : TheoremT.Continuum.PairKSSpace → Real}
  (hφ :
    @ContDiff.{0, 0, 0} Real _ TheoremT.Continuum.PairKSSpace _ _ Real _ _
      (@WithTop.some.{0} ENat (@Top.top.{0} ENat _)) φ)
  (hc : @HasCompactSupport.{0, 0} TheoremT.Continuum.PairKSSpace Real _ _ φ)
  (hs :
    @LE.le.{0} (Set.{0} TheoremT.Continuum.PairKSSpace) _ (@tsupport.{0, 0} TheoremT.Continuum.PairKSSpace Real _ _ φ)
      (@SDiff.sdiff.{0} (Set.{0} TheoremT.Continuum.PairKSSpace) _ TheoremT.Continuum.pairKSCoefficientPatch
        (@Set.ofPred.{0} TheoremT.Continuum.PairKSSpace fun (q : TheoremT.Continuum.PairKSSpace) =>
          @Eq.{1} TheoremT.Continuum.KSSpace
            (@Prod.fst.{0, 0} TheoremT.Continuum.KSSpace
              (@TheoremT.Continuum.SpectatorConfiguration (@OfNat.ofNat.{0} Nat (nat_lit 2) _)
                (@OfNat.ofNat.{0} (Fin (@OfNat.ofNat.{0} Nat (nat_lit 2) _)) (nat_lit 0) _))
              q)
            (@OfNat.ofNat.{0} TheoremT.Continuum.KSSpace (nat_lit 0) _)))),
  And
    (@MeasureTheory.Integrable.{0, 0} Complex _ _
      (Prod.{0, 0} TheoremT.Continuum.KSSpace
        (@TheoremT.Continuum.SpectatorConfiguration (@OfNat.ofNat.{0} Nat (nat_lit 2) _)
          (@OfNat.ofNat.{0} (Fin (@OfNat.ofNat.{0} Nat (nat_lit 2) _)) (nat_lit 0) _)))
      (@MeasureTheory.MeasureSpace.toMeasurableSpace.{0}
        (Prod.{0, 0} TheoremT.Continuum.KSSpace
          (@TheoremT.Continuum.SpectatorConfiguration (@OfNat.ofNat.{0} Nat (nat_lit 2) _)
            (@OfNat.ofNat.{0} (Fin (@OfNat.ofNat.{0} Nat (nat_lit 2) _)) (nat_lit 0) _)))
        _)
      (fun
          (q :
            Prod.{0, 0} TheoremT.Continuum.KSSpace
              (@TheoremT.Continuum.SpectatorConfiguration (@OfNat.ofNat.{0} Nat (nat_lit 2) _)
                (@OfNat.ofNat.{0} (Fin (@OfNat.ofNat.{0} Nat (nat_lit 2) _)) (nat_lit 0) _))) =>
        @HMul.hMul.{0, 0, 0} Complex Complex Complex _
          (Complex.ofReal
            (@TheoremT.Continuum.splitGrushin.{0, 0}
              (@TheoremT.Continuum.SpectatorConfiguration (@OfNat.ofNat.{0} Nat (nat_lit 2) _)
                (@OfNat.ofNat.{0} (Fin (@OfNat.ofNat.{0} Nat (nat_lit 2) _)) (nat_lit 0) _))
              _ _
              (@TheoremT.Continuum.SpectatorCoordinate (@OfNat.ofNat.{0} Nat (nat_lit 2) _)
                (@OfNat.ofNat.{0} (Fin (@OfNat.ofNat.{0} Nat (nat_lit 2) _)) (nat_lit 0) _))
              _ (@OfNat.ofNat.{0} Real (nat_lit 1) _)
              (@TheoremT.Continuum.spectatorBasis (@OfNat.ofNat.{0} Nat (nat_lit 2) _)
                (@OfNat.ofNat.{0} (Fin (@OfNat.ofNat.{0} Nat (nat_lit 2) _)) (nat_lit 0) _))
              (TheoremT.Continuum.pairKSPotential Z E) φ q))
          (@Function.comp.{1, 1, 1} TheoremT.Continuum.PairKSSpace
            (TheoremT.Continuum.Configuration (@OfNat.ofNat.{0} Nat (nat_lit 2) _)) Complex g
            TheoremT.Continuum.pairKSLift q))
      (@MeasureTheory.MeasureSpace.volume.{0}
        (Prod.{0, 0} TheoremT.Continuum.KSSpace
          (@TheoremT.Continuum.SpectatorConfiguration (@OfNat.ofNat.{0} Nat (nat_lit 2) _)
            (@OfNat.ofNat.{0} (Fin (@OfNat.ofNat.{0} Nat (nat_lit 2) _)) (nat_lit 0) _)))
        _))
    (@Eq.{1} Complex
      (@MeasureTheory.integral.{0, 0}
        (Prod.{0, 0} TheoremT.Continuum.KSSpace
          (@TheoremT.Continuum.SpectatorConfiguration (@OfNat.ofNat.{0} Nat (nat_lit 2) _)
            (@OfNat.ofNat.{0} (Fin (@OfNat.ofNat.{0} Nat (nat_lit 2) _)) (nat_lit 0) _)))
        Complex _ _
        (@MeasureTheory.MeasureSpace.toMeasurableSpace.{0}
          (Prod.{0, 0} TheoremT.Continuum.KSSpace
            (@TheoremT.Continuum.SpectatorConfiguration (@OfNat.ofNat.{0} Nat (nat_lit 2) _)
              (@OfNat.ofNat.{0} (Fin (@OfNat.ofNat.{0} Nat (nat_lit 2) _)) (nat_lit 0) _)))
          _)
        (@MeasureTheory.MeasureSpace.volume.{0}
          (Prod.{0, 0} TheoremT.Continuum.KSSpace
            (@TheoremT.Continuum.SpectatorConfiguration (@OfNat.ofNat.{0} Nat (nat_lit 2) _)
              (@OfNat.ofNat.{0} (Fin (@OfNat.ofNat.{0} Nat (nat_lit 2) _)) (nat_lit 0) _)))
          _)
        fun
          (q :
            Prod.{0, 0} TheoremT.Continuum.KSSpace
              (@TheoremT.Continuum.SpectatorConfiguration (@OfNat.ofNat.{0} Nat (nat_lit 2) _)
                (@OfNat.ofNat.{0} (Fin (@OfNat.ofNat.{0} Nat (nat_lit 2) _)) (nat_lit 0) _))) =>
        @HMul.hMul.{0, 0, 0} Complex Complex Complex _
          (Complex.ofReal
            (@TheoremT.Continuum.splitGrushin.{0, 0}
              (@TheoremT.Continuum.SpectatorConfiguration (@OfNat.ofNat.{0} Nat (nat_lit 2) _)
                (@OfNat.ofNat.{0} (Fin (@OfNat.ofNat.{0} Nat (nat_lit 2) _)) (nat_lit 0) _))
              _ _
              (@TheoremT.Continuum.SpectatorCoordinate (@OfNat.ofNat.{0} Nat (nat_lit 2) _)
                (@OfNat.ofNat.{0} (Fin (@OfNat.ofNat.{0} Nat (nat_lit 2) _)) (nat_lit 0) _))
              _ (@OfNat.ofNat.{0} Real (nat_lit 1) _)
              (@TheoremT.Continuum.spectatorBasis (@OfNat.ofNat.{0} Nat (nat_lit 2) _)
                (@OfNat.ofNat.{0} (Fin (@OfNat.ofNat.{0} Nat (nat_lit 2) _)) (nat_lit 0) _))
              (TheoremT.Continuum.pairKSPotential Z E) φ q))
          (@Function.comp.{1, 1, 1} TheoremT.Continuum.PairKSSpace
            (TheoremT.Continuum.Configuration (@OfNat.ofNat.{0} Nat (nat_lit 2) _)) Complex g
            TheoremT.Continuum.pairKSLift q))
      (@OfNat.ofNat.{0} Complex (nat_lit 0) _))
@TheoremT.Continuum.scalar_coulomb_pair_KS_weak : ∀ {Z E : Real}
  {f :
    @Subtype.{1}
      (@MeasureTheory.AEEqFun.{0, 0} (TheoremT.Continuum.Configuration (@OfNat.ofNat.{0} Nat (nat_lit 2) _)) Complex _ _
        (@MeasureTheory.MeasureSpace.volume.{0} (TheoremT.Continuum.Configuration (@OfNat.ofNat.{0} Nat (nat_lit 2) _))
          _))
      fun
        (x :
          @MeasureTheory.AEEqFun.{0, 0} (TheoremT.Continuum.Configuration (@OfNat.ofNat.{0} Nat (nat_lit 2) _)) Complex
            _ _
            (@MeasureTheory.MeasureSpace.volume.{0}
              (TheoremT.Continuum.Configuration (@OfNat.ofNat.{0} Nat (nat_lit 2) _)) _)) =>
      @Membership.mem.{0, 0}
        (@MeasureTheory.AEEqFun.{0, 0} (TheoremT.Continuum.Configuration (@OfNat.ofNat.{0} Nat (nat_lit 2) _)) Complex _
          _
          (@MeasureTheory.MeasureSpace.volume.{0}
            (TheoremT.Continuum.Configuration (@OfNat.ofNat.{0} Nat (nat_lit 2) _)) _))
        (@AddSubgroup.{0}
          (@MeasureTheory.AEEqFun.{0, 0} (TheoremT.Continuum.Configuration (@OfNat.ofNat.{0} Nat (nat_lit 2) _)) Complex
            _ _
            (@MeasureTheory.MeasureSpace.volume.{0}
              (TheoremT.Continuum.Configuration (@OfNat.ofNat.{0} Nat (nat_lit 2) _)) _))
          _)
        _ (TheoremT.Continuum.SpatialL2 (@OfNat.ofNat.{0} Nat (nat_lit 2) _)) x}
  (hgraph :
    TheoremT.Continuum.scalarHamiltonianGraph (@OfNat.ofNat.{0} Nat (nat_lit 2) _) Z f
      (@HSMul.hSMul.{0, 0, 0} Complex
        (@Subtype.{1}
          (@MeasureTheory.AEEqFun.{0, 0} (TheoremT.Continuum.Configuration (@OfNat.ofNat.{0} Nat (nat_lit 2) _)) Complex
            _ _
            (@MeasureTheory.MeasureSpace.volume.{0}
              (TheoremT.Continuum.Configuration (@OfNat.ofNat.{0} Nat (nat_lit 2) _)) _))
          fun
            (x :
              @MeasureTheory.AEEqFun.{0, 0} (TheoremT.Continuum.Configuration (@OfNat.ofNat.{0} Nat (nat_lit 2) _))
                Complex _ _
                (@MeasureTheory.MeasureSpace.volume.{0}
                  (TheoremT.Continuum.Configuration (@OfNat.ofNat.{0} Nat (nat_lit 2) _)) _)) =>
          @Membership.mem.{0, 0}
            (@MeasureTheory.AEEqFun.{0, 0} (TheoremT.Continuum.Configuration (@OfNat.ofNat.{0} Nat (nat_lit 2) _))
              Complex _ _
              (@MeasureTheory.MeasureSpace.volume.{0}
                (TheoremT.Continuum.Configuration (@OfNat.ofNat.{0} Nat (nat_lit 2) _)) _))
            (@AddSubgroup.{0}
              (@MeasureTheory.AEEqFun.{0, 0} (TheoremT.Continuum.Configuration (@OfNat.ofNat.{0} Nat (nat_lit 2) _))
                Complex _ _
                (@MeasureTheory.MeasureSpace.volume.{0}
                  (TheoremT.Continuum.Configuration (@OfNat.ofNat.{0} Nat (nat_lit 2) _)) _))
              _)
            _ (TheoremT.Continuum.SpatialL2 (@OfNat.ofNat.{0} Nat (nat_lit 2) _)) x)
        (@Subtype.{1}
          (@MeasureTheory.AEEqFun.{0, 0} (TheoremT.Continuum.Configuration (@OfNat.ofNat.{0} Nat (nat_lit 2) _)) Complex
            _ _
            (@MeasureTheory.MeasureSpace.volume.{0}
              (TheoremT.Continuum.Configuration (@OfNat.ofNat.{0} Nat (nat_lit 2) _)) _))
          fun
            (x :
              @MeasureTheory.AEEqFun.{0, 0} (TheoremT.Continuum.Configuration (@OfNat.ofNat.{0} Nat (nat_lit 2) _))
                Complex _ _
                (@MeasureTheory.MeasureSpace.volume.{0}
                  (TheoremT.Continuum.Configuration (@OfNat.ofNat.{0} Nat (nat_lit 2) _)) _)) =>
          @Membership.mem.{0, 0}
            (@MeasureTheory.AEEqFun.{0, 0} (TheoremT.Continuum.Configuration (@OfNat.ofNat.{0} Nat (nat_lit 2) _))
              Complex _ _
              (@MeasureTheory.MeasureSpace.volume.{0}
                (TheoremT.Continuum.Configuration (@OfNat.ofNat.{0} Nat (nat_lit 2) _)) _))
            (@AddSubgroup.{0}
              (@MeasureTheory.AEEqFun.{0, 0} (TheoremT.Continuum.Configuration (@OfNat.ofNat.{0} Nat (nat_lit 2) _))
                Complex _ _
                (@MeasureTheory.MeasureSpace.volume.{0}
                  (TheoremT.Continuum.Configuration (@OfNat.ofNat.{0} Nat (nat_lit 2) _)) _))
              _)
            _ (TheoremT.Continuum.SpatialL2 (@OfNat.ofNat.{0} Nat (nat_lit 2) _)) x)
        _ (Complex.ofReal E) f))
  {g : TheoremT.Continuum.Configuration (@OfNat.ofNat.{0} Nat (nat_lit 2) _) → Complex}
  (hg : @Continuous.{0, 0} (TheoremT.Continuum.Configuration (@OfNat.ofNat.{0} Nat (nat_lit 2) _)) Complex _ _ g)
  (hfg :
    @Filter.EventuallyEq.{0, 0} (TheoremT.Continuum.Configuration (@OfNat.ofNat.{0} Nat (nat_lit 2) _)) Complex
      (@MeasureTheory.ae.{0, 0} (TheoremT.Continuum.Configuration (@OfNat.ofNat.{0} Nat (nat_lit 2) _))
        (@MeasureTheory.Measure.{0} (TheoremT.Continuum.Configuration (@OfNat.ofNat.{0} Nat (nat_lit 2) _)) _) _ _
        (@MeasureTheory.MeasureSpace.volume.{0} (TheoremT.Continuum.Configuration (@OfNat.ofNat.{0} Nat (nat_lit 2) _))
          _))
      (@MeasureTheory.AEEqFun.cast.{0, 0} (TheoremT.Continuum.Configuration (@OfNat.ofNat.{0} Nat (nat_lit 2) _))
        Complex _
        (@MeasureTheory.MeasureSpace.volume.{0} (TheoremT.Continuum.Configuration (@OfNat.ofNat.{0} Nat (nat_lit 2) _))
          _)
        _
        (@Subtype.val.{1}
          (@MeasureTheory.AEEqFun.{0, 0} (TheoremT.Continuum.Configuration (@OfNat.ofNat.{0} Nat (nat_lit 2) _)) Complex
            _ _
            (@MeasureTheory.MeasureSpace.volume.{0}
              (TheoremT.Continuum.Configuration (@OfNat.ofNat.{0} Nat (nat_lit 2) _)) _))
          (fun
              (x :
                @MeasureTheory.AEEqFun.{0, 0} (TheoremT.Continuum.Configuration (@OfNat.ofNat.{0} Nat (nat_lit 2) _))
                  Complex _ _
                  (@MeasureTheory.MeasureSpace.volume.{0}
                    (TheoremT.Continuum.Configuration (@OfNat.ofNat.{0} Nat (nat_lit 2) _)) _)) =>
            @Membership.mem.{0, 0}
              (@MeasureTheory.AEEqFun.{0, 0} (TheoremT.Continuum.Configuration (@OfNat.ofNat.{0} Nat (nat_lit 2) _))
                Complex _ _
                (@MeasureTheory.MeasureSpace.volume.{0}
                  (TheoremT.Continuum.Configuration (@OfNat.ofNat.{0} Nat (nat_lit 2) _)) _))
              (@AddSubgroup.{0}
                (@MeasureTheory.AEEqFun.{0, 0} (TheoremT.Continuum.Configuration (@OfNat.ofNat.{0} Nat (nat_lit 2) _))
                  Complex _ _
                  (@MeasureTheory.MeasureSpace.volume.{0}
                    (TheoremT.Continuum.Configuration (@OfNat.ofNat.{0} Nat (nat_lit 2) _)) _))
                _)
              _
              (@MeasureTheory.Lp.{0, 0} (TheoremT.Continuum.Configuration (@OfNat.ofNat.{0} Nat (nat_lit 2) _)) Complex
                (@MeasureTheory.MeasureSpace.toMeasurableSpace.{0}
                  (TheoremT.Continuum.Configuration (@OfNat.ofNat.{0} Nat (nat_lit 2) _)) _)
                _ (@OfNat.ofNat.{0} ENNReal (nat_lit 2) _)
                (@MeasureTheory.MeasureSpace.volume.{0}
                  (TheoremT.Continuum.Configuration (@OfNat.ofNat.{0} Nat (nat_lit 2) _)) _))
              x)
          f))
      g)
  {φ : TheoremT.Continuum.PairKSSpace → Real}
  (hφ :
    @ContDiff.{0, 0, 0} Real _ TheoremT.Continuum.PairKSSpace _ _ Real _ _
      (@WithTop.some.{0} ENat (@Top.top.{0} ENat _)) φ)
  (hc : @HasCompactSupport.{0, 0} TheoremT.Continuum.PairKSSpace Real _ _ φ)
  (hs :
    @LE.le.{0} (Set.{0} TheoremT.Continuum.PairKSSpace) _ (@tsupport.{0, 0} TheoremT.Continuum.PairKSSpace Real _ _ φ)
      TheoremT.Continuum.pairKSCoefficientPatch),
  And
    (@MeasureTheory.Integrable.{0, 0} Complex _ _
      (Prod.{0, 0} TheoremT.Continuum.KSSpace
        (@TheoremT.Continuum.SpectatorConfiguration (@OfNat.ofNat.{0} Nat (nat_lit 2) _)
          (@OfNat.ofNat.{0} (Fin (@OfNat.ofNat.{0} Nat (nat_lit 2) _)) (nat_lit 0) _)))
      (@MeasureTheory.MeasureSpace.toMeasurableSpace.{0}
        (Prod.{0, 0} TheoremT.Continuum.KSSpace
          (@TheoremT.Continuum.SpectatorConfiguration (@OfNat.ofNat.{0} Nat (nat_lit 2) _)
            (@OfNat.ofNat.{0} (Fin (@OfNat.ofNat.{0} Nat (nat_lit 2) _)) (nat_lit 0) _)))
        _)
      (fun
          (q :
            Prod.{0, 0} TheoremT.Continuum.KSSpace
              (@TheoremT.Continuum.SpectatorConfiguration (@OfNat.ofNat.{0} Nat (nat_lit 2) _)
                (@OfNat.ofNat.{0} (Fin (@OfNat.ofNat.{0} Nat (nat_lit 2) _)) (nat_lit 0) _))) =>
        @HMul.hMul.{0, 0, 0} Complex Complex Complex _
          (Complex.ofReal
            (@TheoremT.Continuum.splitGrushin.{0, 0}
              (@TheoremT.Continuum.SpectatorConfiguration (@OfNat.ofNat.{0} Nat (nat_lit 2) _)
                (@OfNat.ofNat.{0} (Fin (@OfNat.ofNat.{0} Nat (nat_lit 2) _)) (nat_lit 0) _))
              _ _
              (@TheoremT.Continuum.SpectatorCoordinate (@OfNat.ofNat.{0} Nat (nat_lit 2) _)
                (@OfNat.ofNat.{0} (Fin (@OfNat.ofNat.{0} Nat (nat_lit 2) _)) (nat_lit 0) _))
              _ (@OfNat.ofNat.{0} Real (nat_lit 1) _)
              (@TheoremT.Continuum.spectatorBasis (@OfNat.ofNat.{0} Nat (nat_lit 2) _)
                (@OfNat.ofNat.{0} (Fin (@OfNat.ofNat.{0} Nat (nat_lit 2) _)) (nat_lit 0) _))
              (TheoremT.Continuum.pairKSPotential Z E) φ q))
          (@Function.comp.{1, 1, 1} TheoremT.Continuum.PairKSSpace
            (TheoremT.Continuum.Configuration (@OfNat.ofNat.{0} Nat (nat_lit 2) _)) Complex g
            TheoremT.Continuum.pairKSLift q))
      (@MeasureTheory.MeasureSpace.volume.{0}
        (Prod.{0, 0} TheoremT.Continuum.KSSpace
          (@TheoremT.Continuum.SpectatorConfiguration (@OfNat.ofNat.{0} Nat (nat_lit 2) _)
            (@OfNat.ofNat.{0} (Fin (@OfNat.ofNat.{0} Nat (nat_lit 2) _)) (nat_lit 0) _)))
        _))
    (@Eq.{1} Complex
      (@MeasureTheory.integral.{0, 0}
        (Prod.{0, 0} TheoremT.Continuum.KSSpace
          (@TheoremT.Continuum.SpectatorConfiguration (@OfNat.ofNat.{0} Nat (nat_lit 2) _)
            (@OfNat.ofNat.{0} (Fin (@OfNat.ofNat.{0} Nat (nat_lit 2) _)) (nat_lit 0) _)))
        Complex _ _
        (@MeasureTheory.MeasureSpace.toMeasurableSpace.{0}
          (Prod.{0, 0} TheoremT.Continuum.KSSpace
            (@TheoremT.Continuum.SpectatorConfiguration (@OfNat.ofNat.{0} Nat (nat_lit 2) _)
              (@OfNat.ofNat.{0} (Fin (@OfNat.ofNat.{0} Nat (nat_lit 2) _)) (nat_lit 0) _)))
          _)
        (@MeasureTheory.MeasureSpace.volume.{0}
          (Prod.{0, 0} TheoremT.Continuum.KSSpace
            (@TheoremT.Continuum.SpectatorConfiguration (@OfNat.ofNat.{0} Nat (nat_lit 2) _)
              (@OfNat.ofNat.{0} (Fin (@OfNat.ofNat.{0} Nat (nat_lit 2) _)) (nat_lit 0) _)))
          _)
        fun
          (q :
            Prod.{0, 0} TheoremT.Continuum.KSSpace
              (@TheoremT.Continuum.SpectatorConfiguration (@OfNat.ofNat.{0} Nat (nat_lit 2) _)
                (@OfNat.ofNat.{0} (Fin (@OfNat.ofNat.{0} Nat (nat_lit 2) _)) (nat_lit 0) _))) =>
        @HMul.hMul.{0, 0, 0} Complex Complex Complex _
          (Complex.ofReal
            (@TheoremT.Continuum.splitGrushin.{0, 0}
              (@TheoremT.Continuum.SpectatorConfiguration (@OfNat.ofNat.{0} Nat (nat_lit 2) _)
                (@OfNat.ofNat.{0} (Fin (@OfNat.ofNat.{0} Nat (nat_lit 2) _)) (nat_lit 0) _))
              _ _
              (@TheoremT.Continuum.SpectatorCoordinate (@OfNat.ofNat.{0} Nat (nat_lit 2) _)
                (@OfNat.ofNat.{0} (Fin (@OfNat.ofNat.{0} Nat (nat_lit 2) _)) (nat_lit 0) _))
              _ (@OfNat.ofNat.{0} Real (nat_lit 1) _)
              (@TheoremT.Continuum.spectatorBasis (@OfNat.ofNat.{0} Nat (nat_lit 2) _)
                (@OfNat.ofNat.{0} (Fin (@OfNat.ofNat.{0} Nat (nat_lit 2) _)) (nat_lit 0) _))
              (TheoremT.Continuum.pairKSPotential Z E) φ q))
          (@Function.comp.{1, 1, 1} TheoremT.Continuum.PairKSSpace
            (TheoremT.Continuum.Configuration (@OfNat.ofNat.{0} Nat (nat_lit 2) _)) Complex g
            TheoremT.Continuum.pairKSLift q))
      (@OfNat.ofNat.{0} Complex (nat_lit 0) _))
@TheoremT.Continuum.scalar_coulomb_pair_KS_weak_pullback : ∀ {Z E : Real}
  {f :
    @Subtype.{1}
      (@MeasureTheory.AEEqFun.{0, 0} (TheoremT.Continuum.Configuration (@OfNat.ofNat.{0} Nat (nat_lit 2) _)) Complex _ _
        (@MeasureTheory.MeasureSpace.volume.{0} (TheoremT.Continuum.Configuration (@OfNat.ofNat.{0} Nat (nat_lit 2) _))
          _))
      fun
        (x :
          @MeasureTheory.AEEqFun.{0, 0} (TheoremT.Continuum.Configuration (@OfNat.ofNat.{0} Nat (nat_lit 2) _)) Complex
            _ _
            (@MeasureTheory.MeasureSpace.volume.{0}
              (TheoremT.Continuum.Configuration (@OfNat.ofNat.{0} Nat (nat_lit 2) _)) _)) =>
      @Membership.mem.{0, 0}
        (@MeasureTheory.AEEqFun.{0, 0} (TheoremT.Continuum.Configuration (@OfNat.ofNat.{0} Nat (nat_lit 2) _)) Complex _
          _
          (@MeasureTheory.MeasureSpace.volume.{0}
            (TheoremT.Continuum.Configuration (@OfNat.ofNat.{0} Nat (nat_lit 2) _)) _))
        (@AddSubgroup.{0}
          (@MeasureTheory.AEEqFun.{0, 0} (TheoremT.Continuum.Configuration (@OfNat.ofNat.{0} Nat (nat_lit 2) _)) Complex
            _ _
            (@MeasureTheory.MeasureSpace.volume.{0}
              (TheoremT.Continuum.Configuration (@OfNat.ofNat.{0} Nat (nat_lit 2) _)) _))
          _)
        _ (TheoremT.Continuum.SpatialL2 (@OfNat.ofNat.{0} Nat (nat_lit 2) _)) x}
  (hgraph :
    TheoremT.Continuum.scalarHamiltonianGraph (@OfNat.ofNat.{0} Nat (nat_lit 2) _) Z f
      (@HSMul.hSMul.{0, 0, 0} Complex
        (@Subtype.{1}
          (@MeasureTheory.AEEqFun.{0, 0} (TheoremT.Continuum.Configuration (@OfNat.ofNat.{0} Nat (nat_lit 2) _)) Complex
            _ _
            (@MeasureTheory.MeasureSpace.volume.{0}
              (TheoremT.Continuum.Configuration (@OfNat.ofNat.{0} Nat (nat_lit 2) _)) _))
          fun
            (x :
              @MeasureTheory.AEEqFun.{0, 0} (TheoremT.Continuum.Configuration (@OfNat.ofNat.{0} Nat (nat_lit 2) _))
                Complex _ _
                (@MeasureTheory.MeasureSpace.volume.{0}
                  (TheoremT.Continuum.Configuration (@OfNat.ofNat.{0} Nat (nat_lit 2) _)) _)) =>
          @Membership.mem.{0, 0}
            (@MeasureTheory.AEEqFun.{0, 0} (TheoremT.Continuum.Configuration (@OfNat.ofNat.{0} Nat (nat_lit 2) _))
              Complex _ _
              (@MeasureTheory.MeasureSpace.volume.{0}
                (TheoremT.Continuum.Configuration (@OfNat.ofNat.{0} Nat (nat_lit 2) _)) _))
            (@AddSubgroup.{0}
              (@MeasureTheory.AEEqFun.{0, 0} (TheoremT.Continuum.Configuration (@OfNat.ofNat.{0} Nat (nat_lit 2) _))
                Complex _ _
                (@MeasureTheory.MeasureSpace.volume.{0}
                  (TheoremT.Continuum.Configuration (@OfNat.ofNat.{0} Nat (nat_lit 2) _)) _))
              _)
            _ (TheoremT.Continuum.SpatialL2 (@OfNat.ofNat.{0} Nat (nat_lit 2) _)) x)
        (@Subtype.{1}
          (@MeasureTheory.AEEqFun.{0, 0} (TheoremT.Continuum.Configuration (@OfNat.ofNat.{0} Nat (nat_lit 2) _)) Complex
            _ _
            (@MeasureTheory.MeasureSpace.volume.{0}
              (TheoremT.Continuum.Configuration (@OfNat.ofNat.{0} Nat (nat_lit 2) _)) _))
          fun
            (x :
              @MeasureTheory.AEEqFun.{0, 0} (TheoremT.Continuum.Configuration (@OfNat.ofNat.{0} Nat (nat_lit 2) _))
                Complex _ _
                (@MeasureTheory.MeasureSpace.volume.{0}
                  (TheoremT.Continuum.Configuration (@OfNat.ofNat.{0} Nat (nat_lit 2) _)) _)) =>
          @Membership.mem.{0, 0}
            (@MeasureTheory.AEEqFun.{0, 0} (TheoremT.Continuum.Configuration (@OfNat.ofNat.{0} Nat (nat_lit 2) _))
              Complex _ _
              (@MeasureTheory.MeasureSpace.volume.{0}
                (TheoremT.Continuum.Configuration (@OfNat.ofNat.{0} Nat (nat_lit 2) _)) _))
            (@AddSubgroup.{0}
              (@MeasureTheory.AEEqFun.{0, 0} (TheoremT.Continuum.Configuration (@OfNat.ofNat.{0} Nat (nat_lit 2) _))
                Complex _ _
                (@MeasureTheory.MeasureSpace.volume.{0}
                  (TheoremT.Continuum.Configuration (@OfNat.ofNat.{0} Nat (nat_lit 2) _)) _))
              _)
            _ (TheoremT.Continuum.SpatialL2 (@OfNat.ofNat.{0} Nat (nat_lit 2) _)) x)
        _ (Complex.ofReal E) f)),
  @Exists.{1} (TheoremT.Continuum.Configuration (@OfNat.ofNat.{0} Nat (nat_lit 2) _) → Complex)
    fun (g : TheoremT.Continuum.Configuration (@OfNat.ofNat.{0} Nat (nat_lit 2) _) → Complex) =>
    And (@LocallyLipschitz.{0, 0} (TheoremT.Continuum.Configuration (@OfNat.ofNat.{0} Nat (nat_lit 2) _)) Complex _ _ g)
      (And
        (@Filter.EventuallyEq.{0, 0} (TheoremT.Continuum.Configuration (@OfNat.ofNat.{0} Nat (nat_lit 2) _)) Complex
          (@MeasureTheory.ae.{0, 0} (TheoremT.Continuum.Configuration (@OfNat.ofNat.{0} Nat (nat_lit 2) _))
            (@MeasureTheory.Measure.{0} (TheoremT.Continuum.Configuration (@OfNat.ofNat.{0} Nat (nat_lit 2) _)) _) _ _
            (@MeasureTheory.MeasureSpace.volume.{0}
              (TheoremT.Continuum.Configuration (@OfNat.ofNat.{0} Nat (nat_lit 2) _)) _))
          (@MeasureTheory.AEEqFun.cast.{0, 0} (TheoremT.Continuum.Configuration (@OfNat.ofNat.{0} Nat (nat_lit 2) _))
            Complex _
            (@MeasureTheory.MeasureSpace.volume.{0}
              (TheoremT.Continuum.Configuration (@OfNat.ofNat.{0} Nat (nat_lit 2) _)) _)
            _
            (@Subtype.val.{1}
              (@MeasureTheory.AEEqFun.{0, 0} (TheoremT.Continuum.Configuration (@OfNat.ofNat.{0} Nat (nat_lit 2) _))
                Complex _ _
                (@MeasureTheory.MeasureSpace.volume.{0}
                  (TheoremT.Continuum.Configuration (@OfNat.ofNat.{0} Nat (nat_lit 2) _)) _))
              (fun
                  (x :
                    @MeasureTheory.AEEqFun.{0, 0}
                      (TheoremT.Continuum.Configuration (@OfNat.ofNat.{0} Nat (nat_lit 2) _)) Complex _ _
                      (@MeasureTheory.MeasureSpace.volume.{0}
                        (TheoremT.Continuum.Configuration (@OfNat.ofNat.{0} Nat (nat_lit 2) _)) _)) =>
                @Membership.mem.{0, 0}
                  (@MeasureTheory.AEEqFun.{0, 0} (TheoremT.Continuum.Configuration (@OfNat.ofNat.{0} Nat (nat_lit 2) _))
                    Complex _ _
                    (@MeasureTheory.MeasureSpace.volume.{0}
                      (TheoremT.Continuum.Configuration (@OfNat.ofNat.{0} Nat (nat_lit 2) _)) _))
                  (@AddSubgroup.{0}
                    (@MeasureTheory.AEEqFun.{0, 0}
                      (TheoremT.Continuum.Configuration (@OfNat.ofNat.{0} Nat (nat_lit 2) _)) Complex _ _
                      (@MeasureTheory.MeasureSpace.volume.{0}
                        (TheoremT.Continuum.Configuration (@OfNat.ofNat.{0} Nat (nat_lit 2) _)) _))
                    _)
                  _
                  (@MeasureTheory.Lp.{0, 0} (TheoremT.Continuum.Configuration (@OfNat.ofNat.{0} Nat (nat_lit 2) _))
                    Complex
                    (@MeasureTheory.MeasureSpace.toMeasurableSpace.{0}
                      (TheoremT.Continuum.Configuration (@OfNat.ofNat.{0} Nat (nat_lit 2) _)) _)
                    _ (@OfNat.ofNat.{0} ENNReal (nat_lit 2) _)
                    (@MeasureTheory.MeasureSpace.volume.{0}
                      (TheoremT.Continuum.Configuration (@OfNat.ofNat.{0} Nat (nat_lit 2) _)) _))
                  x)
              f))
          g)
        (And
          (@LocallyLipschitz.{0, 0} TheoremT.Continuum.PairKSSpace Complex _ _
            (@Function.comp.{1, 1, 1} TheoremT.Continuum.PairKSSpace
              (TheoremT.Continuum.Configuration (@OfNat.ofNat.{0} Nat (nat_lit 2) _)) Complex g
              TheoremT.Continuum.pairKSLift))
          (∀ (φ : TheoremT.Continuum.PairKSSpace → Real),
            @ContDiff.{0, 0, 0} Real _ TheoremT.Continuum.PairKSSpace _ _ Real _ _
                (@WithTop.some.{0} ENat (@Top.top.{0} ENat _)) φ →
              @HasCompactSupport.{0, 0} TheoremT.Continuum.PairKSSpace Real _ _ φ →
                @LE.le.{0} (Set.{0} TheoremT.Continuum.PairKSSpace) _
                    (@tsupport.{0, 0} TheoremT.Continuum.PairKSSpace Real _ _ φ)
                    TheoremT.Continuum.pairKSCoefficientPatch →
                  And
                    (@MeasureTheory.Integrable.{0, 0} Complex _ _
                      (Prod.{0, 0} TheoremT.Continuum.KSSpace
                        (@TheoremT.Continuum.SpectatorConfiguration (@OfNat.ofNat.{0} Nat (nat_lit 2) _)
                          (@OfNat.ofNat.{0} (Fin (@OfNat.ofNat.{0} Nat (nat_lit 2) _)) (nat_lit 0) _)))
                      (@MeasureTheory.MeasureSpace.toMeasurableSpace.{0}
                        (Prod.{0, 0} TheoremT.Continuum.KSSpace
                          (@TheoremT.Continuum.SpectatorConfiguration (@OfNat.ofNat.{0} Nat (nat_lit 2) _)
                            (@OfNat.ofNat.{0} (Fin (@OfNat.ofNat.{0} Nat (nat_lit 2) _)) (nat_lit 0) _)))
                        _)
                      (fun
                          (q :
                            Prod.{0, 0} TheoremT.Continuum.KSSpace
                              (@TheoremT.Continuum.SpectatorConfiguration (@OfNat.ofNat.{0} Nat (nat_lit 2) _)
                                (@OfNat.ofNat.{0} (Fin (@OfNat.ofNat.{0} Nat (nat_lit 2) _)) (nat_lit 0) _))) =>
                        @HMul.hMul.{0, 0, 0} Complex Complex Complex _
                          (Complex.ofReal
                            (@TheoremT.Continuum.splitGrushin.{0, 0}
                              (@TheoremT.Continuum.SpectatorConfiguration (@OfNat.ofNat.{0} Nat (nat_lit 2) _)
                                (@OfNat.ofNat.{0} (Fin (@OfNat.ofNat.{0} Nat (nat_lit 2) _)) (nat_lit 0) _))
                              _ _
                              (@TheoremT.Continuum.SpectatorCoordinate (@OfNat.ofNat.{0} Nat (nat_lit 2) _)
                                (@OfNat.ofNat.{0} (Fin (@OfNat.ofNat.{0} Nat (nat_lit 2) _)) (nat_lit 0) _))
                              _ (@OfNat.ofNat.{0} Real (nat_lit 1) _)
                              (@TheoremT.Continuum.spectatorBasis (@OfNat.ofNat.{0} Nat (nat_lit 2) _)
                                (@OfNat.ofNat.{0} (Fin (@OfNat.ofNat.{0} Nat (nat_lit 2) _)) (nat_lit 0) _))
                              (TheoremT.Continuum.pairKSPotential Z E) φ q))
                          (@Function.comp.{1, 1, 1} TheoremT.Continuum.PairKSSpace
                            (TheoremT.Continuum.Configuration (@OfNat.ofNat.{0} Nat (nat_lit 2) _)) Complex g
                            TheoremT.Continuum.pairKSLift q))
                      (@MeasureTheory.MeasureSpace.volume.{0}
                        (Prod.{0, 0} TheoremT.Continuum.KSSpace
                          (@TheoremT.Continuum.SpectatorConfiguration (@OfNat.ofNat.{0} Nat (nat_lit 2) _)
                            (@OfNat.ofNat.{0} (Fin (@OfNat.ofNat.{0} Nat (nat_lit 2) _)) (nat_lit 0) _)))
                        _))
                    (@Eq.{1} Complex
                      (@MeasureTheory.integral.{0, 0}
                        (Prod.{0, 0} TheoremT.Continuum.KSSpace
                          (@TheoremT.Continuum.SpectatorConfiguration (@OfNat.ofNat.{0} Nat (nat_lit 2) _)
                            (@OfNat.ofNat.{0} (Fin (@OfNat.ofNat.{0} Nat (nat_lit 2) _)) (nat_lit 0) _)))
                        Complex _ _
                        (@MeasureTheory.MeasureSpace.toMeasurableSpace.{0}
                          (Prod.{0, 0} TheoremT.Continuum.KSSpace
                            (@TheoremT.Continuum.SpectatorConfiguration (@OfNat.ofNat.{0} Nat (nat_lit 2) _)
                              (@OfNat.ofNat.{0} (Fin (@OfNat.ofNat.{0} Nat (nat_lit 2) _)) (nat_lit 0) _)))
                          _)
                        (@MeasureTheory.MeasureSpace.volume.{0}
                          (Prod.{0, 0} TheoremT.Continuum.KSSpace
                            (@TheoremT.Continuum.SpectatorConfiguration (@OfNat.ofNat.{0} Nat (nat_lit 2) _)
                              (@OfNat.ofNat.{0} (Fin (@OfNat.ofNat.{0} Nat (nat_lit 2) _)) (nat_lit 0) _)))
                          _)
                        fun
                          (q :
                            Prod.{0, 0} TheoremT.Continuum.KSSpace
                              (@TheoremT.Continuum.SpectatorConfiguration (@OfNat.ofNat.{0} Nat (nat_lit 2) _)
                                (@OfNat.ofNat.{0} (Fin (@OfNat.ofNat.{0} Nat (nat_lit 2) _)) (nat_lit 0) _))) =>
                        @HMul.hMul.{0, 0, 0} Complex Complex Complex _
                          (Complex.ofReal
                            (@TheoremT.Continuum.splitGrushin.{0, 0}
                              (@TheoremT.Continuum.SpectatorConfiguration (@OfNat.ofNat.{0} Nat (nat_lit 2) _)
                                (@OfNat.ofNat.{0} (Fin (@OfNat.ofNat.{0} Nat (nat_lit 2) _)) (nat_lit 0) _))
                              _ _
                              (@TheoremT.Continuum.SpectatorCoordinate (@OfNat.ofNat.{0} Nat (nat_lit 2) _)
                                (@OfNat.ofNat.{0} (Fin (@OfNat.ofNat.{0} Nat (nat_lit 2) _)) (nat_lit 0) _))
                              _ (@OfNat.ofNat.{0} Real (nat_lit 1) _)
                              (@TheoremT.Continuum.spectatorBasis (@OfNat.ofNat.{0} Nat (nat_lit 2) _)
                                (@OfNat.ofNat.{0} (Fin (@OfNat.ofNat.{0} Nat (nat_lit 2) _)) (nat_lit 0) _))
                              (TheoremT.Continuum.pairKSPotential Z E) φ q))
                          (@Function.comp.{1, 1, 1} TheoremT.Continuum.PairKSSpace
                            (TheoremT.Continuum.Configuration (@OfNat.ofNat.{0} Nat (nat_lit 2) _)) Complex g
                            TheoremT.Continuum.pairKSLift q))
                      (@OfNat.ofNat.{0} Complex (nat_lit 0) _)))))
@TheoremT.Continuum.coulomb_spin_pair_KS_weak_representative : ∀ {Z E : Real}
  {ψ : TheoremT.Continuum.SpinSpace (@OfNat.ofNat.{0} Nat (nat_lit 2) _)}
  (hg :
    TheoremT.Continuum.hamiltonianGraph (@OfNat.ofNat.{0} Nat (nat_lit 2) _) Z ψ
      (@HSMul.hSMul.{0, 0, 0} Complex (TheoremT.Continuum.SpinSpace (@OfNat.ofNat.{0} Nat (nat_lit 2) _))
        (TheoremT.Continuum.SpinSpace (@OfNat.ofNat.{0} Nat (nat_lit 2) _)) _ (Complex.ofReal E) ψ)),
  @Exists.{1}
    (TheoremT.Continuum.SpinConfiguration (@OfNat.ofNat.{0} Nat (nat_lit 2) _) →
      TheoremT.Continuum.Configuration (@OfNat.ofNat.{0} Nat (nat_lit 2) _) → Complex)
    fun
      (u :
        TheoremT.Continuum.SpinConfiguration (@OfNat.ofNat.{0} Nat (nat_lit 2) _) →
          TheoremT.Continuum.Configuration (@OfNat.ofNat.{0} Nat (nat_lit 2) _) → Complex) =>
    And
      (∀ (σ : TheoremT.Continuum.SpinConfiguration (@OfNat.ofNat.{0} Nat (nat_lit 2) _)),
        @LocallyLipschitz.{0, 0} (TheoremT.Continuum.Configuration (@OfNat.ofNat.{0} Nat (nat_lit 2) _)) Complex _ _
          (u σ))
      (And
        (@Filter.Eventually.{0} (TheoremT.Continuum.Configuration (@OfNat.ofNat.{0} Nat (nat_lit 2) _))
          (fun (x : TheoremT.Continuum.Configuration (@OfNat.ofNat.{0} Nat (nat_lit 2) _)) =>
            ∀ (σ : TheoremT.Continuum.SpinConfiguration (@OfNat.ofNat.{0} Nat (nat_lit 2) _)),
              @Eq.{1} Complex
                (@MeasureTheory.AEEqFun.cast.{0, 0}
                  (TheoremT.Continuum.Configuration (@OfNat.ofNat.{0} Nat (nat_lit 2) _)) Complex _
                  (@MeasureTheory.MeasureSpace.volume.{0}
                    (TheoremT.Continuum.Configuration (@OfNat.ofNat.{0} Nat (nat_lit 2) _)) _)
                  _
                  (@Subtype.val.{1}
                    (@MeasureTheory.AEEqFun.{0, 0}
                      (TheoremT.Continuum.Configuration (@OfNat.ofNat.{0} Nat (nat_lit 2) _)) Complex _ _
                      (@MeasureTheory.MeasureSpace.volume.{0}
                        (TheoremT.Continuum.Configuration (@OfNat.ofNat.{0} Nat (nat_lit 2) _)) _))
                    (fun
                        (x :
                          @MeasureTheory.AEEqFun.{0, 0}
                            (TheoremT.Continuum.Configuration (@OfNat.ofNat.{0} Nat (nat_lit 2) _)) Complex _ _
                            (@MeasureTheory.MeasureSpace.volume.{0}
                              (TheoremT.Continuum.Configuration (@OfNat.ofNat.{0} Nat (nat_lit 2) _)) _)) =>
                      @Membership.mem.{0, 0}
                        (@MeasureTheory.AEEqFun.{0, 0}
                          (TheoremT.Continuum.Configuration (@OfNat.ofNat.{0} Nat (nat_lit 2) _)) Complex _ _
                          (@MeasureTheory.MeasureSpace.volume.{0}
                            (TheoremT.Continuum.Configuration (@OfNat.ofNat.{0} Nat (nat_lit 2) _)) _))
                        (@AddSubgroup.{0}
                          (@MeasureTheory.AEEqFun.{0, 0}
                            (TheoremT.Continuum.Configuration (@OfNat.ofNat.{0} Nat (nat_lit 2) _)) Complex _ _
                            (@MeasureTheory.MeasureSpace.volume.{0}
                              (TheoremT.Continuum.Configuration (@OfNat.ofNat.{0} Nat (nat_lit 2) _)) _))
                          _)
                        _
                        (@MeasureTheory.Lp.{0, 0}
                          (TheoremT.Continuum.Configuration (@OfNat.ofNat.{0} Nat (nat_lit 2) _)) Complex
                          (@MeasureTheory.MeasureSpace.toMeasurableSpace.{0}
                            (TheoremT.Continuum.Configuration (@OfNat.ofNat.{0} Nat (nat_lit 2) _)) _)
                          _ (@OfNat.ofNat.{0} ENNReal (nat_lit 2) _)
                          (@MeasureTheory.MeasureSpace.volume.{0}
                            (TheoremT.Continuum.Configuration (@OfNat.ofNat.{0} Nat (nat_lit 2) _)) _))
                        x)
                    (@WithLp.ofLp.{0} (@OfNat.ofNat.{0} ENNReal (nat_lit 2) _)
                      ((i : TheoremT.Continuum.SpinConfiguration (@OfNat.ofNat.{0} Nat (nat_lit 2) _)) →
                        (fun (x : TheoremT.Continuum.SpinConfiguration (@OfNat.ofNat.{0} Nat (nat_lit 2) _)) =>
                            @Subtype.{1}
                              (@MeasureTheory.AEEqFun.{0, 0}
                                (TheoremT.Continuum.Configuration (@OfNat.ofNat.{0} Nat (nat_lit 2) _)) Complex _ _
                                (@MeasureTheory.MeasureSpace.volume.{0}
                                  (TheoremT.Continuum.Configuration (@OfNat.ofNat.{0} Nat (nat_lit 2) _)) _))
                              fun
                                (x :
                                  @MeasureTheory.AEEqFun.{0, 0}
                                    (TheoremT.Continuum.Configuration (@OfNat.ofNat.{0} Nat (nat_lit 2) _)) Complex _ _
                                    (@MeasureTheory.MeasureSpace.volume.{0}
                                      (TheoremT.Continuum.Configuration (@OfNat.ofNat.{0} Nat (nat_lit 2) _)) _)) =>
                              @Membership.mem.{0, 0}
                                (@MeasureTheory.AEEqFun.{0, 0}
                                  (TheoremT.Continuum.Configuration (@OfNat.ofNat.{0} Nat (nat_lit 2) _)) Complex _ _
                                  (@MeasureTheory.MeasureSpace.volume.{0}
                                    (TheoremT.Continuum.Configuration (@OfNat.ofNat.{0} Nat (nat_lit 2) _)) _))
                                (@AddSubgroup.{0}
                                  (@MeasureTheory.AEEqFun.{0, 0}
                                    (TheoremT.Continuum.Configuration (@OfNat.ofNat.{0} Nat (nat_lit 2) _)) Complex _ _
                                    (@MeasureTheory.MeasureSpace.volume.{0}
                                      (TheoremT.Continuum.Configuration (@OfNat.ofNat.{0} Nat (nat_lit 2) _)) _))
                                  _)
                                _ (TheoremT.Continuum.SpatialL2 (@OfNat.ofNat.{0} Nat (nat_lit 2) _)) x)
                          i)
                      ψ σ))
                  x)
                (u σ x))
          (@MeasureTheory.ae.{0, 0} (TheoremT.Continuum.Configuration (@OfNat.ofNat.{0} Nat (nat_lit 2) _))
            (@MeasureTheory.Measure.{0} (TheoremT.Continuum.Configuration (@OfNat.ofNat.{0} Nat (nat_lit 2) _)) _) _ _
            (@MeasureTheory.MeasureSpace.volume.{0}
              (TheoremT.Continuum.Configuration (@OfNat.ofNat.{0} Nat (nat_lit 2) _)) _)))
        (And
          (∀ (π : Equiv.Perm.{1} (Fin (@OfNat.ofNat.{0} Nat (nat_lit 2) _)))
            (σ : TheoremT.Continuum.SpinConfiguration (@OfNat.ofNat.{0} Nat (nat_lit 2) _))
            (x : TheoremT.Continuum.Configuration (@OfNat.ofNat.{0} Nat (nat_lit 2) _)),
            @Eq.{1} Complex
              (u (@TheoremT.Continuum.permuteSpin (@OfNat.ofNat.{0} Nat (nat_lit 2) _) π σ)
                (@DFunLike.coe.{1, 1, 1}
                  (@LinearIsometryEquiv.{0, 0, 0, 0} Real Real _ _ (@RingHom.id.{0} Real _) (@RingHom.id.{0} Real _) _ _
                    (TheoremT.Continuum.Configuration (@OfNat.ofNat.{0} Nat (nat_lit 2) _))
                    (TheoremT.Continuum.Configuration (@OfNat.ofNat.{0} Nat (nat_lit 2) _)) _ _ _ _)
                  (TheoremT.Continuum.Configuration (@OfNat.ofNat.{0} Nat (nat_lit 2) _))
                  (fun (a : TheoremT.Continuum.Configuration (@OfNat.ofNat.{0} Nat (nat_lit 2) _)) =>
                    TheoremT.Continuum.Configuration (@OfNat.ofNat.{0} Nat (nat_lit 2) _))
                  _ (@TheoremT.Continuum.permuteSpace (@OfNat.ofNat.{0} Nat (nat_lit 2) _) π) x))
              (@HSMul.hSMul.{0, 0, 0} Complex Complex Complex _
                (@TheoremT.Continuum.permutationSign (@OfNat.ofNat.{0} Nat (nat_lit 2) _) π) (u σ x)))
          (And
            (∀ (x : TheoremT.Continuum.Configuration (@OfNat.ofNat.{0} Nat (nat_lit 2) _)),
              @LE.le.{0} Real _
                (Real.sqrt
                  (@Finset.sum.{0, 0} (TheoremT.Continuum.SpinConfiguration (@OfNat.ofNat.{0} Nat (nat_lit 2) _)) Real _
                    (@Finset.univ.{0} (TheoremT.Continuum.SpinConfiguration (@OfNat.ofNat.{0} Nat (nat_lit 2) _)) _)
                    fun (σ : TheoremT.Continuum.SpinConfiguration (@OfNat.ofNat.{0} Nat (nat_lit 2) _)) =>
                    @HPow.hPow.{0, 0, 0} Real Nat Real _ (@Norm.norm.{0} Complex _ (u σ x))
                      (@OfNat.ofNat.{0} Nat (nat_lit 2) _)))
                (@HMul.hMul.{0, 0, 0} Real Real Real _
                  (TheoremT.Continuum.coulombMoserBoundCoefficient (@OfNat.ofNat.{0} Nat (nat_lit 2) _) Z E)
                  (@Norm.norm.{0} (TheoremT.Continuum.SpinSpace (@OfNat.ofNat.{0} Nat (nat_lit 2) _)) _ ψ)))
            (∀ (σ : TheoremT.Continuum.SpinConfiguration (@OfNat.ofNat.{0} Nat (nat_lit 2) _)),
              And
                (@LocallyLipschitz.{0, 0} TheoremT.Continuum.PairKSSpace Complex _ _
                  (@Function.comp.{1, 1, 1} TheoremT.Continuum.PairKSSpace
                    (TheoremT.Continuum.Configuration (@OfNat.ofNat.{0} Nat (nat_lit 2) _)) Complex (u σ)
                    TheoremT.Continuum.pairKSLift))
                (∀ (φ : TheoremT.Continuum.PairKSSpace → Real),
                  @ContDiff.{0, 0, 0} Real _ TheoremT.Continuum.PairKSSpace _ _ Real _ _
                      (@WithTop.some.{0} ENat (@Top.top.{0} ENat _)) φ →
                    @HasCompactSupport.{0, 0} TheoremT.Continuum.PairKSSpace Real _ _ φ →
                      @LE.le.{0} (Set.{0} TheoremT.Continuum.PairKSSpace) _
                          (@tsupport.{0, 0} TheoremT.Continuum.PairKSSpace Real _ _ φ)
                          TheoremT.Continuum.pairKSCoefficientPatch →
                        And
                          (@MeasureTheory.Integrable.{0, 0} Complex _ _
                            (Prod.{0, 0} TheoremT.Continuum.KSSpace
                              (@TheoremT.Continuum.SpectatorConfiguration (@OfNat.ofNat.{0} Nat (nat_lit 2) _)
                                (@OfNat.ofNat.{0} (Fin (@OfNat.ofNat.{0} Nat (nat_lit 2) _)) (nat_lit 0) _)))
                            (@MeasureTheory.MeasureSpace.toMeasurableSpace.{0}
                              (Prod.{0, 0} TheoremT.Continuum.KSSpace
                                (@TheoremT.Continuum.SpectatorConfiguration (@OfNat.ofNat.{0} Nat (nat_lit 2) _)
                                  (@OfNat.ofNat.{0} (Fin (@OfNat.ofNat.{0} Nat (nat_lit 2) _)) (nat_lit 0) _)))
                              _)
                            (fun
                                (q :
                                  Prod.{0, 0} TheoremT.Continuum.KSSpace
                                    (@TheoremT.Continuum.SpectatorConfiguration (@OfNat.ofNat.{0} Nat (nat_lit 2) _)
                                      (@OfNat.ofNat.{0} (Fin (@OfNat.ofNat.{0} Nat (nat_lit 2) _)) (nat_lit 0) _))) =>
                              @HMul.hMul.{0, 0, 0} Complex Complex Complex _
                                (Complex.ofReal
                                  (@TheoremT.Continuum.splitGrushin.{0, 0}
                                    (@TheoremT.Continuum.SpectatorConfiguration (@OfNat.ofNat.{0} Nat (nat_lit 2) _)
                                      (@OfNat.ofNat.{0} (Fin (@OfNat.ofNat.{0} Nat (nat_lit 2) _)) (nat_lit 0) _))
                                    _ _
                                    (@TheoremT.Continuum.SpectatorCoordinate (@OfNat.ofNat.{0} Nat (nat_lit 2) _)
                                      (@OfNat.ofNat.{0} (Fin (@OfNat.ofNat.{0} Nat (nat_lit 2) _)) (nat_lit 0) _))
                                    _ (@OfNat.ofNat.{0} Real (nat_lit 1) _)
                                    (@TheoremT.Continuum.spectatorBasis (@OfNat.ofNat.{0} Nat (nat_lit 2) _)
                                      (@OfNat.ofNat.{0} (Fin (@OfNat.ofNat.{0} Nat (nat_lit 2) _)) (nat_lit 0) _))
                                    (TheoremT.Continuum.pairKSPotential Z E) φ q))
                                (@Function.comp.{1, 1, 1} TheoremT.Continuum.PairKSSpace
                                  (TheoremT.Continuum.Configuration (@OfNat.ofNat.{0} Nat (nat_lit 2) _)) Complex (u σ)
                                  TheoremT.Continuum.pairKSLift q))
                            (@MeasureTheory.MeasureSpace.volume.{0}
                              (Prod.{0, 0} TheoremT.Continuum.KSSpace
                                (@TheoremT.Continuum.SpectatorConfiguration (@OfNat.ofNat.{0} Nat (nat_lit 2) _)
                                  (@OfNat.ofNat.{0} (Fin (@OfNat.ofNat.{0} Nat (nat_lit 2) _)) (nat_lit 0) _)))
                              _))
                          (@Eq.{1} Complex
                            (@MeasureTheory.integral.{0, 0}
                              (Prod.{0, 0} TheoremT.Continuum.KSSpace
                                (@TheoremT.Continuum.SpectatorConfiguration (@OfNat.ofNat.{0} Nat (nat_lit 2) _)
                                  (@OfNat.ofNat.{0} (Fin (@OfNat.ofNat.{0} Nat (nat_lit 2) _)) (nat_lit 0) _)))
                              Complex _ _
                              (@MeasureTheory.MeasureSpace.toMeasurableSpace.{0}
                                (Prod.{0, 0} TheoremT.Continuum.KSSpace
                                  (@TheoremT.Continuum.SpectatorConfiguration (@OfNat.ofNat.{0} Nat (nat_lit 2) _)
                                    (@OfNat.ofNat.{0} (Fin (@OfNat.ofNat.{0} Nat (nat_lit 2) _)) (nat_lit 0) _)))
                                _)
                              (@MeasureTheory.MeasureSpace.volume.{0}
                                (Prod.{0, 0} TheoremT.Continuum.KSSpace
                                  (@TheoremT.Continuum.SpectatorConfiguration (@OfNat.ofNat.{0} Nat (nat_lit 2) _)
                                    (@OfNat.ofNat.{0} (Fin (@OfNat.ofNat.{0} Nat (nat_lit 2) _)) (nat_lit 0) _)))
                                _)
                              fun
                                (q :
                                  Prod.{0, 0} TheoremT.Continuum.KSSpace
                                    (@TheoremT.Continuum.SpectatorConfiguration (@OfNat.ofNat.{0} Nat (nat_lit 2) _)
                                      (@OfNat.ofNat.{0} (Fin (@OfNat.ofNat.{0} Nat (nat_lit 2) _)) (nat_lit 0) _))) =>
                              @HMul.hMul.{0, 0, 0} Complex Complex Complex _
                                (Complex.ofReal
                                  (@TheoremT.Continuum.splitGrushin.{0, 0}
                                    (@TheoremT.Continuum.SpectatorConfiguration (@OfNat.ofNat.{0} Nat (nat_lit 2) _)
                                      (@OfNat.ofNat.{0} (Fin (@OfNat.ofNat.{0} Nat (nat_lit 2) _)) (nat_lit 0) _))
                                    _ _
                                    (@TheoremT.Continuum.SpectatorCoordinate (@OfNat.ofNat.{0} Nat (nat_lit 2) _)
                                      (@OfNat.ofNat.{0} (Fin (@OfNat.ofNat.{0} Nat (nat_lit 2) _)) (nat_lit 0) _))
                                    _ (@OfNat.ofNat.{0} Real (nat_lit 1) _)
                                    (@TheoremT.Continuum.spectatorBasis (@OfNat.ofNat.{0} Nat (nat_lit 2) _)
                                      (@OfNat.ofNat.{0} (Fin (@OfNat.ofNat.{0} Nat (nat_lit 2) _)) (nat_lit 0) _))
                                    (TheoremT.Continuum.pairKSPotential Z E) φ q))
                                (@Function.comp.{1, 1, 1} TheoremT.Continuum.PairKSSpace
                                  (TheoremT.Continuum.Configuration (@OfNat.ofNat.{0} Nat (nat_lit 2) _)) Complex (u σ)
                                  TheoremT.Continuum.pairKSLift q))
                            (@OfNat.ofNat.{0} Complex (nat_lit 0) _)))))))
'TheoremT.Continuum.PairKSSpace' depends on axioms: [propext, Classical.choice, Quot.sound]
'TheoremT.Continuum.pairSpectatorCoordinateEquiv' depends on axioms: [propext, Classical.choice, Quot.sound]
'TheoremT.Continuum.pairCenterEquiv' depends on axioms: [propext, Classical.choice, Quot.sound]
'TheoremT.Continuum.pairCenterEquiv_apply' depends on axioms: [propext, Classical.choice, Quot.sound]
'TheoremT.Continuum.pairCenterEquiv_basis' depends on axioms: [propext, Classical.choice, Quot.sound]
'TheoremT.Continuum.pairCenterEquiv_measurePreserving' depends on axioms: [propext, Classical.choice, Quot.sound]
'TheoremT.Continuum.pairCoordinatesLinear' depends on axioms: [propext, Classical.choice, Quot.sound]
'TheoremT.Continuum.pairCoordinates' depends on axioms: [propext, Classical.choice, Quot.sound]
'TheoremT.Continuum.pairCoordinates_first' depends on axioms: [propext, Classical.choice, Quot.sound]
'TheoremT.Continuum.pairCoordinates_second' depends on axioms: [propext, Classical.choice, Quot.sound]
'TheoremT.Continuum.pairCoordinates_first_basis' depends on axioms: [propext, Classical.choice, Quot.sound]
'TheoremT.Continuum.pairCoordinates_spectator_basis' depends on axioms: [propext, Classical.choice, Quot.sound]
'TheoremT.Continuum.pairKSLift' depends on axioms: [propext, Classical.choice, Quot.sound]
'TheoremT.Continuum.pairKSLift_contDiff' depends on axioms: [propext, Classical.choice, Quot.sound]
'TheoremT.Continuum.pairKSLift_locallyLipschitz' depends on axioms: [propext, Classical.choice, Quot.sound]
'TheoremT.Continuum.pairKSLift_first' depends on axioms: [propext, Classical.choice, Quot.sound]
'TheoremT.Continuum.pairKSLift_second' depends on axioms: [propext, Classical.choice, Quot.sound]
'TheoremT.Continuum.pairKSLift_difference' depends on axioms: [propext, Classical.choice, Quot.sound]
'TheoremT.Continuum.pairKSLift_pair_radius' depends on axioms: [propext, Classical.choice, Quot.sound]
'TheoremT.Continuum.pair_coordinates_bilinear_trace' depends on axioms: [propext, Classical.choice, Quot.sound]
'TheoremT.Continuum.pair_coordinates_weighted_laplacian' depends on axioms: [propext, Classical.choice, Quot.sound]
'TheoremT.Continuum.pair_KS_principal_identity' depends on axioms: [propext, Classical.choice, Quot.sound]
'TheoremT.Continuum.scalar_coulomb_pair_KS_classical_equation' depends on axioms: [propext,
 Classical.choice,
 Quot.sound]
'TheoremT.Continuum.scalar_coulomb_pair_KS_classical_pullback' depends on axioms: [propext,
 Classical.choice,
 Quot.sound]
'TheoremT.Continuum.scalar_coulomb_pair_KS_off_zero_weak' depends on axioms: [propext, Classical.choice, Quot.sound]
'TheoremT.Continuum.scalar_coulomb_pair_KS_weak' depends on axioms: [propext, Classical.choice, Quot.sound]
'TheoremT.Continuum.scalar_coulomb_pair_KS_weak_pullback' depends on axioms: [propext, Classical.choice, Quot.sound]
'TheoremT.Continuum.coulomb_spin_pair_KS_weak_representative' depends on axioms: [propext, Classical.choice, Quot.sound]
