TheoremT.Continuum.WeakGrushin.weakCoordinateJet_directional : ∀
  (f :
    @Subtype.{1}
      (@MeasureTheory.AEEqFun.{0, 0}
        (@TheoremT.Continuum.WeakGrushin.Space (Fin (@OfNat.ofNat.{0} Nat (nat_lit 3) _)) _) Complex _ _
        (@MeasureTheory.MeasureSpace.volume.{0}
          (@TheoremT.Continuum.WeakGrushin.Space (Fin (@OfNat.ofNat.{0} Nat (nat_lit 3) _)) _) _))
      fun
        (x :
          @MeasureTheory.AEEqFun.{0, 0}
            (@TheoremT.Continuum.WeakGrushin.Space (Fin (@OfNat.ofNat.{0} Nat (nat_lit 3) _)) _) Complex _ _
            (@MeasureTheory.MeasureSpace.volume.{0}
              (@TheoremT.Continuum.WeakGrushin.Space (Fin (@OfNat.ofNat.{0} Nat (nat_lit 3) _)) _) _)) =>
      @Membership.mem.{0, 0}
        (@MeasureTheory.AEEqFun.{0, 0}
          (@TheoremT.Continuum.WeakGrushin.Space (Fin (@OfNat.ofNat.{0} Nat (nat_lit 3) _)) _) Complex _ _
          (@MeasureTheory.MeasureSpace.volume.{0}
            (@TheoremT.Continuum.WeakGrushin.Space (Fin (@OfNat.ofNat.{0} Nat (nat_lit 3) _)) _) _))
        (@AddSubgroup.{0}
          (@MeasureTheory.AEEqFun.{0, 0}
            (@TheoremT.Continuum.WeakGrushin.Space (Fin (@OfNat.ofNat.{0} Nat (nat_lit 3) _)) _) Complex _ _
            (@MeasureTheory.MeasureSpace.volume.{0}
              (@TheoremT.Continuum.WeakGrushin.Space (Fin (@OfNat.ofNat.{0} Nat (nat_lit 3) _)) _) _))
          _)
        _
        (@MeasureTheory.Lp.{0, 0} (@TheoremT.Continuum.WeakGrushin.Space (Fin (@OfNat.ofNat.{0} Nat (nat_lit 3) _)) _)
          Complex
          (@MeasureTheory.MeasureSpace.toMeasurableSpace.{0}
            (@TheoremT.Continuum.WeakGrushin.Space (Fin (@OfNat.ofNat.{0} Nat (nat_lit 3) _)) _) _)
          _ (@OfNat.ofNat.{0} ENNReal (nat_lit 2) _)
          (@MeasureTheory.MeasureSpace.volume.{0}
            (@TheoremT.Continuum.WeakGrushin.Space (Fin (@OfNat.ofNat.{0} Nat (nat_lit 3) _)) _) _))
        x)
  (d :
    @TheoremT.Continuum.WeakGrushin.Space (Fin (@OfNat.ofNat.{0} Nat (nat_lit 3) _)) _ →
      @Subtype.{1}
        (@MeasureTheory.AEEqFun.{0, 0}
          (@TheoremT.Continuum.WeakGrushin.Space (Fin (@OfNat.ofNat.{0} Nat (nat_lit 3) _)) _) Complex _ _
          (@MeasureTheory.MeasureSpace.volume.{0}
            (@TheoremT.Continuum.WeakGrushin.Space (Fin (@OfNat.ofNat.{0} Nat (nat_lit 3) _)) _) _))
        fun
          (x :
            @MeasureTheory.AEEqFun.{0, 0}
              (@TheoremT.Continuum.WeakGrushin.Space (Fin (@OfNat.ofNat.{0} Nat (nat_lit 3) _)) _) Complex _ _
              (@MeasureTheory.MeasureSpace.volume.{0}
                (@TheoremT.Continuum.WeakGrushin.Space (Fin (@OfNat.ofNat.{0} Nat (nat_lit 3) _)) _) _)) =>
        @Membership.mem.{0, 0}
          (@MeasureTheory.AEEqFun.{0, 0}
            (@TheoremT.Continuum.WeakGrushin.Space (Fin (@OfNat.ofNat.{0} Nat (nat_lit 3) _)) _) Complex _ _
            (@MeasureTheory.MeasureSpace.volume.{0}
              (@TheoremT.Continuum.WeakGrushin.Space (Fin (@OfNat.ofNat.{0} Nat (nat_lit 3) _)) _) _))
          (@AddSubgroup.{0}
            (@MeasureTheory.AEEqFun.{0, 0}
              (@TheoremT.Continuum.WeakGrushin.Space (Fin (@OfNat.ofNat.{0} Nat (nat_lit 3) _)) _) Complex _ _
              (@MeasureTheory.MeasureSpace.volume.{0}
                (@TheoremT.Continuum.WeakGrushin.Space (Fin (@OfNat.ofNat.{0} Nat (nat_lit 3) _)) _) _))
            _)
          _
          (@MeasureTheory.Lp.{0, 0} (@TheoremT.Continuum.WeakGrushin.Space (Fin (@OfNat.ofNat.{0} Nat (nat_lit 3) _)) _)
            Complex
            (@MeasureTheory.MeasureSpace.toMeasurableSpace.{0}
              (@TheoremT.Continuum.WeakGrushin.Space (Fin (@OfNat.ofNat.{0} Nat (nat_lit 3) _)) _) _)
            _ (@OfNat.ofNat.{0} ENNReal (nat_lit 2) _)
            (@MeasureTheory.MeasureSpace.volume.{0}
              (@TheoremT.Continuum.WeakGrushin.Space (Fin (@OfNat.ofNat.{0} Nat (nat_lit 3) _)) _) _))
          x)
  (e : @TheoremT.Continuum.WeakGrushin.Jet (Fin (@OfNat.ofNat.{0} Nat (nat_lit 3) _)) _)
  (hd :
    ∀ (v : @TheoremT.Continuum.WeakGrushin.Space (Fin (@OfNat.ofNat.{0} Nat (nat_lit 3) _)) _),
      @TheoremT.Continuum.WeakProductL2Directional.{0, 0}
        (EuclideanSpace.{0, 0} Real (Fin (@OfNat.ofNat.{0} Nat (nat_lit 4) _)))
        (EuclideanSpace.{0, 0} Real (Fin (@OfNat.ofNat.{0} Nat (nat_lit 3) _))) _ _ _ _ _ _ _ _ _ _ f (d v) v)
  (he :
    ∀ (v w : @TheoremT.Continuum.WeakGrushin.Space (Fin (@OfNat.ofNat.{0} Nat (nat_lit 3) _)) _),
      @TheoremT.Continuum.WeakProductL2Directional.{0, 0}
        (EuclideanSpace.{0, 0} Real (Fin (@OfNat.ofNat.{0} Nat (nat_lit 4) _)))
        (EuclideanSpace.{0, 0} Real (Fin (@OfNat.ofNat.{0} Nat (nat_lit 3) _))) _ _ _ _ _ _ _ _ _ _ (d v) (e v w) w)
  (w : List.{0} (Sum.{0, 0} (Fin (@OfNat.ofNat.{0} Nat (nat_lit 4) _)) (Fin (@OfNat.ofNat.{0} Nat (nat_lit 3) _))))
  (hw :
    @LT.lt.{0} Nat _
      (@List.length.{0}
        (Sum.{0, 0} (Fin (@OfNat.ofNat.{0} Nat (nat_lit 4) _)) (Fin (@OfNat.ofNat.{0} Nat (nat_lit 3) _))) w)
      (@OfNat.ofNat.{0} Nat (nat_lit 2) _))
  (i : Sum.{0, 0} (Fin (@OfNat.ofNat.{0} Nat (nat_lit 4) _)) (Fin (@OfNat.ofNat.{0} Nat (nat_lit 3) _))),
  @TheoremT.Continuum.WeakProductL2Directional.{0, 0}
    (EuclideanSpace.{0, 0} Real (Fin (@OfNat.ofNat.{0} Nat (nat_lit 4) _)))
    (EuclideanSpace.{0, 0} Real (Fin (@OfNat.ofNat.{0} Nat (nat_lit 3) _))) _ _ _ _ _ _ _ _ _ _
    (TheoremT.Continuum.WeakGrushin.weakCoordinateJet f d e w)
    (TheoremT.Continuum.WeakGrushin.weakCoordinateJet f d e
      (@List.cons.{0} (Sum.{0, 0} (Fin (@OfNat.ofNat.{0} Nat (nat_lit 4) _)) (Fin (@OfNat.ofNat.{0} Nat (nat_lit 3) _)))
        i w))
    (@TheoremT.Continuum.WeakGrushin.productCoordinateDirection (Fin (@OfNat.ofNat.{0} Nat (nat_lit 3) _)) _ _ i)
TheoremT.Continuum.WeakGrushin.weakCoordinateJet_test_identity : ∀
  (f :
    @Subtype.{1}
      (@MeasureTheory.AEEqFun.{0, 0}
        (@TheoremT.Continuum.WeakGrushin.Space (Fin (@OfNat.ofNat.{0} Nat (nat_lit 3) _)) _) Complex _ _
        (@MeasureTheory.MeasureSpace.volume.{0}
          (@TheoremT.Continuum.WeakGrushin.Space (Fin (@OfNat.ofNat.{0} Nat (nat_lit 3) _)) _) _))
      fun
        (x :
          @MeasureTheory.AEEqFun.{0, 0}
            (@TheoremT.Continuum.WeakGrushin.Space (Fin (@OfNat.ofNat.{0} Nat (nat_lit 3) _)) _) Complex _ _
            (@MeasureTheory.MeasureSpace.volume.{0}
              (@TheoremT.Continuum.WeakGrushin.Space (Fin (@OfNat.ofNat.{0} Nat (nat_lit 3) _)) _) _)) =>
      @Membership.mem.{0, 0}
        (@MeasureTheory.AEEqFun.{0, 0}
          (@TheoremT.Continuum.WeakGrushin.Space (Fin (@OfNat.ofNat.{0} Nat (nat_lit 3) _)) _) Complex _ _
          (@MeasureTheory.MeasureSpace.volume.{0}
            (@TheoremT.Continuum.WeakGrushin.Space (Fin (@OfNat.ofNat.{0} Nat (nat_lit 3) _)) _) _))
        (@AddSubgroup.{0}
          (@MeasureTheory.AEEqFun.{0, 0}
            (@TheoremT.Continuum.WeakGrushin.Space (Fin (@OfNat.ofNat.{0} Nat (nat_lit 3) _)) _) Complex _ _
            (@MeasureTheory.MeasureSpace.volume.{0}
              (@TheoremT.Continuum.WeakGrushin.Space (Fin (@OfNat.ofNat.{0} Nat (nat_lit 3) _)) _) _))
          _)
        _
        (@MeasureTheory.Lp.{0, 0} (@TheoremT.Continuum.WeakGrushin.Space (Fin (@OfNat.ofNat.{0} Nat (nat_lit 3) _)) _)
          Complex
          (@MeasureTheory.MeasureSpace.toMeasurableSpace.{0}
            (@TheoremT.Continuum.WeakGrushin.Space (Fin (@OfNat.ofNat.{0} Nat (nat_lit 3) _)) _) _)
          _ (@OfNat.ofNat.{0} ENNReal (nat_lit 2) _)
          (@MeasureTheory.MeasureSpace.volume.{0}
            (@TheoremT.Continuum.WeakGrushin.Space (Fin (@OfNat.ofNat.{0} Nat (nat_lit 3) _)) _) _))
        x)
  (d :
    @TheoremT.Continuum.WeakGrushin.Space (Fin (@OfNat.ofNat.{0} Nat (nat_lit 3) _)) _ →
      @Subtype.{1}
        (@MeasureTheory.AEEqFun.{0, 0}
          (@TheoremT.Continuum.WeakGrushin.Space (Fin (@OfNat.ofNat.{0} Nat (nat_lit 3) _)) _) Complex _ _
          (@MeasureTheory.MeasureSpace.volume.{0}
            (@TheoremT.Continuum.WeakGrushin.Space (Fin (@OfNat.ofNat.{0} Nat (nat_lit 3) _)) _) _))
        fun
          (x :
            @MeasureTheory.AEEqFun.{0, 0}
              (@TheoremT.Continuum.WeakGrushin.Space (Fin (@OfNat.ofNat.{0} Nat (nat_lit 3) _)) _) Complex _ _
              (@MeasureTheory.MeasureSpace.volume.{0}
                (@TheoremT.Continuum.WeakGrushin.Space (Fin (@OfNat.ofNat.{0} Nat (nat_lit 3) _)) _) _)) =>
        @Membership.mem.{0, 0}
          (@MeasureTheory.AEEqFun.{0, 0}
            (@TheoremT.Continuum.WeakGrushin.Space (Fin (@OfNat.ofNat.{0} Nat (nat_lit 3) _)) _) Complex _ _
            (@MeasureTheory.MeasureSpace.volume.{0}
              (@TheoremT.Continuum.WeakGrushin.Space (Fin (@OfNat.ofNat.{0} Nat (nat_lit 3) _)) _) _))
          (@AddSubgroup.{0}
            (@MeasureTheory.AEEqFun.{0, 0}
              (@TheoremT.Continuum.WeakGrushin.Space (Fin (@OfNat.ofNat.{0} Nat (nat_lit 3) _)) _) Complex _ _
              (@MeasureTheory.MeasureSpace.volume.{0}
                (@TheoremT.Continuum.WeakGrushin.Space (Fin (@OfNat.ofNat.{0} Nat (nat_lit 3) _)) _) _))
            _)
          _
          (@MeasureTheory.Lp.{0, 0} (@TheoremT.Continuum.WeakGrushin.Space (Fin (@OfNat.ofNat.{0} Nat (nat_lit 3) _)) _)
            Complex
            (@MeasureTheory.MeasureSpace.toMeasurableSpace.{0}
              (@TheoremT.Continuum.WeakGrushin.Space (Fin (@OfNat.ofNat.{0} Nat (nat_lit 3) _)) _) _)
            _ (@OfNat.ofNat.{0} ENNReal (nat_lit 2) _)
            (@MeasureTheory.MeasureSpace.volume.{0}
              (@TheoremT.Continuum.WeakGrushin.Space (Fin (@OfNat.ofNat.{0} Nat (nat_lit 3) _)) _) _))
          x)
  (e : @TheoremT.Continuum.WeakGrushin.Jet (Fin (@OfNat.ofNat.{0} Nat (nat_lit 3) _)) _)
  (hd :
    ∀ (v : @TheoremT.Continuum.WeakGrushin.Space (Fin (@OfNat.ofNat.{0} Nat (nat_lit 3) _)) _),
      @TheoremT.Continuum.WeakProductL2Directional.{0, 0}
        (EuclideanSpace.{0, 0} Real (Fin (@OfNat.ofNat.{0} Nat (nat_lit 4) _)))
        (EuclideanSpace.{0, 0} Real (Fin (@OfNat.ofNat.{0} Nat (nat_lit 3) _))) _ _ _ _ _ _ _ _ _ _ f (d v) v)
  (he :
    ∀ (v w : @TheoremT.Continuum.WeakGrushin.Space (Fin (@OfNat.ofNat.{0} Nat (nat_lit 3) _)) _),
      @TheoremT.Continuum.WeakProductL2Directional.{0, 0}
        (EuclideanSpace.{0, 0} Real (Fin (@OfNat.ofNat.{0} Nat (nat_lit 4) _)))
        (EuclideanSpace.{0, 0} Real (Fin (@OfNat.ofNat.{0} Nat (nat_lit 3) _))) _ _ _ _ _ _ _ _ _ _ (d v) (e v w) w)
  (w : List.{0} (Sum.{0, 0} (Fin (@OfNat.ofNat.{0} Nat (nat_lit 4) _)) (Fin (@OfNat.ofNat.{0} Nat (nat_lit 3) _))))
  (hw :
    @LE.le.{0} Nat _
      (@List.length.{0}
        (Sum.{0, 0} (Fin (@OfNat.ofNat.{0} Nat (nat_lit 4) _)) (Fin (@OfNat.ofNat.{0} Nat (nat_lit 3) _))) w)
      (@OfNat.ofNat.{0} Nat (nat_lit 2) _))
  {φ : @TheoremT.Continuum.WeakGrushin.Space (Fin (@OfNat.ofNat.{0} Nat (nat_lit 3) _)) _ → Real}
  (hφ :
    @ContDiff.{0, 0, 0} Real _ (@TheoremT.Continuum.WeakGrushin.Space (Fin (@OfNat.ofNat.{0} Nat (nat_lit 3) _)) _) _ _
      Real _ _ (@WithTop.some.{0} ENat (@Top.top.{0} ENat _)) φ)
  (hc :
    @HasCompactSupport.{0, 0} (@TheoremT.Continuum.WeakGrushin.Space (Fin (@OfNat.ofNat.{0} Nat (nat_lit 3) _)) _) Real
      _ _ φ),
  @Eq.{1} Complex
    (@MeasureTheory.integral.{0, 0} (@TheoremT.Continuum.WeakGrushin.Space (Fin (@OfNat.ofNat.{0} Nat (nat_lit 3) _)) _)
      Complex _ _
      (@MeasureTheory.MeasureSpace.toMeasurableSpace.{0}
        (@TheoremT.Continuum.WeakGrushin.Space (Fin (@OfNat.ofNat.{0} Nat (nat_lit 3) _)) _) _)
      (@MeasureTheory.MeasureSpace.volume.{0}
        (@TheoremT.Continuum.WeakGrushin.Space (Fin (@OfNat.ofNat.{0} Nat (nat_lit 3) _)) _) _)
      fun (p : @TheoremT.Continuum.WeakGrushin.Space (Fin (@OfNat.ofNat.{0} Nat (nat_lit 3) _)) _) =>
      @HSMul.hSMul.{0, 0, 0} Real Complex Complex _ (φ p)
        (@MeasureTheory.AEEqFun.cast.{0, 0}
          (@TheoremT.Continuum.WeakGrushin.Space (Fin (@OfNat.ofNat.{0} Nat (nat_lit 3) _)) _) Complex _
          (@MeasureTheory.MeasureSpace.volume.{0}
            (@TheoremT.Continuum.WeakGrushin.Space (Fin (@OfNat.ofNat.{0} Nat (nat_lit 3) _)) _) _)
          _
          (@Subtype.val.{1}
            (@MeasureTheory.AEEqFun.{0, 0}
              (@TheoremT.Continuum.WeakGrushin.Space (Fin (@OfNat.ofNat.{0} Nat (nat_lit 3) _)) _) Complex _ _
              (@MeasureTheory.MeasureSpace.volume.{0}
                (@TheoremT.Continuum.WeakGrushin.Space (Fin (@OfNat.ofNat.{0} Nat (nat_lit 3) _)) _) _))
            (fun
                (x :
                  @MeasureTheory.AEEqFun.{0, 0}
                    (@TheoremT.Continuum.WeakGrushin.Space (Fin (@OfNat.ofNat.{0} Nat (nat_lit 3) _)) _) Complex _ _
                    (@MeasureTheory.MeasureSpace.volume.{0}
                      (@TheoremT.Continuum.WeakGrushin.Space (Fin (@OfNat.ofNat.{0} Nat (nat_lit 3) _)) _) _)) =>
              @Membership.mem.{0, 0}
                (@MeasureTheory.AEEqFun.{0, 0}
                  (@TheoremT.Continuum.WeakGrushin.Space (Fin (@OfNat.ofNat.{0} Nat (nat_lit 3) _)) _) Complex _ _
                  (@MeasureTheory.MeasureSpace.volume.{0}
                    (@TheoremT.Continuum.WeakGrushin.Space (Fin (@OfNat.ofNat.{0} Nat (nat_lit 3) _)) _) _))
                (@AddSubgroup.{0}
                  (@MeasureTheory.AEEqFun.{0, 0}
                    (@TheoremT.Continuum.WeakGrushin.Space (Fin (@OfNat.ofNat.{0} Nat (nat_lit 3) _)) _) Complex _ _
                    (@MeasureTheory.MeasureSpace.volume.{0}
                      (@TheoremT.Continuum.WeakGrushin.Space (Fin (@OfNat.ofNat.{0} Nat (nat_lit 3) _)) _) _))
                  _)
                _
                (@MeasureTheory.Lp.{0, 0}
                  (@TheoremT.Continuum.WeakGrushin.Space (Fin (@OfNat.ofNat.{0} Nat (nat_lit 3) _)) _) Complex
                  (@MeasureTheory.MeasureSpace.toMeasurableSpace.{0}
                    (@TheoremT.Continuum.WeakGrushin.Space (Fin (@OfNat.ofNat.{0} Nat (nat_lit 3) _)) _) _)
                  _ (@OfNat.ofNat.{0} ENNReal (nat_lit 2) _)
                  (@MeasureTheory.MeasureSpace.volume.{0}
                    (@TheoremT.Continuum.WeakGrushin.Space (Fin (@OfNat.ofNat.{0} Nat (nat_lit 3) _)) _) _))
                x)
            (TheoremT.Continuum.WeakGrushin.weakCoordinateJet f d e w))
          p))
    (@HSMul.hSMul.{0, 0, 0} Real Complex Complex _
      (@HPow.hPow.{0, 0, 0} Real Nat Real _ (@Neg.neg.{0} Real _ (@OfNat.ofNat.{0} Real (nat_lit 1) _))
        (@List.length.{0}
          (Sum.{0, 0} (Fin (@OfNat.ofNat.{0} Nat (nat_lit 4) _)) (Fin (@OfNat.ofNat.{0} Nat (nat_lit 3) _))) w))
      (@MeasureTheory.integral.{0, 0}
        (@TheoremT.Continuum.WeakGrushin.Space (Fin (@OfNat.ofNat.{0} Nat (nat_lit 3) _)) _) Complex _ _
        (@MeasureTheory.MeasureSpace.toMeasurableSpace.{0}
          (@TheoremT.Continuum.WeakGrushin.Space (Fin (@OfNat.ofNat.{0} Nat (nat_lit 3) _)) _) _)
        (@MeasureTheory.MeasureSpace.volume.{0}
          (@TheoremT.Continuum.WeakGrushin.Space (Fin (@OfNat.ofNat.{0} Nat (nat_lit 3) _)) _) _)
        fun (p : @TheoremT.Continuum.WeakGrushin.Space (Fin (@OfNat.ofNat.{0} Nat (nat_lit 3) _)) _) =>
        @HSMul.hSMul.{0, 0, 0} Real Complex Complex _
          (@TheoremT.Continuum.WeakGrushin.productCoordinateTestWord (Fin (@OfNat.ofNat.{0} Nat (nat_lit 3) _)) _ _ w φ
            p)
          (@MeasureTheory.AEEqFun.cast.{0, 0}
            (@TheoremT.Continuum.WeakGrushin.Space (Fin (@OfNat.ofNat.{0} Nat (nat_lit 3) _)) _) Complex _
            (@MeasureTheory.MeasureSpace.volume.{0}
              (@TheoremT.Continuum.WeakGrushin.Space (Fin (@OfNat.ofNat.{0} Nat (nat_lit 3) _)) _) _)
            _
            (@Subtype.val.{1}
              (@MeasureTheory.AEEqFun.{0, 0}
                (@TheoremT.Continuum.WeakGrushin.Space (Fin (@OfNat.ofNat.{0} Nat (nat_lit 3) _)) _) Complex _ _
                (@MeasureTheory.MeasureSpace.volume.{0}
                  (@TheoremT.Continuum.WeakGrushin.Space (Fin (@OfNat.ofNat.{0} Nat (nat_lit 3) _)) _) _))
              (fun
                  (x :
                    @MeasureTheory.AEEqFun.{0, 0}
                      (@TheoremT.Continuum.WeakGrushin.Space (Fin (@OfNat.ofNat.{0} Nat (nat_lit 3) _)) _) Complex _ _
                      (@MeasureTheory.MeasureSpace.volume.{0}
                        (@TheoremT.Continuum.WeakGrushin.Space (Fin (@OfNat.ofNat.{0} Nat (nat_lit 3) _)) _) _)) =>
                @Membership.mem.{0, 0}
                  (@MeasureTheory.AEEqFun.{0, 0}
                    (@TheoremT.Continuum.WeakGrushin.Space (Fin (@OfNat.ofNat.{0} Nat (nat_lit 3) _)) _) Complex _ _
                    (@MeasureTheory.MeasureSpace.volume.{0}
                      (@TheoremT.Continuum.WeakGrushin.Space (Fin (@OfNat.ofNat.{0} Nat (nat_lit 3) _)) _) _))
                  (@AddSubgroup.{0}
                    (@MeasureTheory.AEEqFun.{0, 0}
                      (@TheoremT.Continuum.WeakGrushin.Space (Fin (@OfNat.ofNat.{0} Nat (nat_lit 3) _)) _) Complex _ _
                      (@MeasureTheory.MeasureSpace.volume.{0}
                        (@TheoremT.Continuum.WeakGrushin.Space (Fin (@OfNat.ofNat.{0} Nat (nat_lit 3) _)) _) _))
                    _)
                  _
                  (@MeasureTheory.Lp.{0, 0}
                    (@TheoremT.Continuum.WeakGrushin.Space (Fin (@OfNat.ofNat.{0} Nat (nat_lit 3) _)) _) Complex
                    (@MeasureTheory.MeasureSpace.toMeasurableSpace.{0}
                      (@TheoremT.Continuum.WeakGrushin.Space (Fin (@OfNat.ofNat.{0} Nat (nat_lit 3) _)) _) _)
                    _ (@OfNat.ofNat.{0} ENNReal (nat_lit 2) _)
                    (@MeasureTheory.MeasureSpace.volume.{0}
                      (@TheoremT.Continuum.WeakGrushin.Space (Fin (@OfNat.ofNat.{0} Nat (nat_lit 3) _)) _) _))
                  x)
              f)
            p)))
TheoremT.Continuum.WeakGrushin.weakCoordinateJet_tests_integrable : ∀
  (f :
    @Subtype.{1}
      (@MeasureTheory.AEEqFun.{0, 0}
        (@TheoremT.Continuum.WeakGrushin.Space (Fin (@OfNat.ofNat.{0} Nat (nat_lit 3) _)) _) Complex _ _
        (@MeasureTheory.MeasureSpace.volume.{0}
          (@TheoremT.Continuum.WeakGrushin.Space (Fin (@OfNat.ofNat.{0} Nat (nat_lit 3) _)) _) _))
      fun
        (x :
          @MeasureTheory.AEEqFun.{0, 0}
            (@TheoremT.Continuum.WeakGrushin.Space (Fin (@OfNat.ofNat.{0} Nat (nat_lit 3) _)) _) Complex _ _
            (@MeasureTheory.MeasureSpace.volume.{0}
              (@TheoremT.Continuum.WeakGrushin.Space (Fin (@OfNat.ofNat.{0} Nat (nat_lit 3) _)) _) _)) =>
      @Membership.mem.{0, 0}
        (@MeasureTheory.AEEqFun.{0, 0}
          (@TheoremT.Continuum.WeakGrushin.Space (Fin (@OfNat.ofNat.{0} Nat (nat_lit 3) _)) _) Complex _ _
          (@MeasureTheory.MeasureSpace.volume.{0}
            (@TheoremT.Continuum.WeakGrushin.Space (Fin (@OfNat.ofNat.{0} Nat (nat_lit 3) _)) _) _))
        (@AddSubgroup.{0}
          (@MeasureTheory.AEEqFun.{0, 0}
            (@TheoremT.Continuum.WeakGrushin.Space (Fin (@OfNat.ofNat.{0} Nat (nat_lit 3) _)) _) Complex _ _
            (@MeasureTheory.MeasureSpace.volume.{0}
              (@TheoremT.Continuum.WeakGrushin.Space (Fin (@OfNat.ofNat.{0} Nat (nat_lit 3) _)) _) _))
          _)
        _
        (@MeasureTheory.Lp.{0, 0} (@TheoremT.Continuum.WeakGrushin.Space (Fin (@OfNat.ofNat.{0} Nat (nat_lit 3) _)) _)
          Complex
          (@MeasureTheory.MeasureSpace.toMeasurableSpace.{0}
            (@TheoremT.Continuum.WeakGrushin.Space (Fin (@OfNat.ofNat.{0} Nat (nat_lit 3) _)) _) _)
          _ (@OfNat.ofNat.{0} ENNReal (nat_lit 2) _)
          (@MeasureTheory.MeasureSpace.volume.{0}
            (@TheoremT.Continuum.WeakGrushin.Space (Fin (@OfNat.ofNat.{0} Nat (nat_lit 3) _)) _) _))
        x)
  (d :
    @TheoremT.Continuum.WeakGrushin.Space (Fin (@OfNat.ofNat.{0} Nat (nat_lit 3) _)) _ →
      @Subtype.{1}
        (@MeasureTheory.AEEqFun.{0, 0}
          (@TheoremT.Continuum.WeakGrushin.Space (Fin (@OfNat.ofNat.{0} Nat (nat_lit 3) _)) _) Complex _ _
          (@MeasureTheory.MeasureSpace.volume.{0}
            (@TheoremT.Continuum.WeakGrushin.Space (Fin (@OfNat.ofNat.{0} Nat (nat_lit 3) _)) _) _))
        fun
          (x :
            @MeasureTheory.AEEqFun.{0, 0}
              (@TheoremT.Continuum.WeakGrushin.Space (Fin (@OfNat.ofNat.{0} Nat (nat_lit 3) _)) _) Complex _ _
              (@MeasureTheory.MeasureSpace.volume.{0}
                (@TheoremT.Continuum.WeakGrushin.Space (Fin (@OfNat.ofNat.{0} Nat (nat_lit 3) _)) _) _)) =>
        @Membership.mem.{0, 0}
          (@MeasureTheory.AEEqFun.{0, 0}
            (@TheoremT.Continuum.WeakGrushin.Space (Fin (@OfNat.ofNat.{0} Nat (nat_lit 3) _)) _) Complex _ _
            (@MeasureTheory.MeasureSpace.volume.{0}
              (@TheoremT.Continuum.WeakGrushin.Space (Fin (@OfNat.ofNat.{0} Nat (nat_lit 3) _)) _) _))
          (@AddSubgroup.{0}
            (@MeasureTheory.AEEqFun.{0, 0}
              (@TheoremT.Continuum.WeakGrushin.Space (Fin (@OfNat.ofNat.{0} Nat (nat_lit 3) _)) _) Complex _ _
              (@MeasureTheory.MeasureSpace.volume.{0}
                (@TheoremT.Continuum.WeakGrushin.Space (Fin (@OfNat.ofNat.{0} Nat (nat_lit 3) _)) _) _))
            _)
          _
          (@MeasureTheory.Lp.{0, 0} (@TheoremT.Continuum.WeakGrushin.Space (Fin (@OfNat.ofNat.{0} Nat (nat_lit 3) _)) _)
            Complex
            (@MeasureTheory.MeasureSpace.toMeasurableSpace.{0}
              (@TheoremT.Continuum.WeakGrushin.Space (Fin (@OfNat.ofNat.{0} Nat (nat_lit 3) _)) _) _)
            _ (@OfNat.ofNat.{0} ENNReal (nat_lit 2) _)
            (@MeasureTheory.MeasureSpace.volume.{0}
              (@TheoremT.Continuum.WeakGrushin.Space (Fin (@OfNat.ofNat.{0} Nat (nat_lit 3) _)) _) _))
          x)
  (e : @TheoremT.Continuum.WeakGrushin.Jet (Fin (@OfNat.ofNat.{0} Nat (nat_lit 3) _)) _)
  (w : List.{0} (Sum.{0, 0} (Fin (@OfNat.ofNat.{0} Nat (nat_lit 4) _)) (Fin (@OfNat.ofNat.{0} Nat (nat_lit 3) _))))
  {φ : @TheoremT.Continuum.WeakGrushin.Space (Fin (@OfNat.ofNat.{0} Nat (nat_lit 3) _)) _ → Real}
  (hφ :
    @ContDiff.{0, 0, 0} Real _ (@TheoremT.Continuum.WeakGrushin.Space (Fin (@OfNat.ofNat.{0} Nat (nat_lit 3) _)) _) _ _
      Real _ _ (@WithTop.some.{0} ENat (@Top.top.{0} ENat _)) φ)
  (hc :
    @HasCompactSupport.{0, 0} (@TheoremT.Continuum.WeakGrushin.Space (Fin (@OfNat.ofNat.{0} Nat (nat_lit 3) _)) _) Real
      _ _ φ),
  And
    (@MeasureTheory.Integrable.{0, 0} Complex _ _
      (@TheoremT.Continuum.WeakGrushin.Space (Fin (@OfNat.ofNat.{0} Nat (nat_lit 3) _)) _)
      (@MeasureTheory.MeasureSpace.toMeasurableSpace.{0}
        (@TheoremT.Continuum.WeakGrushin.Space (Fin (@OfNat.ofNat.{0} Nat (nat_lit 3) _)) _) _)
      (fun (p : @TheoremT.Continuum.WeakGrushin.Space (Fin (@OfNat.ofNat.{0} Nat (nat_lit 3) _)) _) =>
        @HSMul.hSMul.{0, 0, 0} Real Complex Complex _ (φ p)
          (@MeasureTheory.AEEqFun.cast.{0, 0}
            (@TheoremT.Continuum.WeakGrushin.Space (Fin (@OfNat.ofNat.{0} Nat (nat_lit 3) _)) _) Complex _
            (@MeasureTheory.MeasureSpace.volume.{0}
              (@TheoremT.Continuum.WeakGrushin.Space (Fin (@OfNat.ofNat.{0} Nat (nat_lit 3) _)) _) _)
            _
            (@Subtype.val.{1}
              (@MeasureTheory.AEEqFun.{0, 0}
                (@TheoremT.Continuum.WeakGrushin.Space (Fin (@OfNat.ofNat.{0} Nat (nat_lit 3) _)) _) Complex _ _
                (@MeasureTheory.MeasureSpace.volume.{0}
                  (@TheoremT.Continuum.WeakGrushin.Space (Fin (@OfNat.ofNat.{0} Nat (nat_lit 3) _)) _) _))
              (fun
                  (x :
                    @MeasureTheory.AEEqFun.{0, 0}
                      (@TheoremT.Continuum.WeakGrushin.Space (Fin (@OfNat.ofNat.{0} Nat (nat_lit 3) _)) _) Complex _ _
                      (@MeasureTheory.MeasureSpace.volume.{0}
                        (@TheoremT.Continuum.WeakGrushin.Space (Fin (@OfNat.ofNat.{0} Nat (nat_lit 3) _)) _) _)) =>
                @Membership.mem.{0, 0}
                  (@MeasureTheory.AEEqFun.{0, 0}
                    (@TheoremT.Continuum.WeakGrushin.Space (Fin (@OfNat.ofNat.{0} Nat (nat_lit 3) _)) _) Complex _ _
                    (@MeasureTheory.MeasureSpace.volume.{0}
                      (@TheoremT.Continuum.WeakGrushin.Space (Fin (@OfNat.ofNat.{0} Nat (nat_lit 3) _)) _) _))
                  (@AddSubgroup.{0}
                    (@MeasureTheory.AEEqFun.{0, 0}
                      (@TheoremT.Continuum.WeakGrushin.Space (Fin (@OfNat.ofNat.{0} Nat (nat_lit 3) _)) _) Complex _ _
                      (@MeasureTheory.MeasureSpace.volume.{0}
                        (@TheoremT.Continuum.WeakGrushin.Space (Fin (@OfNat.ofNat.{0} Nat (nat_lit 3) _)) _) _))
                    _)
                  _
                  (@MeasureTheory.Lp.{0, 0}
                    (@TheoremT.Continuum.WeakGrushin.Space (Fin (@OfNat.ofNat.{0} Nat (nat_lit 3) _)) _) Complex
                    (@MeasureTheory.MeasureSpace.toMeasurableSpace.{0}
                      (@TheoremT.Continuum.WeakGrushin.Space (Fin (@OfNat.ofNat.{0} Nat (nat_lit 3) _)) _) _)
                    _ (@OfNat.ofNat.{0} ENNReal (nat_lit 2) _)
                    (@MeasureTheory.MeasureSpace.volume.{0}
                      (@TheoremT.Continuum.WeakGrushin.Space (Fin (@OfNat.ofNat.{0} Nat (nat_lit 3) _)) _) _))
                  x)
              (TheoremT.Continuum.WeakGrushin.weakCoordinateJet f d e w))
            p))
      (@MeasureTheory.MeasureSpace.volume.{0}
        (@TheoremT.Continuum.WeakGrushin.Space (Fin (@OfNat.ofNat.{0} Nat (nat_lit 3) _)) _) _))
    (@MeasureTheory.Integrable.{0, 0} Complex _ _
      (@TheoremT.Continuum.WeakGrushin.Space (Fin (@OfNat.ofNat.{0} Nat (nat_lit 3) _)) _)
      (@MeasureTheory.MeasureSpace.toMeasurableSpace.{0}
        (@TheoremT.Continuum.WeakGrushin.Space (Fin (@OfNat.ofNat.{0} Nat (nat_lit 3) _)) _) _)
      (fun (p : @TheoremT.Continuum.WeakGrushin.Space (Fin (@OfNat.ofNat.{0} Nat (nat_lit 3) _)) _) =>
        @HSMul.hSMul.{0, 0, 0} Real Complex Complex _
          (@TheoremT.Continuum.WeakGrushin.productCoordinateTestWord (Fin (@OfNat.ofNat.{0} Nat (nat_lit 3) _)) _ _ w φ
            p)
          (@MeasureTheory.AEEqFun.cast.{0, 0}
            (@TheoremT.Continuum.WeakGrushin.Space (Fin (@OfNat.ofNat.{0} Nat (nat_lit 3) _)) _) Complex _
            (@MeasureTheory.MeasureSpace.volume.{0}
              (@TheoremT.Continuum.WeakGrushin.Space (Fin (@OfNat.ofNat.{0} Nat (nat_lit 3) _)) _) _)
            _
            (@Subtype.val.{1}
              (@MeasureTheory.AEEqFun.{0, 0}
                (@TheoremT.Continuum.WeakGrushin.Space (Fin (@OfNat.ofNat.{0} Nat (nat_lit 3) _)) _) Complex _ _
                (@MeasureTheory.MeasureSpace.volume.{0}
                  (@TheoremT.Continuum.WeakGrushin.Space (Fin (@OfNat.ofNat.{0} Nat (nat_lit 3) _)) _) _))
              (fun
                  (x :
                    @MeasureTheory.AEEqFun.{0, 0}
                      (@TheoremT.Continuum.WeakGrushin.Space (Fin (@OfNat.ofNat.{0} Nat (nat_lit 3) _)) _) Complex _ _
                      (@MeasureTheory.MeasureSpace.volume.{0}
                        (@TheoremT.Continuum.WeakGrushin.Space (Fin (@OfNat.ofNat.{0} Nat (nat_lit 3) _)) _) _)) =>
                @Membership.mem.{0, 0}
                  (@MeasureTheory.AEEqFun.{0, 0}
                    (@TheoremT.Continuum.WeakGrushin.Space (Fin (@OfNat.ofNat.{0} Nat (nat_lit 3) _)) _) Complex _ _
                    (@MeasureTheory.MeasureSpace.volume.{0}
                      (@TheoremT.Continuum.WeakGrushin.Space (Fin (@OfNat.ofNat.{0} Nat (nat_lit 3) _)) _) _))
                  (@AddSubgroup.{0}
                    (@MeasureTheory.AEEqFun.{0, 0}
                      (@TheoremT.Continuum.WeakGrushin.Space (Fin (@OfNat.ofNat.{0} Nat (nat_lit 3) _)) _) Complex _ _
                      (@MeasureTheory.MeasureSpace.volume.{0}
                        (@TheoremT.Continuum.WeakGrushin.Space (Fin (@OfNat.ofNat.{0} Nat (nat_lit 3) _)) _) _))
                    _)
                  _
                  (@MeasureTheory.Lp.{0, 0}
                    (@TheoremT.Continuum.WeakGrushin.Space (Fin (@OfNat.ofNat.{0} Nat (nat_lit 3) _)) _) Complex
                    (@MeasureTheory.MeasureSpace.toMeasurableSpace.{0}
                      (@TheoremT.Continuum.WeakGrushin.Space (Fin (@OfNat.ofNat.{0} Nat (nat_lit 3) _)) _) _)
                    _ (@OfNat.ofNat.{0} ENNReal (nat_lit 2) _)
                    (@MeasureTheory.MeasureSpace.volume.{0}
                      (@TheoremT.Continuum.WeakGrushin.Space (Fin (@OfNat.ofNat.{0} Nat (nat_lit 3) _)) _) _))
                  x)
              f)
            p))
      (@MeasureTheory.MeasureSpace.volume.{0}
        (@TheoremT.Continuum.WeakGrushin.Space (Fin (@OfNat.ofNat.{0} Nat (nat_lit 3) _)) _) _))
TheoremT.Continuum.WeakGrushin.weakFactorialJet_tests : ∀
  (f :
    @Subtype.{1}
      (@MeasureTheory.AEEqFun.{0, 0}
        (@TheoremT.Continuum.WeakGrushin.Space (Fin (@OfNat.ofNat.{0} Nat (nat_lit 3) _)) _) Complex _ _
        (@MeasureTheory.MeasureSpace.volume.{0}
          (@TheoremT.Continuum.WeakGrushin.Space (Fin (@OfNat.ofNat.{0} Nat (nat_lit 3) _)) _) _))
      fun
        (x :
          @MeasureTheory.AEEqFun.{0, 0}
            (@TheoremT.Continuum.WeakGrushin.Space (Fin (@OfNat.ofNat.{0} Nat (nat_lit 3) _)) _) Complex _ _
            (@MeasureTheory.MeasureSpace.volume.{0}
              (@TheoremT.Continuum.WeakGrushin.Space (Fin (@OfNat.ofNat.{0} Nat (nat_lit 3) _)) _) _)) =>
      @Membership.mem.{0, 0}
        (@MeasureTheory.AEEqFun.{0, 0}
          (@TheoremT.Continuum.WeakGrushin.Space (Fin (@OfNat.ofNat.{0} Nat (nat_lit 3) _)) _) Complex _ _
          (@MeasureTheory.MeasureSpace.volume.{0}
            (@TheoremT.Continuum.WeakGrushin.Space (Fin (@OfNat.ofNat.{0} Nat (nat_lit 3) _)) _) _))
        (@AddSubgroup.{0}
          (@MeasureTheory.AEEqFun.{0, 0}
            (@TheoremT.Continuum.WeakGrushin.Space (Fin (@OfNat.ofNat.{0} Nat (nat_lit 3) _)) _) Complex _ _
            (@MeasureTheory.MeasureSpace.volume.{0}
              (@TheoremT.Continuum.WeakGrushin.Space (Fin (@OfNat.ofNat.{0} Nat (nat_lit 3) _)) _) _))
          _)
        _
        (@MeasureTheory.Lp.{0, 0} (@TheoremT.Continuum.WeakGrushin.Space (Fin (@OfNat.ofNat.{0} Nat (nat_lit 3) _)) _)
          Complex
          (@MeasureTheory.MeasureSpace.toMeasurableSpace.{0}
            (@TheoremT.Continuum.WeakGrushin.Space (Fin (@OfNat.ofNat.{0} Nat (nat_lit 3) _)) _) _)
          _ (@OfNat.ofNat.{0} ENNReal (nat_lit 2) _)
          (@MeasureTheory.MeasureSpace.volume.{0}
            (@TheoremT.Continuum.WeakGrushin.Space (Fin (@OfNat.ofNat.{0} Nat (nat_lit 3) _)) _) _))
        x)
  (d :
    @TheoremT.Continuum.WeakGrushin.Space (Fin (@OfNat.ofNat.{0} Nat (nat_lit 3) _)) _ →
      @Subtype.{1}
        (@MeasureTheory.AEEqFun.{0, 0}
          (@TheoremT.Continuum.WeakGrushin.Space (Fin (@OfNat.ofNat.{0} Nat (nat_lit 3) _)) _) Complex _ _
          (@MeasureTheory.MeasureSpace.volume.{0}
            (@TheoremT.Continuum.WeakGrushin.Space (Fin (@OfNat.ofNat.{0} Nat (nat_lit 3) _)) _) _))
        fun
          (x :
            @MeasureTheory.AEEqFun.{0, 0}
              (@TheoremT.Continuum.WeakGrushin.Space (Fin (@OfNat.ofNat.{0} Nat (nat_lit 3) _)) _) Complex _ _
              (@MeasureTheory.MeasureSpace.volume.{0}
                (@TheoremT.Continuum.WeakGrushin.Space (Fin (@OfNat.ofNat.{0} Nat (nat_lit 3) _)) _) _)) =>
        @Membership.mem.{0, 0}
          (@MeasureTheory.AEEqFun.{0, 0}
            (@TheoremT.Continuum.WeakGrushin.Space (Fin (@OfNat.ofNat.{0} Nat (nat_lit 3) _)) _) Complex _ _
            (@MeasureTheory.MeasureSpace.volume.{0}
              (@TheoremT.Continuum.WeakGrushin.Space (Fin (@OfNat.ofNat.{0} Nat (nat_lit 3) _)) _) _))
          (@AddSubgroup.{0}
            (@MeasureTheory.AEEqFun.{0, 0}
              (@TheoremT.Continuum.WeakGrushin.Space (Fin (@OfNat.ofNat.{0} Nat (nat_lit 3) _)) _) Complex _ _
              (@MeasureTheory.MeasureSpace.volume.{0}
                (@TheoremT.Continuum.WeakGrushin.Space (Fin (@OfNat.ofNat.{0} Nat (nat_lit 3) _)) _) _))
            _)
          _
          (@MeasureTheory.Lp.{0, 0} (@TheoremT.Continuum.WeakGrushin.Space (Fin (@OfNat.ofNat.{0} Nat (nat_lit 3) _)) _)
            Complex
            (@MeasureTheory.MeasureSpace.toMeasurableSpace.{0}
              (@TheoremT.Continuum.WeakGrushin.Space (Fin (@OfNat.ofNat.{0} Nat (nat_lit 3) _)) _) _)
            _ (@OfNat.ofNat.{0} ENNReal (nat_lit 2) _)
            (@MeasureTheory.MeasureSpace.volume.{0}
              (@TheoremT.Continuum.WeakGrushin.Space (Fin (@OfNat.ofNat.{0} Nat (nat_lit 3) _)) _) _))
          x)
  (e : @TheoremT.Continuum.WeakGrushin.Jet (Fin (@OfNat.ofNat.{0} Nat (nat_lit 3) _)) _)
  (hd :
    ∀ (v : @TheoremT.Continuum.WeakGrushin.Space (Fin (@OfNat.ofNat.{0} Nat (nat_lit 3) _)) _),
      @TheoremT.Continuum.WeakProductL2Directional.{0, 0}
        (EuclideanSpace.{0, 0} Real (Fin (@OfNat.ofNat.{0} Nat (nat_lit 4) _)))
        (EuclideanSpace.{0, 0} Real (Fin (@OfNat.ofNat.{0} Nat (nat_lit 3) _))) _ _ _ _ _ _ _ _ _ _ f (d v) v)
  (he :
    ∀ (v w : @TheoremT.Continuum.WeakGrushin.Space (Fin (@OfNat.ofNat.{0} Nat (nat_lit 3) _)) _),
      @TheoremT.Continuum.WeakProductL2Directional.{0, 0}
        (EuclideanSpace.{0, 0} Real (Fin (@OfNat.ofNat.{0} Nat (nat_lit 4) _)))
        (EuclideanSpace.{0, 0} Real (Fin (@OfNat.ofNat.{0} Nat (nat_lit 3) _))) _ _ _ _ _ _ _ _ _ _ (d v) (e v w) w)
  (α : Fin (@OfNat.ofNat.{0} Nat (nat_lit 4) _) → Nat) (β : Fin (@OfNat.ofNat.{0} Nat (nat_lit 3) _) → Nat)
  (horder :
    @LE.le.{0} Nat _
      (@HAdd.hAdd.{0, 0, 0} Nat Nat Nat _
        (@Finset.sum.{0, 0} (Fin (@OfNat.ofNat.{0} Nat (nat_lit 4) _)) Nat _
          (@Finset.univ.{0} (Fin (@OfNat.ofNat.{0} Nat (nat_lit 4) _)) _)
          fun (i : Fin (@OfNat.ofNat.{0} Nat (nat_lit 4) _)) => α i)
        (@Finset.sum.{0, 0} (Fin (@OfNat.ofNat.{0} Nat (nat_lit 3) _)) Nat _
          (@Finset.univ.{0} (Fin (@OfNat.ofNat.{0} Nat (nat_lit 3) _)) _)
          fun (j : Fin (@OfNat.ofNat.{0} Nat (nat_lit 3) _)) => β j))
      (@OfNat.ofNat.{0} Nat (nat_lit 2) _))
  {φ : @TheoremT.Continuum.WeakGrushin.Space (Fin (@OfNat.ofNat.{0} Nat (nat_lit 3) _)) _ → Real}
  (hφ :
    @ContDiff.{0, 0, 0} Real _ (@TheoremT.Continuum.WeakGrushin.Space (Fin (@OfNat.ofNat.{0} Nat (nat_lit 3) _)) _) _ _
      Real _ _ (@WithTop.some.{0} ENat (@Top.top.{0} ENat _)) φ)
  (hc :
    @HasCompactSupport.{0, 0} (@TheoremT.Continuum.WeakGrushin.Space (Fin (@OfNat.ofNat.{0} Nat (nat_lit 3) _)) _) Real
      _ _ φ),
  And
    (@MeasureTheory.Integrable.{0, 0} Complex _ _
      (@TheoremT.Continuum.WeakGrushin.Space (Fin (@OfNat.ofNat.{0} Nat (nat_lit 3) _)) _)
      (@MeasureTheory.MeasureSpace.toMeasurableSpace.{0}
        (@TheoremT.Continuum.WeakGrushin.Space (Fin (@OfNat.ofNat.{0} Nat (nat_lit 3) _)) _) _)
      (fun (p : @TheoremT.Continuum.WeakGrushin.Space (Fin (@OfNat.ofNat.{0} Nat (nat_lit 3) _)) _) =>
        @HSMul.hSMul.{0, 0, 0} Real Complex Complex _ (φ p)
          (@MeasureTheory.AEEqFun.cast.{0, 0}
            (@TheoremT.Continuum.WeakGrushin.Space (Fin (@OfNat.ofNat.{0} Nat (nat_lit 3) _)) _) Complex _
            (@MeasureTheory.MeasureSpace.volume.{0}
              (@TheoremT.Continuum.WeakGrushin.Space (Fin (@OfNat.ofNat.{0} Nat (nat_lit 3) _)) _) _)
            _
            (@Subtype.val.{1}
              (@MeasureTheory.AEEqFun.{0, 0}
                (@TheoremT.Continuum.WeakGrushin.Space (Fin (@OfNat.ofNat.{0} Nat (nat_lit 3) _)) _) Complex _ _
                (@MeasureTheory.MeasureSpace.volume.{0}
                  (@TheoremT.Continuum.WeakGrushin.Space (Fin (@OfNat.ofNat.{0} Nat (nat_lit 3) _)) _) _))
              (fun
                  (x :
                    @MeasureTheory.AEEqFun.{0, 0}
                      (@TheoremT.Continuum.WeakGrushin.Space (Fin (@OfNat.ofNat.{0} Nat (nat_lit 3) _)) _) Complex _ _
                      (@MeasureTheory.MeasureSpace.volume.{0}
                        (@TheoremT.Continuum.WeakGrushin.Space (Fin (@OfNat.ofNat.{0} Nat (nat_lit 3) _)) _) _)) =>
                @Membership.mem.{0, 0}
                  (@MeasureTheory.AEEqFun.{0, 0}
                    (@TheoremT.Continuum.WeakGrushin.Space (Fin (@OfNat.ofNat.{0} Nat (nat_lit 3) _)) _) Complex _ _
                    (@MeasureTheory.MeasureSpace.volume.{0}
                      (@TheoremT.Continuum.WeakGrushin.Space (Fin (@OfNat.ofNat.{0} Nat (nat_lit 3) _)) _) _))
                  (@AddSubgroup.{0}
                    (@MeasureTheory.AEEqFun.{0, 0}
                      (@TheoremT.Continuum.WeakGrushin.Space (Fin (@OfNat.ofNat.{0} Nat (nat_lit 3) _)) _) Complex _ _
                      (@MeasureTheory.MeasureSpace.volume.{0}
                        (@TheoremT.Continuum.WeakGrushin.Space (Fin (@OfNat.ofNat.{0} Nat (nat_lit 3) _)) _) _))
                    _)
                  _
                  (@MeasureTheory.Lp.{0, 0}
                    (@TheoremT.Continuum.WeakGrushin.Space (Fin (@OfNat.ofNat.{0} Nat (nat_lit 3) _)) _) Complex
                    (@MeasureTheory.MeasureSpace.toMeasurableSpace.{0}
                      (@TheoremT.Continuum.WeakGrushin.Space (Fin (@OfNat.ofNat.{0} Nat (nat_lit 3) _)) _) _)
                    _ (@OfNat.ofNat.{0} ENNReal (nat_lit 2) _)
                    (@MeasureTheory.MeasureSpace.volume.{0}
                      (@TheoremT.Continuum.WeakGrushin.Space (Fin (@OfNat.ofNat.{0} Nat (nat_lit 3) _)) _) _))
                  x)
              (TheoremT.Continuum.WeakGrushin.weakFactorialJet f d e α β))
            p))
      (@MeasureTheory.MeasureSpace.volume.{0}
        (@TheoremT.Continuum.WeakGrushin.Space (Fin (@OfNat.ofNat.{0} Nat (nat_lit 3) _)) _) _))
    (And
      (@MeasureTheory.Integrable.{0, 0} Complex _ _
        (@TheoremT.Continuum.WeakGrushin.Space (Fin (@OfNat.ofNat.{0} Nat (nat_lit 3) _)) _)
        (@MeasureTheory.MeasureSpace.toMeasurableSpace.{0}
          (@TheoremT.Continuum.WeakGrushin.Space (Fin (@OfNat.ofNat.{0} Nat (nat_lit 3) _)) _) _)
        (fun (p : @TheoremT.Continuum.WeakGrushin.Space (Fin (@OfNat.ofNat.{0} Nat (nat_lit 3) _)) _) =>
          @HSMul.hSMul.{0, 0, 0} Real Complex Complex _
            (@TheoremT.Continuum.WeakGrushin.productCoordinateTestWord (Fin (@OfNat.ofNat.{0} Nat (nat_lit 3) _)) _ _
              (TheoremT.Continuum.mixedMultiIndexWord α β) φ p)
            (@MeasureTheory.AEEqFun.cast.{0, 0}
              (@TheoremT.Continuum.WeakGrushin.Space (Fin (@OfNat.ofNat.{0} Nat (nat_lit 3) _)) _) Complex _
              (@MeasureTheory.MeasureSpace.volume.{0}
                (@TheoremT.Continuum.WeakGrushin.Space (Fin (@OfNat.ofNat.{0} Nat (nat_lit 3) _)) _) _)
              _
              (@Subtype.val.{1}
                (@MeasureTheory.AEEqFun.{0, 0}
                  (@TheoremT.Continuum.WeakGrushin.Space (Fin (@OfNat.ofNat.{0} Nat (nat_lit 3) _)) _) Complex _ _
                  (@MeasureTheory.MeasureSpace.volume.{0}
                    (@TheoremT.Continuum.WeakGrushin.Space (Fin (@OfNat.ofNat.{0} Nat (nat_lit 3) _)) _) _))
                (fun
                    (x :
                      @MeasureTheory.AEEqFun.{0, 0}
                        (@TheoremT.Continuum.WeakGrushin.Space (Fin (@OfNat.ofNat.{0} Nat (nat_lit 3) _)) _) Complex _ _
                        (@MeasureTheory.MeasureSpace.volume.{0}
                          (@TheoremT.Continuum.WeakGrushin.Space (Fin (@OfNat.ofNat.{0} Nat (nat_lit 3) _)) _) _)) =>
                  @Membership.mem.{0, 0}
                    (@MeasureTheory.AEEqFun.{0, 0}
                      (@TheoremT.Continuum.WeakGrushin.Space (Fin (@OfNat.ofNat.{0} Nat (nat_lit 3) _)) _) Complex _ _
                      (@MeasureTheory.MeasureSpace.volume.{0}
                        (@TheoremT.Continuum.WeakGrushin.Space (Fin (@OfNat.ofNat.{0} Nat (nat_lit 3) _)) _) _))
                    (@AddSubgroup.{0}
                      (@MeasureTheory.AEEqFun.{0, 0}
                        (@TheoremT.Continuum.WeakGrushin.Space (Fin (@OfNat.ofNat.{0} Nat (nat_lit 3) _)) _) Complex _ _
                        (@MeasureTheory.MeasureSpace.volume.{0}
                          (@TheoremT.Continuum.WeakGrushin.Space (Fin (@OfNat.ofNat.{0} Nat (nat_lit 3) _)) _) _))
                      _)
                    _
                    (@MeasureTheory.Lp.{0, 0}
                      (@TheoremT.Continuum.WeakGrushin.Space (Fin (@OfNat.ofNat.{0} Nat (nat_lit 3) _)) _) Complex
                      (@MeasureTheory.MeasureSpace.toMeasurableSpace.{0}
                        (@TheoremT.Continuum.WeakGrushin.Space (Fin (@OfNat.ofNat.{0} Nat (nat_lit 3) _)) _) _)
                      _ (@OfNat.ofNat.{0} ENNReal (nat_lit 2) _)
                      (@MeasureTheory.MeasureSpace.volume.{0}
                        (@TheoremT.Continuum.WeakGrushin.Space (Fin (@OfNat.ofNat.{0} Nat (nat_lit 3) _)) _) _))
                    x)
                f)
              p))
        (@MeasureTheory.MeasureSpace.volume.{0}
          (@TheoremT.Continuum.WeakGrushin.Space (Fin (@OfNat.ofNat.{0} Nat (nat_lit 3) _)) _) _))
      (@Eq.{1} Complex
        (@MeasureTheory.integral.{0, 0}
          (@TheoremT.Continuum.WeakGrushin.Space (Fin (@OfNat.ofNat.{0} Nat (nat_lit 3) _)) _) Complex _ _
          (@MeasureTheory.MeasureSpace.toMeasurableSpace.{0}
            (@TheoremT.Continuum.WeakGrushin.Space (Fin (@OfNat.ofNat.{0} Nat (nat_lit 3) _)) _) _)
          (@MeasureTheory.MeasureSpace.volume.{0}
            (@TheoremT.Continuum.WeakGrushin.Space (Fin (@OfNat.ofNat.{0} Nat (nat_lit 3) _)) _) _)
          fun (p : @TheoremT.Continuum.WeakGrushin.Space (Fin (@OfNat.ofNat.{0} Nat (nat_lit 3) _)) _) =>
          @HSMul.hSMul.{0, 0, 0} Real Complex Complex _ (φ p)
            (@MeasureTheory.AEEqFun.cast.{0, 0}
              (@TheoremT.Continuum.WeakGrushin.Space (Fin (@OfNat.ofNat.{0} Nat (nat_lit 3) _)) _) Complex _
              (@MeasureTheory.MeasureSpace.volume.{0}
                (@TheoremT.Continuum.WeakGrushin.Space (Fin (@OfNat.ofNat.{0} Nat (nat_lit 3) _)) _) _)
              _
              (@Subtype.val.{1}
                (@MeasureTheory.AEEqFun.{0, 0}
                  (@TheoremT.Continuum.WeakGrushin.Space (Fin (@OfNat.ofNat.{0} Nat (nat_lit 3) _)) _) Complex _ _
                  (@MeasureTheory.MeasureSpace.volume.{0}
                    (@TheoremT.Continuum.WeakGrushin.Space (Fin (@OfNat.ofNat.{0} Nat (nat_lit 3) _)) _) _))
                (fun
                    (x :
                      @MeasureTheory.AEEqFun.{0, 0}
                        (@TheoremT.Continuum.WeakGrushin.Space (Fin (@OfNat.ofNat.{0} Nat (nat_lit 3) _)) _) Complex _ _
                        (@MeasureTheory.MeasureSpace.volume.{0}
                          (@TheoremT.Continuum.WeakGrushin.Space (Fin (@OfNat.ofNat.{0} Nat (nat_lit 3) _)) _) _)) =>
                  @Membership.mem.{0, 0}
                    (@MeasureTheory.AEEqFun.{0, 0}
                      (@TheoremT.Continuum.WeakGrushin.Space (Fin (@OfNat.ofNat.{0} Nat (nat_lit 3) _)) _) Complex _ _
                      (@MeasureTheory.MeasureSpace.volume.{0}
                        (@TheoremT.Continuum.WeakGrushin.Space (Fin (@OfNat.ofNat.{0} Nat (nat_lit 3) _)) _) _))
                    (@AddSubgroup.{0}
                      (@MeasureTheory.AEEqFun.{0, 0}
                        (@TheoremT.Continuum.WeakGrushin.Space (Fin (@OfNat.ofNat.{0} Nat (nat_lit 3) _)) _) Complex _ _
                        (@MeasureTheory.MeasureSpace.volume.{0}
                          (@TheoremT.Continuum.WeakGrushin.Space (Fin (@OfNat.ofNat.{0} Nat (nat_lit 3) _)) _) _))
                      _)
                    _
                    (@MeasureTheory.Lp.{0, 0}
                      (@TheoremT.Continuum.WeakGrushin.Space (Fin (@OfNat.ofNat.{0} Nat (nat_lit 3) _)) _) Complex
                      (@MeasureTheory.MeasureSpace.toMeasurableSpace.{0}
                        (@TheoremT.Continuum.WeakGrushin.Space (Fin (@OfNat.ofNat.{0} Nat (nat_lit 3) _)) _) _)
                      _ (@OfNat.ofNat.{0} ENNReal (nat_lit 2) _)
                      (@MeasureTheory.MeasureSpace.volume.{0}
                        (@TheoremT.Continuum.WeakGrushin.Space (Fin (@OfNat.ofNat.{0} Nat (nat_lit 3) _)) _) _))
                    x)
                (TheoremT.Continuum.WeakGrushin.weakFactorialJet f d e α β))
              p))
        (@HSMul.hSMul.{0, 0, 0} Real Complex Complex _
          (@HPow.hPow.{0, 0, 0} Real Nat Real _ (@Neg.neg.{0} Real _ (@OfNat.ofNat.{0} Real (nat_lit 1) _))
            (@HAdd.hAdd.{0, 0, 0} Nat Nat Nat _
              (@Finset.sum.{0, 0} (Fin (@OfNat.ofNat.{0} Nat (nat_lit 4) _)) Nat _
                (@Finset.univ.{0} (Fin (@OfNat.ofNat.{0} Nat (nat_lit 4) _)) _)
                fun (i : Fin (@OfNat.ofNat.{0} Nat (nat_lit 4) _)) => α i)
              (@Finset.sum.{0, 0} (Fin (@OfNat.ofNat.{0} Nat (nat_lit 3) _)) Nat _
                (@Finset.univ.{0} (Fin (@OfNat.ofNat.{0} Nat (nat_lit 3) _)) _)
                fun (j : Fin (@OfNat.ofNat.{0} Nat (nat_lit 3) _)) => β j)))
          (@MeasureTheory.integral.{0, 0}
            (@TheoremT.Continuum.WeakGrushin.Space (Fin (@OfNat.ofNat.{0} Nat (nat_lit 3) _)) _) Complex _ _
            (@MeasureTheory.MeasureSpace.toMeasurableSpace.{0}
              (@TheoremT.Continuum.WeakGrushin.Space (Fin (@OfNat.ofNat.{0} Nat (nat_lit 3) _)) _) _)
            (@MeasureTheory.MeasureSpace.volume.{0}
              (@TheoremT.Continuum.WeakGrushin.Space (Fin (@OfNat.ofNat.{0} Nat (nat_lit 3) _)) _) _)
            fun (p : @TheoremT.Continuum.WeakGrushin.Space (Fin (@OfNat.ofNat.{0} Nat (nat_lit 3) _)) _) =>
            @HSMul.hSMul.{0, 0, 0} Real Complex Complex _
              (@TheoremT.Continuum.WeakGrushin.productCoordinateTestWord (Fin (@OfNat.ofNat.{0} Nat (nat_lit 3) _)) _ _
                (TheoremT.Continuum.mixedMultiIndexWord α β) φ p)
              (@MeasureTheory.AEEqFun.cast.{0, 0}
                (@TheoremT.Continuum.WeakGrushin.Space (Fin (@OfNat.ofNat.{0} Nat (nat_lit 3) _)) _) Complex _
                (@MeasureTheory.MeasureSpace.volume.{0}
                  (@TheoremT.Continuum.WeakGrushin.Space (Fin (@OfNat.ofNat.{0} Nat (nat_lit 3) _)) _) _)
                _
                (@Subtype.val.{1}
                  (@MeasureTheory.AEEqFun.{0, 0}
                    (@TheoremT.Continuum.WeakGrushin.Space (Fin (@OfNat.ofNat.{0} Nat (nat_lit 3) _)) _) Complex _ _
                    (@MeasureTheory.MeasureSpace.volume.{0}
                      (@TheoremT.Continuum.WeakGrushin.Space (Fin (@OfNat.ofNat.{0} Nat (nat_lit 3) _)) _) _))
                  (fun
                      (x :
                        @MeasureTheory.AEEqFun.{0, 0}
                          (@TheoremT.Continuum.WeakGrushin.Space (Fin (@OfNat.ofNat.{0} Nat (nat_lit 3) _)) _) Complex _
                          _
                          (@MeasureTheory.MeasureSpace.volume.{0}
                            (@TheoremT.Continuum.WeakGrushin.Space (Fin (@OfNat.ofNat.{0} Nat (nat_lit 3) _)) _) _)) =>
                    @Membership.mem.{0, 0}
                      (@MeasureTheory.AEEqFun.{0, 0}
                        (@TheoremT.Continuum.WeakGrushin.Space (Fin (@OfNat.ofNat.{0} Nat (nat_lit 3) _)) _) Complex _ _
                        (@MeasureTheory.MeasureSpace.volume.{0}
                          (@TheoremT.Continuum.WeakGrushin.Space (Fin (@OfNat.ofNat.{0} Nat (nat_lit 3) _)) _) _))
                      (@AddSubgroup.{0}
                        (@MeasureTheory.AEEqFun.{0, 0}
                          (@TheoremT.Continuum.WeakGrushin.Space (Fin (@OfNat.ofNat.{0} Nat (nat_lit 3) _)) _) Complex _
                          _
                          (@MeasureTheory.MeasureSpace.volume.{0}
                            (@TheoremT.Continuum.WeakGrushin.Space (Fin (@OfNat.ofNat.{0} Nat (nat_lit 3) _)) _) _))
                        _)
                      _
                      (@MeasureTheory.Lp.{0, 0}
                        (@TheoremT.Continuum.WeakGrushin.Space (Fin (@OfNat.ofNat.{0} Nat (nat_lit 3) _)) _) Complex
                        (@MeasureTheory.MeasureSpace.toMeasurableSpace.{0}
                          (@TheoremT.Continuum.WeakGrushin.Space (Fin (@OfNat.ofNat.{0} Nat (nat_lit 3) _)) _) _)
                        _ (@OfNat.ofNat.{0} ENNReal (nat_lit 2) _)
                        (@MeasureTheory.MeasureSpace.volume.{0}
                          (@TheoremT.Continuum.WeakGrushin.Space (Fin (@OfNat.ofNat.{0} Nat (nat_lit 3) _)) _) _))
                      x)
                  f)
                p)))))
TheoremT.Continuum.WeakGrushin.weakFactorialJet_ae_eq_local_of_tests : ∀
  (f :
    @Subtype.{1}
      (@MeasureTheory.AEEqFun.{0, 0}
        (@TheoremT.Continuum.WeakGrushin.Space (Fin (@OfNat.ofNat.{0} Nat (nat_lit 3) _)) _) Complex _ _
        (@MeasureTheory.MeasureSpace.volume.{0}
          (@TheoremT.Continuum.WeakGrushin.Space (Fin (@OfNat.ofNat.{0} Nat (nat_lit 3) _)) _) _))
      fun
        (x :
          @MeasureTheory.AEEqFun.{0, 0}
            (@TheoremT.Continuum.WeakGrushin.Space (Fin (@OfNat.ofNat.{0} Nat (nat_lit 3) _)) _) Complex _ _
            (@MeasureTheory.MeasureSpace.volume.{0}
              (@TheoremT.Continuum.WeakGrushin.Space (Fin (@OfNat.ofNat.{0} Nat (nat_lit 3) _)) _) _)) =>
      @Membership.mem.{0, 0}
        (@MeasureTheory.AEEqFun.{0, 0}
          (@TheoremT.Continuum.WeakGrushin.Space (Fin (@OfNat.ofNat.{0} Nat (nat_lit 3) _)) _) Complex _ _
          (@MeasureTheory.MeasureSpace.volume.{0}
            (@TheoremT.Continuum.WeakGrushin.Space (Fin (@OfNat.ofNat.{0} Nat (nat_lit 3) _)) _) _))
        (@AddSubgroup.{0}
          (@MeasureTheory.AEEqFun.{0, 0}
            (@TheoremT.Continuum.WeakGrushin.Space (Fin (@OfNat.ofNat.{0} Nat (nat_lit 3) _)) _) Complex _ _
            (@MeasureTheory.MeasureSpace.volume.{0}
              (@TheoremT.Continuum.WeakGrushin.Space (Fin (@OfNat.ofNat.{0} Nat (nat_lit 3) _)) _) _))
          _)
        _
        (@MeasureTheory.Lp.{0, 0} (@TheoremT.Continuum.WeakGrushin.Space (Fin (@OfNat.ofNat.{0} Nat (nat_lit 3) _)) _)
          Complex
          (@MeasureTheory.MeasureSpace.toMeasurableSpace.{0}
            (@TheoremT.Continuum.WeakGrushin.Space (Fin (@OfNat.ofNat.{0} Nat (nat_lit 3) _)) _) _)
          _ (@OfNat.ofNat.{0} ENNReal (nat_lit 2) _)
          (@MeasureTheory.MeasureSpace.volume.{0}
            (@TheoremT.Continuum.WeakGrushin.Space (Fin (@OfNat.ofNat.{0} Nat (nat_lit 3) _)) _) _))
        x)
  (d :
    @TheoremT.Continuum.WeakGrushin.Space (Fin (@OfNat.ofNat.{0} Nat (nat_lit 3) _)) _ →
      @Subtype.{1}
        (@MeasureTheory.AEEqFun.{0, 0}
          (@TheoremT.Continuum.WeakGrushin.Space (Fin (@OfNat.ofNat.{0} Nat (nat_lit 3) _)) _) Complex _ _
          (@MeasureTheory.MeasureSpace.volume.{0}
            (@TheoremT.Continuum.WeakGrushin.Space (Fin (@OfNat.ofNat.{0} Nat (nat_lit 3) _)) _) _))
        fun
          (x :
            @MeasureTheory.AEEqFun.{0, 0}
              (@TheoremT.Continuum.WeakGrushin.Space (Fin (@OfNat.ofNat.{0} Nat (nat_lit 3) _)) _) Complex _ _
              (@MeasureTheory.MeasureSpace.volume.{0}
                (@TheoremT.Continuum.WeakGrushin.Space (Fin (@OfNat.ofNat.{0} Nat (nat_lit 3) _)) _) _)) =>
        @Membership.mem.{0, 0}
          (@MeasureTheory.AEEqFun.{0, 0}
            (@TheoremT.Continuum.WeakGrushin.Space (Fin (@OfNat.ofNat.{0} Nat (nat_lit 3) _)) _) Complex _ _
            (@MeasureTheory.MeasureSpace.volume.{0}
              (@TheoremT.Continuum.WeakGrushin.Space (Fin (@OfNat.ofNat.{0} Nat (nat_lit 3) _)) _) _))
          (@AddSubgroup.{0}
            (@MeasureTheory.AEEqFun.{0, 0}
              (@TheoremT.Continuum.WeakGrushin.Space (Fin (@OfNat.ofNat.{0} Nat (nat_lit 3) _)) _) Complex _ _
              (@MeasureTheory.MeasureSpace.volume.{0}
                (@TheoremT.Continuum.WeakGrushin.Space (Fin (@OfNat.ofNat.{0} Nat (nat_lit 3) _)) _) _))
            _)
          _
          (@MeasureTheory.Lp.{0, 0} (@TheoremT.Continuum.WeakGrushin.Space (Fin (@OfNat.ofNat.{0} Nat (nat_lit 3) _)) _)
            Complex
            (@MeasureTheory.MeasureSpace.toMeasurableSpace.{0}
              (@TheoremT.Continuum.WeakGrushin.Space (Fin (@OfNat.ofNat.{0} Nat (nat_lit 3) _)) _) _)
            _ (@OfNat.ofNat.{0} ENNReal (nat_lit 2) _)
            (@MeasureTheory.MeasureSpace.volume.{0}
              (@TheoremT.Continuum.WeakGrushin.Space (Fin (@OfNat.ofNat.{0} Nat (nat_lit 3) _)) _) _))
          x)
  (e : @TheoremT.Continuum.WeakGrushin.Jet (Fin (@OfNat.ofNat.{0} Nat (nat_lit 3) _)) _)
  (hd :
    ∀ (v : @TheoremT.Continuum.WeakGrushin.Space (Fin (@OfNat.ofNat.{0} Nat (nat_lit 3) _)) _),
      @TheoremT.Continuum.WeakProductL2Directional.{0, 0}
        (EuclideanSpace.{0, 0} Real (Fin (@OfNat.ofNat.{0} Nat (nat_lit 4) _)))
        (EuclideanSpace.{0, 0} Real (Fin (@OfNat.ofNat.{0} Nat (nat_lit 3) _))) _ _ _ _ _ _ _ _ _ _ f (d v) v)
  (he :
    ∀ (v w : @TheoremT.Continuum.WeakGrushin.Space (Fin (@OfNat.ofNat.{0} Nat (nat_lit 3) _)) _),
      @TheoremT.Continuum.WeakProductL2Directional.{0, 0}
        (EuclideanSpace.{0, 0} Real (Fin (@OfNat.ofNat.{0} Nat (nat_lit 4) _)))
        (EuclideanSpace.{0, 0} Real (Fin (@OfNat.ofNat.{0} Nat (nat_lit 3) _))) _ _ _ _ _ _ _ _ _ _ (d v) (e v w) w)
  (α : Fin (@OfNat.ofNat.{0} Nat (nat_lit 4) _) → Nat) (β : Fin (@OfNat.ofNat.{0} Nat (nat_lit 3) _) → Nat)
  (horder :
    @LE.le.{0} Nat _
      (@HAdd.hAdd.{0, 0, 0} Nat Nat Nat _
        (@Finset.sum.{0, 0} (Fin (@OfNat.ofNat.{0} Nat (nat_lit 4) _)) Nat _
          (@Finset.univ.{0} (Fin (@OfNat.ofNat.{0} Nat (nat_lit 4) _)) _)
          fun (i : Fin (@OfNat.ofNat.{0} Nat (nat_lit 4) _)) => α i)
        (@Finset.sum.{0, 0} (Fin (@OfNat.ofNat.{0} Nat (nat_lit 3) _)) Nat _
          (@Finset.univ.{0} (Fin (@OfNat.ofNat.{0} Nat (nat_lit 3) _)) _)
          fun (j : Fin (@OfNat.ofNat.{0} Nat (nat_lit 3) _)) => β j))
      (@OfNat.ofNat.{0} Nat (nat_lit 2) _))
  {Ω : Set.{0} (@TheoremT.Continuum.WeakGrushin.Space (Fin (@OfNat.ofNat.{0} Nat (nat_lit 3) _)) _)}
  (hΩ : @IsOpen.{0} (@TheoremT.Continuum.WeakGrushin.Space (Fin (@OfNat.ofNat.{0} Nat (nat_lit 3) _)) _) _ Ω)
  {D : @TheoremT.Continuum.WeakGrushin.Space (Fin (@OfNat.ofNat.{0} Nat (nat_lit 3) _)) _ → Complex}
  (hD :
    @TheoremT.Continuum.ProductLocallyL2On.{0, 0}
      (EuclideanSpace.{0, 0} Real (Fin (@OfNat.ofNat.{0} Nat (nat_lit 4) _)))
      (EuclideanSpace.{0, 0} Real (Fin (@OfNat.ofNat.{0} Nat (nat_lit 3) _))) _ _ _ _ _ _ _ _ _ _ D Ω)
  (hTest :
    ∀ (φ : @TheoremT.Continuum.WeakGrushin.Space (Fin (@OfNat.ofNat.{0} Nat (nat_lit 3) _)) _ → Real),
      @ContDiff.{0, 0, 0} Real _ (@TheoremT.Continuum.WeakGrushin.Space (Fin (@OfNat.ofNat.{0} Nat (nat_lit 3) _)) _) _
          _ Real _ _ (@WithTop.some.{0} ENat (@Top.top.{0} ENat _)) φ →
        @HasCompactSupport.{0, 0} (@TheoremT.Continuum.WeakGrushin.Space (Fin (@OfNat.ofNat.{0} Nat (nat_lit 3) _)) _)
            Real _ _ φ →
          @LE.le.{0} (Set.{0} (@TheoremT.Continuum.WeakGrushin.Space (Fin (@OfNat.ofNat.{0} Nat (nat_lit 3) _)) _)) _
              (@tsupport.{0, 0} (@TheoremT.Continuum.WeakGrushin.Space (Fin (@OfNat.ofNat.{0} Nat (nat_lit 3) _)) _)
                Real _ _ φ)
              Ω →
            @Eq.{1} Complex
              (@MeasureTheory.integral.{0, 0}
                (@TheoremT.Continuum.WeakGrushin.Space (Fin (@OfNat.ofNat.{0} Nat (nat_lit 3) _)) _) Complex _ _
                (@MeasureTheory.MeasureSpace.toMeasurableSpace.{0}
                  (@TheoremT.Continuum.WeakGrushin.Space (Fin (@OfNat.ofNat.{0} Nat (nat_lit 3) _)) _) _)
                (@MeasureTheory.MeasureSpace.volume.{0}
                  (@TheoremT.Continuum.WeakGrushin.Space (Fin (@OfNat.ofNat.{0} Nat (nat_lit 3) _)) _) _)
                fun (p : @TheoremT.Continuum.WeakGrushin.Space (Fin (@OfNat.ofNat.{0} Nat (nat_lit 3) _)) _) =>
                @HSMul.hSMul.{0, 0, 0} Real Complex Complex _ (φ p) (D p))
              (@HSMul.hSMul.{0, 0, 0} Real Complex Complex _
                (@HPow.hPow.{0, 0, 0} Real Nat Real _ (@Neg.neg.{0} Real _ (@OfNat.ofNat.{0} Real (nat_lit 1) _))
                  (@HAdd.hAdd.{0, 0, 0} Nat Nat Nat _
                    (@Finset.sum.{0, 0} (Fin (@OfNat.ofNat.{0} Nat (nat_lit 4) _)) Nat _
                      (@Finset.univ.{0} (Fin (@OfNat.ofNat.{0} Nat (nat_lit 4) _)) _)
                      fun (i : Fin (@OfNat.ofNat.{0} Nat (nat_lit 4) _)) => α i)
                    (@Finset.sum.{0, 0} (Fin (@OfNat.ofNat.{0} Nat (nat_lit 3) _)) Nat _
                      (@Finset.univ.{0} (Fin (@OfNat.ofNat.{0} Nat (nat_lit 3) _)) _)
                      fun (j : Fin (@OfNat.ofNat.{0} Nat (nat_lit 3) _)) => β j)))
                (@MeasureTheory.integral.{0, 0}
                  (@TheoremT.Continuum.WeakGrushin.Space (Fin (@OfNat.ofNat.{0} Nat (nat_lit 3) _)) _) Complex _ _
                  (@MeasureTheory.MeasureSpace.toMeasurableSpace.{0}
                    (@TheoremT.Continuum.WeakGrushin.Space (Fin (@OfNat.ofNat.{0} Nat (nat_lit 3) _)) _) _)
                  (@MeasureTheory.MeasureSpace.volume.{0}
                    (@TheoremT.Continuum.WeakGrushin.Space (Fin (@OfNat.ofNat.{0} Nat (nat_lit 3) _)) _) _)
                  fun (p : @TheoremT.Continuum.WeakGrushin.Space (Fin (@OfNat.ofNat.{0} Nat (nat_lit 3) _)) _) =>
                  @HSMul.hSMul.{0, 0, 0} Real Complex Complex _
                    (@TheoremT.Continuum.WeakGrushin.productCoordinateTestWord
                      (Fin (@OfNat.ofNat.{0} Nat (nat_lit 3) _)) _ _ (TheoremT.Continuum.mixedMultiIndexWord α β) φ p)
                    (@MeasureTheory.AEEqFun.cast.{0, 0}
                      (@TheoremT.Continuum.WeakGrushin.Space (Fin (@OfNat.ofNat.{0} Nat (nat_lit 3) _)) _) Complex _
                      (@MeasureTheory.MeasureSpace.volume.{0}
                        (@TheoremT.Continuum.WeakGrushin.Space (Fin (@OfNat.ofNat.{0} Nat (nat_lit 3) _)) _) _)
                      _
                      (@Subtype.val.{1}
                        (@MeasureTheory.AEEqFun.{0, 0}
                          (@TheoremT.Continuum.WeakGrushin.Space (Fin (@OfNat.ofNat.{0} Nat (nat_lit 3) _)) _) Complex _
                          _
                          (@MeasureTheory.MeasureSpace.volume.{0}
                            (@TheoremT.Continuum.WeakGrushin.Space (Fin (@OfNat.ofNat.{0} Nat (nat_lit 3) _)) _) _))
                        (fun
                            (x :
                              @MeasureTheory.AEEqFun.{0, 0}
                                (@TheoremT.Continuum.WeakGrushin.Space (Fin (@OfNat.ofNat.{0} Nat (nat_lit 3) _)) _)
                                Complex _ _
                                (@MeasureTheory.MeasureSpace.volume.{0}
                                  (@TheoremT.Continuum.WeakGrushin.Space (Fin (@OfNat.ofNat.{0} Nat (nat_lit 3) _)) _)
                                  _)) =>
                          @Membership.mem.{0, 0}
                            (@MeasureTheory.AEEqFun.{0, 0}
                              (@TheoremT.Continuum.WeakGrushin.Space (Fin (@OfNat.ofNat.{0} Nat (nat_lit 3) _)) _)
                              Complex _ _
                              (@MeasureTheory.MeasureSpace.volume.{0}
                                (@TheoremT.Continuum.WeakGrushin.Space (Fin (@OfNat.ofNat.{0} Nat (nat_lit 3) _)) _) _))
                            (@AddSubgroup.{0}
                              (@MeasureTheory.AEEqFun.{0, 0}
                                (@TheoremT.Continuum.WeakGrushin.Space (Fin (@OfNat.ofNat.{0} Nat (nat_lit 3) _)) _)
                                Complex _ _
                                (@MeasureTheory.MeasureSpace.volume.{0}
                                  (@TheoremT.Continuum.WeakGrushin.Space (Fin (@OfNat.ofNat.{0} Nat (nat_lit 3) _)) _)
                                  _))
                              _)
                            _
                            (@MeasureTheory.Lp.{0, 0}
                              (@TheoremT.Continuum.WeakGrushin.Space (Fin (@OfNat.ofNat.{0} Nat (nat_lit 3) _)) _)
                              Complex
                              (@MeasureTheory.MeasureSpace.toMeasurableSpace.{0}
                                (@TheoremT.Continuum.WeakGrushin.Space (Fin (@OfNat.ofNat.{0} Nat (nat_lit 3) _)) _) _)
                              _ (@OfNat.ofNat.{0} ENNReal (nat_lit 2) _)
                              (@MeasureTheory.MeasureSpace.volume.{0}
                                (@TheoremT.Continuum.WeakGrushin.Space (Fin (@OfNat.ofNat.{0} Nat (nat_lit 3) _)) _) _))
                            x)
                        f)
                      p)))),
  @Filter.Eventually.{0} (@TheoremT.Continuum.WeakGrushin.Space (Fin (@OfNat.ofNat.{0} Nat (nat_lit 3) _)) _)
    (fun (p : @TheoremT.Continuum.WeakGrushin.Space (Fin (@OfNat.ofNat.{0} Nat (nat_lit 3) _)) _) =>
      @Membership.mem.{0, 0} (@TheoremT.Continuum.WeakGrushin.Space (Fin (@OfNat.ofNat.{0} Nat (nat_lit 3) _)) _)
          (Set.{0} (@TheoremT.Continuum.WeakGrushin.Space (Fin (@OfNat.ofNat.{0} Nat (nat_lit 3) _)) _)) _ Ω p →
        @Eq.{1} Complex (D p)
          (@MeasureTheory.AEEqFun.cast.{0, 0}
            (@TheoremT.Continuum.WeakGrushin.Space (Fin (@OfNat.ofNat.{0} Nat (nat_lit 3) _)) _) Complex _
            (@MeasureTheory.MeasureSpace.volume.{0}
              (@TheoremT.Continuum.WeakGrushin.Space (Fin (@OfNat.ofNat.{0} Nat (nat_lit 3) _)) _) _)
            _
            (@Subtype.val.{1}
              (@MeasureTheory.AEEqFun.{0, 0}
                (@TheoremT.Continuum.WeakGrushin.Space (Fin (@OfNat.ofNat.{0} Nat (nat_lit 3) _)) _) Complex _ _
                (@MeasureTheory.MeasureSpace.volume.{0}
                  (@TheoremT.Continuum.WeakGrushin.Space (Fin (@OfNat.ofNat.{0} Nat (nat_lit 3) _)) _) _))
              (fun
                  (x :
                    @MeasureTheory.AEEqFun.{0, 0}
                      (@TheoremT.Continuum.WeakGrushin.Space (Fin (@OfNat.ofNat.{0} Nat (nat_lit 3) _)) _) Complex _ _
                      (@MeasureTheory.MeasureSpace.volume.{0}
                        (@TheoremT.Continuum.WeakGrushin.Space (Fin (@OfNat.ofNat.{0} Nat (nat_lit 3) _)) _) _)) =>
                @Membership.mem.{0, 0}
                  (@MeasureTheory.AEEqFun.{0, 0}
                    (@TheoremT.Continuum.WeakGrushin.Space (Fin (@OfNat.ofNat.{0} Nat (nat_lit 3) _)) _) Complex _ _
                    (@MeasureTheory.MeasureSpace.volume.{0}
                      (@TheoremT.Continuum.WeakGrushin.Space (Fin (@OfNat.ofNat.{0} Nat (nat_lit 3) _)) _) _))
                  (@AddSubgroup.{0}
                    (@MeasureTheory.AEEqFun.{0, 0}
                      (@TheoremT.Continuum.WeakGrushin.Space (Fin (@OfNat.ofNat.{0} Nat (nat_lit 3) _)) _) Complex _ _
                      (@MeasureTheory.MeasureSpace.volume.{0}
                        (@TheoremT.Continuum.WeakGrushin.Space (Fin (@OfNat.ofNat.{0} Nat (nat_lit 3) _)) _) _))
                    _)
                  _
                  (@MeasureTheory.Lp.{0, 0}
                    (@TheoremT.Continuum.WeakGrushin.Space (Fin (@OfNat.ofNat.{0} Nat (nat_lit 3) _)) _) Complex
                    (@MeasureTheory.MeasureSpace.toMeasurableSpace.{0}
                      (@TheoremT.Continuum.WeakGrushin.Space (Fin (@OfNat.ofNat.{0} Nat (nat_lit 3) _)) _) _)
                    _ (@OfNat.ofNat.{0} ENNReal (nat_lit 2) _)
                    (@MeasureTheory.MeasureSpace.volume.{0}
                      (@TheoremT.Continuum.WeakGrushin.Space (Fin (@OfNat.ofNat.{0} Nat (nat_lit 3) _)) _) _))
                  x)
              (TheoremT.Continuum.WeakGrushin.weakFactorialJet f d e α β))
            p))
    (@MeasureTheory.ae.{0, 0} (@TheoremT.Continuum.WeakGrushin.Space (Fin (@OfNat.ofNat.{0} Nat (nat_lit 3) _)) _)
      (@MeasureTheory.Measure.{0} (@TheoremT.Continuum.WeakGrushin.Space (Fin (@OfNat.ofNat.{0} Nat (nat_lit 3) _)) _)
        _)
      _ _
      (@MeasureTheory.MeasureSpace.volume.{0}
        (@TheoremT.Continuum.WeakGrushin.Space (Fin (@OfNat.ofNat.{0} Nat (nat_lit 3) _)) _) _))
TheoremT.Continuum.WeakGrushin.weakCoordinateJet_closed_support : ∀
  (f :
    @Subtype.{1}
      (@MeasureTheory.AEEqFun.{0, 0}
        (@TheoremT.Continuum.WeakGrushin.Space (Fin (@OfNat.ofNat.{0} Nat (nat_lit 3) _)) _) Complex _ _
        (@MeasureTheory.MeasureSpace.volume.{0}
          (@TheoremT.Continuum.WeakGrushin.Space (Fin (@OfNat.ofNat.{0} Nat (nat_lit 3) _)) _) _))
      fun
        (x :
          @MeasureTheory.AEEqFun.{0, 0}
            (@TheoremT.Continuum.WeakGrushin.Space (Fin (@OfNat.ofNat.{0} Nat (nat_lit 3) _)) _) Complex _ _
            (@MeasureTheory.MeasureSpace.volume.{0}
              (@TheoremT.Continuum.WeakGrushin.Space (Fin (@OfNat.ofNat.{0} Nat (nat_lit 3) _)) _) _)) =>
      @Membership.mem.{0, 0}
        (@MeasureTheory.AEEqFun.{0, 0}
          (@TheoremT.Continuum.WeakGrushin.Space (Fin (@OfNat.ofNat.{0} Nat (nat_lit 3) _)) _) Complex _ _
          (@MeasureTheory.MeasureSpace.volume.{0}
            (@TheoremT.Continuum.WeakGrushin.Space (Fin (@OfNat.ofNat.{0} Nat (nat_lit 3) _)) _) _))
        (@AddSubgroup.{0}
          (@MeasureTheory.AEEqFun.{0, 0}
            (@TheoremT.Continuum.WeakGrushin.Space (Fin (@OfNat.ofNat.{0} Nat (nat_lit 3) _)) _) Complex _ _
            (@MeasureTheory.MeasureSpace.volume.{0}
              (@TheoremT.Continuum.WeakGrushin.Space (Fin (@OfNat.ofNat.{0} Nat (nat_lit 3) _)) _) _))
          _)
        _
        (@MeasureTheory.Lp.{0, 0} (@TheoremT.Continuum.WeakGrushin.Space (Fin (@OfNat.ofNat.{0} Nat (nat_lit 3) _)) _)
          Complex
          (@MeasureTheory.MeasureSpace.toMeasurableSpace.{0}
            (@TheoremT.Continuum.WeakGrushin.Space (Fin (@OfNat.ofNat.{0} Nat (nat_lit 3) _)) _) _)
          _ (@OfNat.ofNat.{0} ENNReal (nat_lit 2) _)
          (@MeasureTheory.MeasureSpace.volume.{0}
            (@TheoremT.Continuum.WeakGrushin.Space (Fin (@OfNat.ofNat.{0} Nat (nat_lit 3) _)) _) _))
        x)
  (d :
    @TheoremT.Continuum.WeakGrushin.Space (Fin (@OfNat.ofNat.{0} Nat (nat_lit 3) _)) _ →
      @Subtype.{1}
        (@MeasureTheory.AEEqFun.{0, 0}
          (@TheoremT.Continuum.WeakGrushin.Space (Fin (@OfNat.ofNat.{0} Nat (nat_lit 3) _)) _) Complex _ _
          (@MeasureTheory.MeasureSpace.volume.{0}
            (@TheoremT.Continuum.WeakGrushin.Space (Fin (@OfNat.ofNat.{0} Nat (nat_lit 3) _)) _) _))
        fun
          (x :
            @MeasureTheory.AEEqFun.{0, 0}
              (@TheoremT.Continuum.WeakGrushin.Space (Fin (@OfNat.ofNat.{0} Nat (nat_lit 3) _)) _) Complex _ _
              (@MeasureTheory.MeasureSpace.volume.{0}
                (@TheoremT.Continuum.WeakGrushin.Space (Fin (@OfNat.ofNat.{0} Nat (nat_lit 3) _)) _) _)) =>
        @Membership.mem.{0, 0}
          (@MeasureTheory.AEEqFun.{0, 0}
            (@TheoremT.Continuum.WeakGrushin.Space (Fin (@OfNat.ofNat.{0} Nat (nat_lit 3) _)) _) Complex _ _
            (@MeasureTheory.MeasureSpace.volume.{0}
              (@TheoremT.Continuum.WeakGrushin.Space (Fin (@OfNat.ofNat.{0} Nat (nat_lit 3) _)) _) _))
          (@AddSubgroup.{0}
            (@MeasureTheory.AEEqFun.{0, 0}
              (@TheoremT.Continuum.WeakGrushin.Space (Fin (@OfNat.ofNat.{0} Nat (nat_lit 3) _)) _) Complex _ _
              (@MeasureTheory.MeasureSpace.volume.{0}
                (@TheoremT.Continuum.WeakGrushin.Space (Fin (@OfNat.ofNat.{0} Nat (nat_lit 3) _)) _) _))
            _)
          _
          (@MeasureTheory.Lp.{0, 0} (@TheoremT.Continuum.WeakGrushin.Space (Fin (@OfNat.ofNat.{0} Nat (nat_lit 3) _)) _)
            Complex
            (@MeasureTheory.MeasureSpace.toMeasurableSpace.{0}
              (@TheoremT.Continuum.WeakGrushin.Space (Fin (@OfNat.ofNat.{0} Nat (nat_lit 3) _)) _) _)
            _ (@OfNat.ofNat.{0} ENNReal (nat_lit 2) _)
            (@MeasureTheory.MeasureSpace.volume.{0}
              (@TheoremT.Continuum.WeakGrushin.Space (Fin (@OfNat.ofNat.{0} Nat (nat_lit 3) _)) _) _))
          x)
  (e : @TheoremT.Continuum.WeakGrushin.Jet (Fin (@OfNat.ofNat.{0} Nat (nat_lit 3) _)) _)
  (hd :
    ∀ (v : @TheoremT.Continuum.WeakGrushin.Space (Fin (@OfNat.ofNat.{0} Nat (nat_lit 3) _)) _),
      @TheoremT.Continuum.WeakProductL2Directional.{0, 0}
        (EuclideanSpace.{0, 0} Real (Fin (@OfNat.ofNat.{0} Nat (nat_lit 4) _)))
        (EuclideanSpace.{0, 0} Real (Fin (@OfNat.ofNat.{0} Nat (nat_lit 3) _))) _ _ _ _ _ _ _ _ _ _ f (d v) v)
  (he :
    ∀ (v w : @TheoremT.Continuum.WeakGrushin.Space (Fin (@OfNat.ofNat.{0} Nat (nat_lit 3) _)) _),
      @TheoremT.Continuum.WeakProductL2Directional.{0, 0}
        (EuclideanSpace.{0, 0} Real (Fin (@OfNat.ofNat.{0} Nat (nat_lit 4) _)))
        (EuclideanSpace.{0, 0} Real (Fin (@OfNat.ofNat.{0} Nat (nat_lit 3) _))) _ _ _ _ _ _ _ _ _ _ (d v) (e v w) w)
  {K : Set.{0} (@TheoremT.Continuum.WeakGrushin.Space (Fin (@OfNat.ofNat.{0} Nat (nat_lit 3) _)) _)}
  (hK : @IsClosed.{0} (@TheoremT.Continuum.WeakGrushin.Space (Fin (@OfNat.ofNat.{0} Nat (nat_lit 3) _)) _) _ K)
  (hs :
    @Filter.Eventually.{0} (@TheoremT.Continuum.WeakGrushin.Space (Fin (@OfNat.ofNat.{0} Nat (nat_lit 3) _)) _)
      (fun (p : @TheoremT.Continuum.WeakGrushin.Space (Fin (@OfNat.ofNat.{0} Nat (nat_lit 3) _)) _) =>
        Not
            (@Membership.mem.{0, 0} (@TheoremT.Continuum.WeakGrushin.Space (Fin (@OfNat.ofNat.{0} Nat (nat_lit 3) _)) _)
              (Set.{0} (@TheoremT.Continuum.WeakGrushin.Space (Fin (@OfNat.ofNat.{0} Nat (nat_lit 3) _)) _)) _ K p) →
          @Eq.{1} Complex
            (@MeasureTheory.AEEqFun.cast.{0, 0}
              (@TheoremT.Continuum.WeakGrushin.Space (Fin (@OfNat.ofNat.{0} Nat (nat_lit 3) _)) _) Complex _
              (@MeasureTheory.MeasureSpace.volume.{0}
                (@TheoremT.Continuum.WeakGrushin.Space (Fin (@OfNat.ofNat.{0} Nat (nat_lit 3) _)) _) _)
              _
              (@Subtype.val.{1}
                (@MeasureTheory.AEEqFun.{0, 0}
                  (@TheoremT.Continuum.WeakGrushin.Space (Fin (@OfNat.ofNat.{0} Nat (nat_lit 3) _)) _) Complex _ _
                  (@MeasureTheory.MeasureSpace.volume.{0}
                    (@TheoremT.Continuum.WeakGrushin.Space (Fin (@OfNat.ofNat.{0} Nat (nat_lit 3) _)) _) _))
                (fun
                    (x :
                      @MeasureTheory.AEEqFun.{0, 0}
                        (@TheoremT.Continuum.WeakGrushin.Space (Fin (@OfNat.ofNat.{0} Nat (nat_lit 3) _)) _) Complex _ _
                        (@MeasureTheory.MeasureSpace.volume.{0}
                          (@TheoremT.Continuum.WeakGrushin.Space (Fin (@OfNat.ofNat.{0} Nat (nat_lit 3) _)) _) _)) =>
                  @Membership.mem.{0, 0}
                    (@MeasureTheory.AEEqFun.{0, 0}
                      (@TheoremT.Continuum.WeakGrushin.Space (Fin (@OfNat.ofNat.{0} Nat (nat_lit 3) _)) _) Complex _ _
                      (@MeasureTheory.MeasureSpace.volume.{0}
                        (@TheoremT.Continuum.WeakGrushin.Space (Fin (@OfNat.ofNat.{0} Nat (nat_lit 3) _)) _) _))
                    (@AddSubgroup.{0}
                      (@MeasureTheory.AEEqFun.{0, 0}
                        (@TheoremT.Continuum.WeakGrushin.Space (Fin (@OfNat.ofNat.{0} Nat (nat_lit 3) _)) _) Complex _ _
                        (@MeasureTheory.MeasureSpace.volume.{0}
                          (@TheoremT.Continuum.WeakGrushin.Space (Fin (@OfNat.ofNat.{0} Nat (nat_lit 3) _)) _) _))
                      _)
                    _
                    (@MeasureTheory.Lp.{0, 0}
                      (@TheoremT.Continuum.WeakGrushin.Space (Fin (@OfNat.ofNat.{0} Nat (nat_lit 3) _)) _) Complex
                      (@MeasureTheory.MeasureSpace.toMeasurableSpace.{0}
                        (@TheoremT.Continuum.WeakGrushin.Space (Fin (@OfNat.ofNat.{0} Nat (nat_lit 3) _)) _) _)
                      _ (@OfNat.ofNat.{0} ENNReal (nat_lit 2) _)
                      (@MeasureTheory.MeasureSpace.volume.{0}
                        (@TheoremT.Continuum.WeakGrushin.Space (Fin (@OfNat.ofNat.{0} Nat (nat_lit 3) _)) _) _))
                    x)
                f)
              p)
            (@OfNat.ofNat.{0} Complex (nat_lit 0) _))
      (@MeasureTheory.ae.{0, 0} (@TheoremT.Continuum.WeakGrushin.Space (Fin (@OfNat.ofNat.{0} Nat (nat_lit 3) _)) _)
        (@MeasureTheory.Measure.{0} (@TheoremT.Continuum.WeakGrushin.Space (Fin (@OfNat.ofNat.{0} Nat (nat_lit 3) _)) _)
          _)
        _ _
        (@MeasureTheory.MeasureSpace.volume.{0}
          (@TheoremT.Continuum.WeakGrushin.Space (Fin (@OfNat.ofNat.{0} Nat (nat_lit 3) _)) _) _)))
  (w : List.{0} (Sum.{0, 0} (Fin (@OfNat.ofNat.{0} Nat (nat_lit 4) _)) (Fin (@OfNat.ofNat.{0} Nat (nat_lit 3) _)))),
  @Filter.Eventually.{0} (@TheoremT.Continuum.WeakGrushin.Space (Fin (@OfNat.ofNat.{0} Nat (nat_lit 3) _)) _)
    (fun (p : @TheoremT.Continuum.WeakGrushin.Space (Fin (@OfNat.ofNat.{0} Nat (nat_lit 3) _)) _) =>
      Not
          (@Membership.mem.{0, 0} (@TheoremT.Continuum.WeakGrushin.Space (Fin (@OfNat.ofNat.{0} Nat (nat_lit 3) _)) _)
            (Set.{0} (@TheoremT.Continuum.WeakGrushin.Space (Fin (@OfNat.ofNat.{0} Nat (nat_lit 3) _)) _)) _ K p) →
        @Eq.{1} Complex
          (@MeasureTheory.AEEqFun.cast.{0, 0}
            (@TheoremT.Continuum.WeakGrushin.Space (Fin (@OfNat.ofNat.{0} Nat (nat_lit 3) _)) _) Complex _
            (@MeasureTheory.MeasureSpace.volume.{0}
              (@TheoremT.Continuum.WeakGrushin.Space (Fin (@OfNat.ofNat.{0} Nat (nat_lit 3) _)) _) _)
            _
            (@Subtype.val.{1}
              (@MeasureTheory.AEEqFun.{0, 0}
                (@TheoremT.Continuum.WeakGrushin.Space (Fin (@OfNat.ofNat.{0} Nat (nat_lit 3) _)) _) Complex _ _
                (@MeasureTheory.MeasureSpace.volume.{0}
                  (@TheoremT.Continuum.WeakGrushin.Space (Fin (@OfNat.ofNat.{0} Nat (nat_lit 3) _)) _) _))
              (fun
                  (x :
                    @MeasureTheory.AEEqFun.{0, 0}
                      (@TheoremT.Continuum.WeakGrushin.Space (Fin (@OfNat.ofNat.{0} Nat (nat_lit 3) _)) _) Complex _ _
                      (@MeasureTheory.MeasureSpace.volume.{0}
                        (@TheoremT.Continuum.WeakGrushin.Space (Fin (@OfNat.ofNat.{0} Nat (nat_lit 3) _)) _) _)) =>
                @Membership.mem.{0, 0}
                  (@MeasureTheory.AEEqFun.{0, 0}
                    (@TheoremT.Continuum.WeakGrushin.Space (Fin (@OfNat.ofNat.{0} Nat (nat_lit 3) _)) _) Complex _ _
                    (@MeasureTheory.MeasureSpace.volume.{0}
                      (@TheoremT.Continuum.WeakGrushin.Space (Fin (@OfNat.ofNat.{0} Nat (nat_lit 3) _)) _) _))
                  (@AddSubgroup.{0}
                    (@MeasureTheory.AEEqFun.{0, 0}
                      (@TheoremT.Continuum.WeakGrushin.Space (Fin (@OfNat.ofNat.{0} Nat (nat_lit 3) _)) _) Complex _ _
                      (@MeasureTheory.MeasureSpace.volume.{0}
                        (@TheoremT.Continuum.WeakGrushin.Space (Fin (@OfNat.ofNat.{0} Nat (nat_lit 3) _)) _) _))
                    _)
                  _
                  (@MeasureTheory.Lp.{0, 0}
                    (@TheoremT.Continuum.WeakGrushin.Space (Fin (@OfNat.ofNat.{0} Nat (nat_lit 3) _)) _) Complex
                    (@MeasureTheory.MeasureSpace.toMeasurableSpace.{0}
                      (@TheoremT.Continuum.WeakGrushin.Space (Fin (@OfNat.ofNat.{0} Nat (nat_lit 3) _)) _) _)
                    _ (@OfNat.ofNat.{0} ENNReal (nat_lit 2) _)
                    (@MeasureTheory.MeasureSpace.volume.{0}
                      (@TheoremT.Continuum.WeakGrushin.Space (Fin (@OfNat.ofNat.{0} Nat (nat_lit 3) _)) _) _))
                  x)
              (TheoremT.Continuum.WeakGrushin.weakCoordinateJet f d e w))
            p)
          (@OfNat.ofNat.{0} Complex (nat_lit 0) _))
    (@MeasureTheory.ae.{0, 0} (@TheoremT.Continuum.WeakGrushin.Space (Fin (@OfNat.ofNat.{0} Nat (nat_lit 3) _)) _)
      (@MeasureTheory.Measure.{0} (@TheoremT.Continuum.WeakGrushin.Space (Fin (@OfNat.ofNat.{0} Nat (nat_lit 3) _)) _)
        _)
      _ _
      (@MeasureTheory.MeasureSpace.volume.{0}
        (@TheoremT.Continuum.WeakGrushin.Space (Fin (@OfNat.ofNat.{0} Nat (nat_lit 3) _)) _) _))
TheoremT.Continuum.WeakGrushin.weakFactorialJet_closed_support : ∀
  (f :
    @Subtype.{1}
      (@MeasureTheory.AEEqFun.{0, 0}
        (@TheoremT.Continuum.WeakGrushin.Space (Fin (@OfNat.ofNat.{0} Nat (nat_lit 3) _)) _) Complex _ _
        (@MeasureTheory.MeasureSpace.volume.{0}
          (@TheoremT.Continuum.WeakGrushin.Space (Fin (@OfNat.ofNat.{0} Nat (nat_lit 3) _)) _) _))
      fun
        (x :
          @MeasureTheory.AEEqFun.{0, 0}
            (@TheoremT.Continuum.WeakGrushin.Space (Fin (@OfNat.ofNat.{0} Nat (nat_lit 3) _)) _) Complex _ _
            (@MeasureTheory.MeasureSpace.volume.{0}
              (@TheoremT.Continuum.WeakGrushin.Space (Fin (@OfNat.ofNat.{0} Nat (nat_lit 3) _)) _) _)) =>
      @Membership.mem.{0, 0}
        (@MeasureTheory.AEEqFun.{0, 0}
          (@TheoremT.Continuum.WeakGrushin.Space (Fin (@OfNat.ofNat.{0} Nat (nat_lit 3) _)) _) Complex _ _
          (@MeasureTheory.MeasureSpace.volume.{0}
            (@TheoremT.Continuum.WeakGrushin.Space (Fin (@OfNat.ofNat.{0} Nat (nat_lit 3) _)) _) _))
        (@AddSubgroup.{0}
          (@MeasureTheory.AEEqFun.{0, 0}
            (@TheoremT.Continuum.WeakGrushin.Space (Fin (@OfNat.ofNat.{0} Nat (nat_lit 3) _)) _) Complex _ _
            (@MeasureTheory.MeasureSpace.volume.{0}
              (@TheoremT.Continuum.WeakGrushin.Space (Fin (@OfNat.ofNat.{0} Nat (nat_lit 3) _)) _) _))
          _)
        _
        (@MeasureTheory.Lp.{0, 0} (@TheoremT.Continuum.WeakGrushin.Space (Fin (@OfNat.ofNat.{0} Nat (nat_lit 3) _)) _)
          Complex
          (@MeasureTheory.MeasureSpace.toMeasurableSpace.{0}
            (@TheoremT.Continuum.WeakGrushin.Space (Fin (@OfNat.ofNat.{0} Nat (nat_lit 3) _)) _) _)
          _ (@OfNat.ofNat.{0} ENNReal (nat_lit 2) _)
          (@MeasureTheory.MeasureSpace.volume.{0}
            (@TheoremT.Continuum.WeakGrushin.Space (Fin (@OfNat.ofNat.{0} Nat (nat_lit 3) _)) _) _))
        x)
  (d :
    @TheoremT.Continuum.WeakGrushin.Space (Fin (@OfNat.ofNat.{0} Nat (nat_lit 3) _)) _ →
      @Subtype.{1}
        (@MeasureTheory.AEEqFun.{0, 0}
          (@TheoremT.Continuum.WeakGrushin.Space (Fin (@OfNat.ofNat.{0} Nat (nat_lit 3) _)) _) Complex _ _
          (@MeasureTheory.MeasureSpace.volume.{0}
            (@TheoremT.Continuum.WeakGrushin.Space (Fin (@OfNat.ofNat.{0} Nat (nat_lit 3) _)) _) _))
        fun
          (x :
            @MeasureTheory.AEEqFun.{0, 0}
              (@TheoremT.Continuum.WeakGrushin.Space (Fin (@OfNat.ofNat.{0} Nat (nat_lit 3) _)) _) Complex _ _
              (@MeasureTheory.MeasureSpace.volume.{0}
                (@TheoremT.Continuum.WeakGrushin.Space (Fin (@OfNat.ofNat.{0} Nat (nat_lit 3) _)) _) _)) =>
        @Membership.mem.{0, 0}
          (@MeasureTheory.AEEqFun.{0, 0}
            (@TheoremT.Continuum.WeakGrushin.Space (Fin (@OfNat.ofNat.{0} Nat (nat_lit 3) _)) _) Complex _ _
            (@MeasureTheory.MeasureSpace.volume.{0}
              (@TheoremT.Continuum.WeakGrushin.Space (Fin (@OfNat.ofNat.{0} Nat (nat_lit 3) _)) _) _))
          (@AddSubgroup.{0}
            (@MeasureTheory.AEEqFun.{0, 0}
              (@TheoremT.Continuum.WeakGrushin.Space (Fin (@OfNat.ofNat.{0} Nat (nat_lit 3) _)) _) Complex _ _
              (@MeasureTheory.MeasureSpace.volume.{0}
                (@TheoremT.Continuum.WeakGrushin.Space (Fin (@OfNat.ofNat.{0} Nat (nat_lit 3) _)) _) _))
            _)
          _
          (@MeasureTheory.Lp.{0, 0} (@TheoremT.Continuum.WeakGrushin.Space (Fin (@OfNat.ofNat.{0} Nat (nat_lit 3) _)) _)
            Complex
            (@MeasureTheory.MeasureSpace.toMeasurableSpace.{0}
              (@TheoremT.Continuum.WeakGrushin.Space (Fin (@OfNat.ofNat.{0} Nat (nat_lit 3) _)) _) _)
            _ (@OfNat.ofNat.{0} ENNReal (nat_lit 2) _)
            (@MeasureTheory.MeasureSpace.volume.{0}
              (@TheoremT.Continuum.WeakGrushin.Space (Fin (@OfNat.ofNat.{0} Nat (nat_lit 3) _)) _) _))
          x)
  (e : @TheoremT.Continuum.WeakGrushin.Jet (Fin (@OfNat.ofNat.{0} Nat (nat_lit 3) _)) _)
  (hd :
    ∀ (v : @TheoremT.Continuum.WeakGrushin.Space (Fin (@OfNat.ofNat.{0} Nat (nat_lit 3) _)) _),
      @TheoremT.Continuum.WeakProductL2Directional.{0, 0}
        (EuclideanSpace.{0, 0} Real (Fin (@OfNat.ofNat.{0} Nat (nat_lit 4) _)))
        (EuclideanSpace.{0, 0} Real (Fin (@OfNat.ofNat.{0} Nat (nat_lit 3) _))) _ _ _ _ _ _ _ _ _ _ f (d v) v)
  (he :
    ∀ (v w : @TheoremT.Continuum.WeakGrushin.Space (Fin (@OfNat.ofNat.{0} Nat (nat_lit 3) _)) _),
      @TheoremT.Continuum.WeakProductL2Directional.{0, 0}
        (EuclideanSpace.{0, 0} Real (Fin (@OfNat.ofNat.{0} Nat (nat_lit 4) _)))
        (EuclideanSpace.{0, 0} Real (Fin (@OfNat.ofNat.{0} Nat (nat_lit 3) _))) _ _ _ _ _ _ _ _ _ _ (d v) (e v w) w)
  {K : Set.{0} (@TheoremT.Continuum.WeakGrushin.Space (Fin (@OfNat.ofNat.{0} Nat (nat_lit 3) _)) _)}
  (hK : @IsClosed.{0} (@TheoremT.Continuum.WeakGrushin.Space (Fin (@OfNat.ofNat.{0} Nat (nat_lit 3) _)) _) _ K)
  (hs :
    @Filter.Eventually.{0} (@TheoremT.Continuum.WeakGrushin.Space (Fin (@OfNat.ofNat.{0} Nat (nat_lit 3) _)) _)
      (fun (p : @TheoremT.Continuum.WeakGrushin.Space (Fin (@OfNat.ofNat.{0} Nat (nat_lit 3) _)) _) =>
        Not
            (@Membership.mem.{0, 0} (@TheoremT.Continuum.WeakGrushin.Space (Fin (@OfNat.ofNat.{0} Nat (nat_lit 3) _)) _)
              (Set.{0} (@TheoremT.Continuum.WeakGrushin.Space (Fin (@OfNat.ofNat.{0} Nat (nat_lit 3) _)) _)) _ K p) →
          @Eq.{1} Complex
            (@MeasureTheory.AEEqFun.cast.{0, 0}
              (@TheoremT.Continuum.WeakGrushin.Space (Fin (@OfNat.ofNat.{0} Nat (nat_lit 3) _)) _) Complex _
              (@MeasureTheory.MeasureSpace.volume.{0}
                (@TheoremT.Continuum.WeakGrushin.Space (Fin (@OfNat.ofNat.{0} Nat (nat_lit 3) _)) _) _)
              _
              (@Subtype.val.{1}
                (@MeasureTheory.AEEqFun.{0, 0}
                  (@TheoremT.Continuum.WeakGrushin.Space (Fin (@OfNat.ofNat.{0} Nat (nat_lit 3) _)) _) Complex _ _
                  (@MeasureTheory.MeasureSpace.volume.{0}
                    (@TheoremT.Continuum.WeakGrushin.Space (Fin (@OfNat.ofNat.{0} Nat (nat_lit 3) _)) _) _))
                (fun
                    (x :
                      @MeasureTheory.AEEqFun.{0, 0}
                        (@TheoremT.Continuum.WeakGrushin.Space (Fin (@OfNat.ofNat.{0} Nat (nat_lit 3) _)) _) Complex _ _
                        (@MeasureTheory.MeasureSpace.volume.{0}
                          (@TheoremT.Continuum.WeakGrushin.Space (Fin (@OfNat.ofNat.{0} Nat (nat_lit 3) _)) _) _)) =>
                  @Membership.mem.{0, 0}
                    (@MeasureTheory.AEEqFun.{0, 0}
                      (@TheoremT.Continuum.WeakGrushin.Space (Fin (@OfNat.ofNat.{0} Nat (nat_lit 3) _)) _) Complex _ _
                      (@MeasureTheory.MeasureSpace.volume.{0}
                        (@TheoremT.Continuum.WeakGrushin.Space (Fin (@OfNat.ofNat.{0} Nat (nat_lit 3) _)) _) _))
                    (@AddSubgroup.{0}
                      (@MeasureTheory.AEEqFun.{0, 0}
                        (@TheoremT.Continuum.WeakGrushin.Space (Fin (@OfNat.ofNat.{0} Nat (nat_lit 3) _)) _) Complex _ _
                        (@MeasureTheory.MeasureSpace.volume.{0}
                          (@TheoremT.Continuum.WeakGrushin.Space (Fin (@OfNat.ofNat.{0} Nat (nat_lit 3) _)) _) _))
                      _)
                    _
                    (@MeasureTheory.Lp.{0, 0}
                      (@TheoremT.Continuum.WeakGrushin.Space (Fin (@OfNat.ofNat.{0} Nat (nat_lit 3) _)) _) Complex
                      (@MeasureTheory.MeasureSpace.toMeasurableSpace.{0}
                        (@TheoremT.Continuum.WeakGrushin.Space (Fin (@OfNat.ofNat.{0} Nat (nat_lit 3) _)) _) _)
                      _ (@OfNat.ofNat.{0} ENNReal (nat_lit 2) _)
                      (@MeasureTheory.MeasureSpace.volume.{0}
                        (@TheoremT.Continuum.WeakGrushin.Space (Fin (@OfNat.ofNat.{0} Nat (nat_lit 3) _)) _) _))
                    x)
                f)
              p)
            (@OfNat.ofNat.{0} Complex (nat_lit 0) _))
      (@MeasureTheory.ae.{0, 0} (@TheoremT.Continuum.WeakGrushin.Space (Fin (@OfNat.ofNat.{0} Nat (nat_lit 3) _)) _)
        (@MeasureTheory.Measure.{0} (@TheoremT.Continuum.WeakGrushin.Space (Fin (@OfNat.ofNat.{0} Nat (nat_lit 3) _)) _)
          _)
        _ _
        (@MeasureTheory.MeasureSpace.volume.{0}
          (@TheoremT.Continuum.WeakGrushin.Space (Fin (@OfNat.ofNat.{0} Nat (nat_lit 3) _)) _) _)))
  (α : Fin (@OfNat.ofNat.{0} Nat (nat_lit 4) _) → Nat) (β : Fin (@OfNat.ofNat.{0} Nat (nat_lit 3) _) → Nat),
  @Filter.Eventually.{0} (@TheoremT.Continuum.WeakGrushin.Space (Fin (@OfNat.ofNat.{0} Nat (nat_lit 3) _)) _)
    (fun (p : @TheoremT.Continuum.WeakGrushin.Space (Fin (@OfNat.ofNat.{0} Nat (nat_lit 3) _)) _) =>
      Not
          (@Membership.mem.{0, 0} (@TheoremT.Continuum.WeakGrushin.Space (Fin (@OfNat.ofNat.{0} Nat (nat_lit 3) _)) _)
            (Set.{0} (@TheoremT.Continuum.WeakGrushin.Space (Fin (@OfNat.ofNat.{0} Nat (nat_lit 3) _)) _)) _ K p) →
        @Eq.{1} Complex
          (@MeasureTheory.AEEqFun.cast.{0, 0}
            (@TheoremT.Continuum.WeakGrushin.Space (Fin (@OfNat.ofNat.{0} Nat (nat_lit 3) _)) _) Complex _
            (@MeasureTheory.MeasureSpace.volume.{0}
              (@TheoremT.Continuum.WeakGrushin.Space (Fin (@OfNat.ofNat.{0} Nat (nat_lit 3) _)) _) _)
            _
            (@Subtype.val.{1}
              (@MeasureTheory.AEEqFun.{0, 0}
                (@TheoremT.Continuum.WeakGrushin.Space (Fin (@OfNat.ofNat.{0} Nat (nat_lit 3) _)) _) Complex _ _
                (@MeasureTheory.MeasureSpace.volume.{0}
                  (@TheoremT.Continuum.WeakGrushin.Space (Fin (@OfNat.ofNat.{0} Nat (nat_lit 3) _)) _) _))
              (fun
                  (x :
                    @MeasureTheory.AEEqFun.{0, 0}
                      (@TheoremT.Continuum.WeakGrushin.Space (Fin (@OfNat.ofNat.{0} Nat (nat_lit 3) _)) _) Complex _ _
                      (@MeasureTheory.MeasureSpace.volume.{0}
                        (@TheoremT.Continuum.WeakGrushin.Space (Fin (@OfNat.ofNat.{0} Nat (nat_lit 3) _)) _) _)) =>
                @Membership.mem.{0, 0}
                  (@MeasureTheory.AEEqFun.{0, 0}
                    (@TheoremT.Continuum.WeakGrushin.Space (Fin (@OfNat.ofNat.{0} Nat (nat_lit 3) _)) _) Complex _ _
                    (@MeasureTheory.MeasureSpace.volume.{0}
                      (@TheoremT.Continuum.WeakGrushin.Space (Fin (@OfNat.ofNat.{0} Nat (nat_lit 3) _)) _) _))
                  (@AddSubgroup.{0}
                    (@MeasureTheory.AEEqFun.{0, 0}
                      (@TheoremT.Continuum.WeakGrushin.Space (Fin (@OfNat.ofNat.{0} Nat (nat_lit 3) _)) _) Complex _ _
                      (@MeasureTheory.MeasureSpace.volume.{0}
                        (@TheoremT.Continuum.WeakGrushin.Space (Fin (@OfNat.ofNat.{0} Nat (nat_lit 3) _)) _) _))
                    _)
                  _
                  (@MeasureTheory.Lp.{0, 0}
                    (@TheoremT.Continuum.WeakGrushin.Space (Fin (@OfNat.ofNat.{0} Nat (nat_lit 3) _)) _) Complex
                    (@MeasureTheory.MeasureSpace.toMeasurableSpace.{0}
                      (@TheoremT.Continuum.WeakGrushin.Space (Fin (@OfNat.ofNat.{0} Nat (nat_lit 3) _)) _) _)
                    _ (@OfNat.ofNat.{0} ENNReal (nat_lit 2) _)
                    (@MeasureTheory.MeasureSpace.volume.{0}
                      (@TheoremT.Continuum.WeakGrushin.Space (Fin (@OfNat.ofNat.{0} Nat (nat_lit 3) _)) _) _))
                  x)
              (TheoremT.Continuum.WeakGrushin.weakFactorialJet f d e α β))
            p)
          (@OfNat.ofNat.{0} Complex (nat_lit 0) _))
    (@MeasureTheory.ae.{0, 0} (@TheoremT.Continuum.WeakGrushin.Space (Fin (@OfNat.ofNat.{0} Nat (nat_lit 3) _)) _)
      (@MeasureTheory.Measure.{0} (@TheoremT.Continuum.WeakGrushin.Space (Fin (@OfNat.ofNat.{0} Nat (nat_lit 3) _)) _)
        _)
      _ _
      (@MeasureTheory.MeasureSpace.volume.{0}
        (@TheoremT.Continuum.WeakGrushin.Space (Fin (@OfNat.ofNat.{0} Nat (nat_lit 3) _)) _) _))
TheoremT.Continuum.WeakGrushin.weakFactorialJet_ae_eq_of_local_tests_support : ∀
  (f :
    @Subtype.{1}
      (@MeasureTheory.AEEqFun.{0, 0}
        (@TheoremT.Continuum.WeakGrushin.Space (Fin (@OfNat.ofNat.{0} Nat (nat_lit 3) _)) _) Complex _ _
        (@MeasureTheory.MeasureSpace.volume.{0}
          (@TheoremT.Continuum.WeakGrushin.Space (Fin (@OfNat.ofNat.{0} Nat (nat_lit 3) _)) _) _))
      fun
        (x :
          @MeasureTheory.AEEqFun.{0, 0}
            (@TheoremT.Continuum.WeakGrushin.Space (Fin (@OfNat.ofNat.{0} Nat (nat_lit 3) _)) _) Complex _ _
            (@MeasureTheory.MeasureSpace.volume.{0}
              (@TheoremT.Continuum.WeakGrushin.Space (Fin (@OfNat.ofNat.{0} Nat (nat_lit 3) _)) _) _)) =>
      @Membership.mem.{0, 0}
        (@MeasureTheory.AEEqFun.{0, 0}
          (@TheoremT.Continuum.WeakGrushin.Space (Fin (@OfNat.ofNat.{0} Nat (nat_lit 3) _)) _) Complex _ _
          (@MeasureTheory.MeasureSpace.volume.{0}
            (@TheoremT.Continuum.WeakGrushin.Space (Fin (@OfNat.ofNat.{0} Nat (nat_lit 3) _)) _) _))
        (@AddSubgroup.{0}
          (@MeasureTheory.AEEqFun.{0, 0}
            (@TheoremT.Continuum.WeakGrushin.Space (Fin (@OfNat.ofNat.{0} Nat (nat_lit 3) _)) _) Complex _ _
            (@MeasureTheory.MeasureSpace.volume.{0}
              (@TheoremT.Continuum.WeakGrushin.Space (Fin (@OfNat.ofNat.{0} Nat (nat_lit 3) _)) _) _))
          _)
        _
        (@MeasureTheory.Lp.{0, 0} (@TheoremT.Continuum.WeakGrushin.Space (Fin (@OfNat.ofNat.{0} Nat (nat_lit 3) _)) _)
          Complex
          (@MeasureTheory.MeasureSpace.toMeasurableSpace.{0}
            (@TheoremT.Continuum.WeakGrushin.Space (Fin (@OfNat.ofNat.{0} Nat (nat_lit 3) _)) _) _)
          _ (@OfNat.ofNat.{0} ENNReal (nat_lit 2) _)
          (@MeasureTheory.MeasureSpace.volume.{0}
            (@TheoremT.Continuum.WeakGrushin.Space (Fin (@OfNat.ofNat.{0} Nat (nat_lit 3) _)) _) _))
        x)
  (d :
    @TheoremT.Continuum.WeakGrushin.Space (Fin (@OfNat.ofNat.{0} Nat (nat_lit 3) _)) _ →
      @Subtype.{1}
        (@MeasureTheory.AEEqFun.{0, 0}
          (@TheoremT.Continuum.WeakGrushin.Space (Fin (@OfNat.ofNat.{0} Nat (nat_lit 3) _)) _) Complex _ _
          (@MeasureTheory.MeasureSpace.volume.{0}
            (@TheoremT.Continuum.WeakGrushin.Space (Fin (@OfNat.ofNat.{0} Nat (nat_lit 3) _)) _) _))
        fun
          (x :
            @MeasureTheory.AEEqFun.{0, 0}
              (@TheoremT.Continuum.WeakGrushin.Space (Fin (@OfNat.ofNat.{0} Nat (nat_lit 3) _)) _) Complex _ _
              (@MeasureTheory.MeasureSpace.volume.{0}
                (@TheoremT.Continuum.WeakGrushin.Space (Fin (@OfNat.ofNat.{0} Nat (nat_lit 3) _)) _) _)) =>
        @Membership.mem.{0, 0}
          (@MeasureTheory.AEEqFun.{0, 0}
            (@TheoremT.Continuum.WeakGrushin.Space (Fin (@OfNat.ofNat.{0} Nat (nat_lit 3) _)) _) Complex _ _
            (@MeasureTheory.MeasureSpace.volume.{0}
              (@TheoremT.Continuum.WeakGrushin.Space (Fin (@OfNat.ofNat.{0} Nat (nat_lit 3) _)) _) _))
          (@AddSubgroup.{0}
            (@MeasureTheory.AEEqFun.{0, 0}
              (@TheoremT.Continuum.WeakGrushin.Space (Fin (@OfNat.ofNat.{0} Nat (nat_lit 3) _)) _) Complex _ _
              (@MeasureTheory.MeasureSpace.volume.{0}
                (@TheoremT.Continuum.WeakGrushin.Space (Fin (@OfNat.ofNat.{0} Nat (nat_lit 3) _)) _) _))
            _)
          _
          (@MeasureTheory.Lp.{0, 0} (@TheoremT.Continuum.WeakGrushin.Space (Fin (@OfNat.ofNat.{0} Nat (nat_lit 3) _)) _)
            Complex
            (@MeasureTheory.MeasureSpace.toMeasurableSpace.{0}
              (@TheoremT.Continuum.WeakGrushin.Space (Fin (@OfNat.ofNat.{0} Nat (nat_lit 3) _)) _) _)
            _ (@OfNat.ofNat.{0} ENNReal (nat_lit 2) _)
            (@MeasureTheory.MeasureSpace.volume.{0}
              (@TheoremT.Continuum.WeakGrushin.Space (Fin (@OfNat.ofNat.{0} Nat (nat_lit 3) _)) _) _))
          x)
  (e : @TheoremT.Continuum.WeakGrushin.Jet (Fin (@OfNat.ofNat.{0} Nat (nat_lit 3) _)) _)
  (hd :
    ∀ (v : @TheoremT.Continuum.WeakGrushin.Space (Fin (@OfNat.ofNat.{0} Nat (nat_lit 3) _)) _),
      @TheoremT.Continuum.WeakProductL2Directional.{0, 0}
        (EuclideanSpace.{0, 0} Real (Fin (@OfNat.ofNat.{0} Nat (nat_lit 4) _)))
        (EuclideanSpace.{0, 0} Real (Fin (@OfNat.ofNat.{0} Nat (nat_lit 3) _))) _ _ _ _ _ _ _ _ _ _ f (d v) v)
  (he :
    ∀ (v w : @TheoremT.Continuum.WeakGrushin.Space (Fin (@OfNat.ofNat.{0} Nat (nat_lit 3) _)) _),
      @TheoremT.Continuum.WeakProductL2Directional.{0, 0}
        (EuclideanSpace.{0, 0} Real (Fin (@OfNat.ofNat.{0} Nat (nat_lit 4) _)))
        (EuclideanSpace.{0, 0} Real (Fin (@OfNat.ofNat.{0} Nat (nat_lit 3) _))) _ _ _ _ _ _ _ _ _ _ (d v) (e v w) w)
  (α : Fin (@OfNat.ofNat.{0} Nat (nat_lit 4) _) → Nat) (β : Fin (@OfNat.ofNat.{0} Nat (nat_lit 3) _) → Nat)
  (horder :
    @LE.le.{0} Nat _
      (@HAdd.hAdd.{0, 0, 0} Nat Nat Nat _
        (@Finset.sum.{0, 0} (Fin (@OfNat.ofNat.{0} Nat (nat_lit 4) _)) Nat _
          (@Finset.univ.{0} (Fin (@OfNat.ofNat.{0} Nat (nat_lit 4) _)) _)
          fun (i : Fin (@OfNat.ofNat.{0} Nat (nat_lit 4) _)) => α i)
        (@Finset.sum.{0, 0} (Fin (@OfNat.ofNat.{0} Nat (nat_lit 3) _)) Nat _
          (@Finset.univ.{0} (Fin (@OfNat.ofNat.{0} Nat (nat_lit 3) _)) _)
          fun (j : Fin (@OfNat.ofNat.{0} Nat (nat_lit 3) _)) => β j))
      (@OfNat.ofNat.{0} Nat (nat_lit 2) _))
  {K Ω : Set.{0} (@TheoremT.Continuum.WeakGrushin.Space (Fin (@OfNat.ofNat.{0} Nat (nat_lit 3) _)) _)}
  (hK : @IsClosed.{0} (@TheoremT.Continuum.WeakGrushin.Space (Fin (@OfNat.ofNat.{0} Nat (nat_lit 3) _)) _) _ K)
  (hΩ : @IsOpen.{0} (@TheoremT.Continuum.WeakGrushin.Space (Fin (@OfNat.ofNat.{0} Nat (nat_lit 3) _)) _) _ Ω)
  (hKΩ :
    @LE.le.{0} (Set.{0} (@TheoremT.Continuum.WeakGrushin.Space (Fin (@OfNat.ofNat.{0} Nat (nat_lit 3) _)) _)) _ K Ω)
  (hs :
    @Filter.Eventually.{0} (@TheoremT.Continuum.WeakGrushin.Space (Fin (@OfNat.ofNat.{0} Nat (nat_lit 3) _)) _)
      (fun (p : @TheoremT.Continuum.WeakGrushin.Space (Fin (@OfNat.ofNat.{0} Nat (nat_lit 3) _)) _) =>
        Not
            (@Membership.mem.{0, 0} (@TheoremT.Continuum.WeakGrushin.Space (Fin (@OfNat.ofNat.{0} Nat (nat_lit 3) _)) _)
              (Set.{0} (@TheoremT.Continuum.WeakGrushin.Space (Fin (@OfNat.ofNat.{0} Nat (nat_lit 3) _)) _)) _ K p) →
          @Eq.{1} Complex
            (@MeasureTheory.AEEqFun.cast.{0, 0}
              (@TheoremT.Continuum.WeakGrushin.Space (Fin (@OfNat.ofNat.{0} Nat (nat_lit 3) _)) _) Complex _
              (@MeasureTheory.MeasureSpace.volume.{0}
                (@TheoremT.Continuum.WeakGrushin.Space (Fin (@OfNat.ofNat.{0} Nat (nat_lit 3) _)) _) _)
              _
              (@Subtype.val.{1}
                (@MeasureTheory.AEEqFun.{0, 0}
                  (@TheoremT.Continuum.WeakGrushin.Space (Fin (@OfNat.ofNat.{0} Nat (nat_lit 3) _)) _) Complex _ _
                  (@MeasureTheory.MeasureSpace.volume.{0}
                    (@TheoremT.Continuum.WeakGrushin.Space (Fin (@OfNat.ofNat.{0} Nat (nat_lit 3) _)) _) _))
                (fun
                    (x :
                      @MeasureTheory.AEEqFun.{0, 0}
                        (@TheoremT.Continuum.WeakGrushin.Space (Fin (@OfNat.ofNat.{0} Nat (nat_lit 3) _)) _) Complex _ _
                        (@MeasureTheory.MeasureSpace.volume.{0}
                          (@TheoremT.Continuum.WeakGrushin.Space (Fin (@OfNat.ofNat.{0} Nat (nat_lit 3) _)) _) _)) =>
                  @Membership.mem.{0, 0}
                    (@MeasureTheory.AEEqFun.{0, 0}
                      (@TheoremT.Continuum.WeakGrushin.Space (Fin (@OfNat.ofNat.{0} Nat (nat_lit 3) _)) _) Complex _ _
                      (@MeasureTheory.MeasureSpace.volume.{0}
                        (@TheoremT.Continuum.WeakGrushin.Space (Fin (@OfNat.ofNat.{0} Nat (nat_lit 3) _)) _) _))
                    (@AddSubgroup.{0}
                      (@MeasureTheory.AEEqFun.{0, 0}
                        (@TheoremT.Continuum.WeakGrushin.Space (Fin (@OfNat.ofNat.{0} Nat (nat_lit 3) _)) _) Complex _ _
                        (@MeasureTheory.MeasureSpace.volume.{0}
                          (@TheoremT.Continuum.WeakGrushin.Space (Fin (@OfNat.ofNat.{0} Nat (nat_lit 3) _)) _) _))
                      _)
                    _
                    (@MeasureTheory.Lp.{0, 0}
                      (@TheoremT.Continuum.WeakGrushin.Space (Fin (@OfNat.ofNat.{0} Nat (nat_lit 3) _)) _) Complex
                      (@MeasureTheory.MeasureSpace.toMeasurableSpace.{0}
                        (@TheoremT.Continuum.WeakGrushin.Space (Fin (@OfNat.ofNat.{0} Nat (nat_lit 3) _)) _) _)
                      _ (@OfNat.ofNat.{0} ENNReal (nat_lit 2) _)
                      (@MeasureTheory.MeasureSpace.volume.{0}
                        (@TheoremT.Continuum.WeakGrushin.Space (Fin (@OfNat.ofNat.{0} Nat (nat_lit 3) _)) _) _))
                    x)
                f)
              p)
            (@OfNat.ofNat.{0} Complex (nat_lit 0) _))
      (@MeasureTheory.ae.{0, 0} (@TheoremT.Continuum.WeakGrushin.Space (Fin (@OfNat.ofNat.{0} Nat (nat_lit 3) _)) _)
        (@MeasureTheory.Measure.{0} (@TheoremT.Continuum.WeakGrushin.Space (Fin (@OfNat.ofNat.{0} Nat (nat_lit 3) _)) _)
          _)
        _ _
        (@MeasureTheory.MeasureSpace.volume.{0}
          (@TheoremT.Continuum.WeakGrushin.Space (Fin (@OfNat.ofNat.{0} Nat (nat_lit 3) _)) _) _)))
  {D : @TheoremT.Continuum.WeakGrushin.Space (Fin (@OfNat.ofNat.{0} Nat (nat_lit 3) _)) _ → Complex}
  (hD :
    @TheoremT.Continuum.ProductLocallyL2On.{0, 0}
      (EuclideanSpace.{0, 0} Real (Fin (@OfNat.ofNat.{0} Nat (nat_lit 4) _)))
      (EuclideanSpace.{0, 0} Real (Fin (@OfNat.ofNat.{0} Nat (nat_lit 3) _))) _ _ _ _ _ _ _ _ _ _ D Ω)
  (hsD :
    @Filter.Eventually.{0} (@TheoremT.Continuum.WeakGrushin.Space (Fin (@OfNat.ofNat.{0} Nat (nat_lit 3) _)) _)
      (fun (p : @TheoremT.Continuum.WeakGrushin.Space (Fin (@OfNat.ofNat.{0} Nat (nat_lit 3) _)) _) =>
        Not
            (@Membership.mem.{0, 0} (@TheoremT.Continuum.WeakGrushin.Space (Fin (@OfNat.ofNat.{0} Nat (nat_lit 3) _)) _)
              (Set.{0} (@TheoremT.Continuum.WeakGrushin.Space (Fin (@OfNat.ofNat.{0} Nat (nat_lit 3) _)) _)) _ K p) →
          @Eq.{1} Complex (D p) (@OfNat.ofNat.{0} Complex (nat_lit 0) _))
      (@MeasureTheory.ae.{0, 0} (@TheoremT.Continuum.WeakGrushin.Space (Fin (@OfNat.ofNat.{0} Nat (nat_lit 3) _)) _)
        (@MeasureTheory.Measure.{0} (@TheoremT.Continuum.WeakGrushin.Space (Fin (@OfNat.ofNat.{0} Nat (nat_lit 3) _)) _)
          _)
        _ _
        (@MeasureTheory.MeasureSpace.volume.{0}
          (@TheoremT.Continuum.WeakGrushin.Space (Fin (@OfNat.ofNat.{0} Nat (nat_lit 3) _)) _) _)))
  (hTest :
    ∀ (φ : @TheoremT.Continuum.WeakGrushin.Space (Fin (@OfNat.ofNat.{0} Nat (nat_lit 3) _)) _ → Real),
      @ContDiff.{0, 0, 0} Real _ (@TheoremT.Continuum.WeakGrushin.Space (Fin (@OfNat.ofNat.{0} Nat (nat_lit 3) _)) _) _
          _ Real _ _ (@WithTop.some.{0} ENat (@Top.top.{0} ENat _)) φ →
        @HasCompactSupport.{0, 0} (@TheoremT.Continuum.WeakGrushin.Space (Fin (@OfNat.ofNat.{0} Nat (nat_lit 3) _)) _)
            Real _ _ φ →
          @LE.le.{0} (Set.{0} (@TheoremT.Continuum.WeakGrushin.Space (Fin (@OfNat.ofNat.{0} Nat (nat_lit 3) _)) _)) _
              (@tsupport.{0, 0} (@TheoremT.Continuum.WeakGrushin.Space (Fin (@OfNat.ofNat.{0} Nat (nat_lit 3) _)) _)
                Real _ _ φ)
              Ω →
            @Eq.{1} Complex
              (@MeasureTheory.integral.{0, 0}
                (@TheoremT.Continuum.WeakGrushin.Space (Fin (@OfNat.ofNat.{0} Nat (nat_lit 3) _)) _) Complex _ _
                (@MeasureTheory.MeasureSpace.toMeasurableSpace.{0}
                  (@TheoremT.Continuum.WeakGrushin.Space (Fin (@OfNat.ofNat.{0} Nat (nat_lit 3) _)) _) _)
                (@MeasureTheory.MeasureSpace.volume.{0}
                  (@TheoremT.Continuum.WeakGrushin.Space (Fin (@OfNat.ofNat.{0} Nat (nat_lit 3) _)) _) _)
                fun (p : @TheoremT.Continuum.WeakGrushin.Space (Fin (@OfNat.ofNat.{0} Nat (nat_lit 3) _)) _) =>
                @HSMul.hSMul.{0, 0, 0} Real Complex Complex _ (φ p) (D p))
              (@HSMul.hSMul.{0, 0, 0} Real Complex Complex _
                (@HPow.hPow.{0, 0, 0} Real Nat Real _ (@Neg.neg.{0} Real _ (@OfNat.ofNat.{0} Real (nat_lit 1) _))
                  (@HAdd.hAdd.{0, 0, 0} Nat Nat Nat _
                    (@Finset.sum.{0, 0} (Fin (@OfNat.ofNat.{0} Nat (nat_lit 4) _)) Nat _
                      (@Finset.univ.{0} (Fin (@OfNat.ofNat.{0} Nat (nat_lit 4) _)) _)
                      fun (i : Fin (@OfNat.ofNat.{0} Nat (nat_lit 4) _)) => α i)
                    (@Finset.sum.{0, 0} (Fin (@OfNat.ofNat.{0} Nat (nat_lit 3) _)) Nat _
                      (@Finset.univ.{0} (Fin (@OfNat.ofNat.{0} Nat (nat_lit 3) _)) _)
                      fun (j : Fin (@OfNat.ofNat.{0} Nat (nat_lit 3) _)) => β j)))
                (@MeasureTheory.integral.{0, 0}
                  (@TheoremT.Continuum.WeakGrushin.Space (Fin (@OfNat.ofNat.{0} Nat (nat_lit 3) _)) _) Complex _ _
                  (@MeasureTheory.MeasureSpace.toMeasurableSpace.{0}
                    (@TheoremT.Continuum.WeakGrushin.Space (Fin (@OfNat.ofNat.{0} Nat (nat_lit 3) _)) _) _)
                  (@MeasureTheory.MeasureSpace.volume.{0}
                    (@TheoremT.Continuum.WeakGrushin.Space (Fin (@OfNat.ofNat.{0} Nat (nat_lit 3) _)) _) _)
                  fun (p : @TheoremT.Continuum.WeakGrushin.Space (Fin (@OfNat.ofNat.{0} Nat (nat_lit 3) _)) _) =>
                  @HSMul.hSMul.{0, 0, 0} Real Complex Complex _
                    (@TheoremT.Continuum.WeakGrushin.productCoordinateTestWord
                      (Fin (@OfNat.ofNat.{0} Nat (nat_lit 3) _)) _ _ (TheoremT.Continuum.mixedMultiIndexWord α β) φ p)
                    (@MeasureTheory.AEEqFun.cast.{0, 0}
                      (@TheoremT.Continuum.WeakGrushin.Space (Fin (@OfNat.ofNat.{0} Nat (nat_lit 3) _)) _) Complex _
                      (@MeasureTheory.MeasureSpace.volume.{0}
                        (@TheoremT.Continuum.WeakGrushin.Space (Fin (@OfNat.ofNat.{0} Nat (nat_lit 3) _)) _) _)
                      _
                      (@Subtype.val.{1}
                        (@MeasureTheory.AEEqFun.{0, 0}
                          (@TheoremT.Continuum.WeakGrushin.Space (Fin (@OfNat.ofNat.{0} Nat (nat_lit 3) _)) _) Complex _
                          _
                          (@MeasureTheory.MeasureSpace.volume.{0}
                            (@TheoremT.Continuum.WeakGrushin.Space (Fin (@OfNat.ofNat.{0} Nat (nat_lit 3) _)) _) _))
                        (fun
                            (x :
                              @MeasureTheory.AEEqFun.{0, 0}
                                (@TheoremT.Continuum.WeakGrushin.Space (Fin (@OfNat.ofNat.{0} Nat (nat_lit 3) _)) _)
                                Complex _ _
                                (@MeasureTheory.MeasureSpace.volume.{0}
                                  (@TheoremT.Continuum.WeakGrushin.Space (Fin (@OfNat.ofNat.{0} Nat (nat_lit 3) _)) _)
                                  _)) =>
                          @Membership.mem.{0, 0}
                            (@MeasureTheory.AEEqFun.{0, 0}
                              (@TheoremT.Continuum.WeakGrushin.Space (Fin (@OfNat.ofNat.{0} Nat (nat_lit 3) _)) _)
                              Complex _ _
                              (@MeasureTheory.MeasureSpace.volume.{0}
                                (@TheoremT.Continuum.WeakGrushin.Space (Fin (@OfNat.ofNat.{0} Nat (nat_lit 3) _)) _) _))
                            (@AddSubgroup.{0}
                              (@MeasureTheory.AEEqFun.{0, 0}
                                (@TheoremT.Continuum.WeakGrushin.Space (Fin (@OfNat.ofNat.{0} Nat (nat_lit 3) _)) _)
                                Complex _ _
                                (@MeasureTheory.MeasureSpace.volume.{0}
                                  (@TheoremT.Continuum.WeakGrushin.Space (Fin (@OfNat.ofNat.{0} Nat (nat_lit 3) _)) _)
                                  _))
                              _)
                            _
                            (@MeasureTheory.Lp.{0, 0}
                              (@TheoremT.Continuum.WeakGrushin.Space (Fin (@OfNat.ofNat.{0} Nat (nat_lit 3) _)) _)
                              Complex
                              (@MeasureTheory.MeasureSpace.toMeasurableSpace.{0}
                                (@TheoremT.Continuum.WeakGrushin.Space (Fin (@OfNat.ofNat.{0} Nat (nat_lit 3) _)) _) _)
                              _ (@OfNat.ofNat.{0} ENNReal (nat_lit 2) _)
                              (@MeasureTheory.MeasureSpace.volume.{0}
                                (@TheoremT.Continuum.WeakGrushin.Space (Fin (@OfNat.ofNat.{0} Nat (nat_lit 3) _)) _) _))
                            x)
                        f)
                      p)))),
  @Filter.EventuallyEq.{0, 0} (@TheoremT.Continuum.WeakGrushin.Space (Fin (@OfNat.ofNat.{0} Nat (nat_lit 3) _)) _)
    Complex
    (@MeasureTheory.ae.{0, 0} (@TheoremT.Continuum.WeakGrushin.Space (Fin (@OfNat.ofNat.{0} Nat (nat_lit 3) _)) _)
      (@MeasureTheory.Measure.{0} (@TheoremT.Continuum.WeakGrushin.Space (Fin (@OfNat.ofNat.{0} Nat (nat_lit 3) _)) _)
        _)
      _ _
      (@MeasureTheory.MeasureSpace.volume.{0}
        (@TheoremT.Continuum.WeakGrushin.Space (Fin (@OfNat.ofNat.{0} Nat (nat_lit 3) _)) _) _))
    D
    (@MeasureTheory.AEEqFun.cast.{0, 0}
      (@TheoremT.Continuum.WeakGrushin.Space (Fin (@OfNat.ofNat.{0} Nat (nat_lit 3) _)) _) Complex _
      (@MeasureTheory.MeasureSpace.volume.{0}
        (@TheoremT.Continuum.WeakGrushin.Space (Fin (@OfNat.ofNat.{0} Nat (nat_lit 3) _)) _) _)
      _
      (@Subtype.val.{1}
        (@MeasureTheory.AEEqFun.{0, 0}
          (@TheoremT.Continuum.WeakGrushin.Space (Fin (@OfNat.ofNat.{0} Nat (nat_lit 3) _)) _) Complex _ _
          (@MeasureTheory.MeasureSpace.volume.{0}
            (@TheoremT.Continuum.WeakGrushin.Space (Fin (@OfNat.ofNat.{0} Nat (nat_lit 3) _)) _) _))
        (fun
            (x :
              @MeasureTheory.AEEqFun.{0, 0}
                (@TheoremT.Continuum.WeakGrushin.Space (Fin (@OfNat.ofNat.{0} Nat (nat_lit 3) _)) _) Complex _ _
                (@MeasureTheory.MeasureSpace.volume.{0}
                  (@TheoremT.Continuum.WeakGrushin.Space (Fin (@OfNat.ofNat.{0} Nat (nat_lit 3) _)) _) _)) =>
          @Membership.mem.{0, 0}
            (@MeasureTheory.AEEqFun.{0, 0}
              (@TheoremT.Continuum.WeakGrushin.Space (Fin (@OfNat.ofNat.{0} Nat (nat_lit 3) _)) _) Complex _ _
              (@MeasureTheory.MeasureSpace.volume.{0}
                (@TheoremT.Continuum.WeakGrushin.Space (Fin (@OfNat.ofNat.{0} Nat (nat_lit 3) _)) _) _))
            (@AddSubgroup.{0}
              (@MeasureTheory.AEEqFun.{0, 0}
                (@TheoremT.Continuum.WeakGrushin.Space (Fin (@OfNat.ofNat.{0} Nat (nat_lit 3) _)) _) Complex _ _
                (@MeasureTheory.MeasureSpace.volume.{0}
                  (@TheoremT.Continuum.WeakGrushin.Space (Fin (@OfNat.ofNat.{0} Nat (nat_lit 3) _)) _) _))
              _)
            _
            (@MeasureTheory.Lp.{0, 0}
              (@TheoremT.Continuum.WeakGrushin.Space (Fin (@OfNat.ofNat.{0} Nat (nat_lit 3) _)) _) Complex
              (@MeasureTheory.MeasureSpace.toMeasurableSpace.{0}
                (@TheoremT.Continuum.WeakGrushin.Space (Fin (@OfNat.ofNat.{0} Nat (nat_lit 3) _)) _) _)
              _ (@OfNat.ofNat.{0} ENNReal (nat_lit 2) _)
              (@MeasureTheory.MeasureSpace.volume.{0}
                (@TheoremT.Continuum.WeakGrushin.Space (Fin (@OfNat.ofNat.{0} Nat (nat_lit 3) _)) _) _))
            x)
        (TheoremT.Continuum.WeakGrushin.weakFactorialJet f d e α β)))
'TheoremT.Continuum.WeakGrushin.weakCoordinateJet_directional' depends on axioms: [propext,
 Classical.choice,
 Quot.sound]
'TheoremT.Continuum.WeakGrushin.weakCoordinateJet_test_identity' depends on axioms: [propext,
 Classical.choice,
 Quot.sound]
'TheoremT.Continuum.WeakGrushin.weakCoordinateJet_tests_integrable' depends on axioms: [propext,
 Classical.choice,
 Quot.sound]
'TheoremT.Continuum.WeakGrushin.weakFactorialJet_tests' depends on axioms: [propext, Classical.choice, Quot.sound]
'TheoremT.Continuum.WeakGrushin.weakFactorialJet_ae_eq_local_of_tests' depends on axioms: [propext,
 Classical.choice,
 Quot.sound]
'TheoremT.Continuum.WeakGrushin.weakCoordinateJet_closed_support' depends on axioms: [propext,
 Classical.choice,
 Quot.sound]
'TheoremT.Continuum.WeakGrushin.weakFactorialJet_closed_support' depends on axioms: [propext,
 Classical.choice,
 Quot.sound]
'TheoremT.Continuum.WeakGrushin.weakFactorialJet_ae_eq_of_local_tests_support' depends on axioms: [propext,
 Classical.choice,
 Quot.sound]
