TheoremT.Continuum.ksCommonAnnulusVolume : Real
TheoremT.Continuum.ksH12CutoffScalar : (c C1 C2 : Real) → Real
TheoremT.Continuum.ksH12CutoffWeight : (c C1 : Real) → Real
TheoremT.Continuum.ksH12SpectatorBudget : (c C1 C2 KT : Real) → Real
TheoremT.Continuum.ksH12MixedBudget : (c C1 C2 KT KY QY : Real) → Real
TheoremT.Continuum.ksCommonAnnulusVolume_nonneg : @LE.le.{0} Real _ (@OfNat.ofNat.{0} Real (nat_lit 0) _)
  TheoremT.Continuum.ksCommonAnnulusVolume
@TheoremT.Continuum.ksCommonAnnulusVolume_mono : ∀ {S : Set.{0} TheoremT.Continuum.PairKSSpace}
  (hS : @LE.le.{0} (Set.{0} TheoremT.Continuum.PairKSSpace) _ S TheoremT.Continuum.ksCommonAnnulusRegion),
  @LE.le.{0} Real _
    (ENNReal.toReal
      (@DFunLike.coe.{1, 1, 1} (@MeasureTheory.Measure.{0} TheoremT.Continuum.PairKSSpace _)
        (Set.{0} TheoremT.Continuum.PairKSSpace) (fun (x : Set.{0} TheoremT.Continuum.PairKSSpace) => ENNReal) _
        (@MeasureTheory.MeasureSpace.volume.{0} TheoremT.Continuum.PairKSSpace _) S))
    TheoremT.Continuum.ksCommonAnnulusVolume
@TheoremT.Continuum.ksH12CutoffWeight_nonneg : ∀ {c : Real}
  (hc : @LE.le.{0} Real _ (@OfNat.ofNat.{0} Real (nat_lit 0) _) c) (C1 : Real),
  @LE.le.{0} Real _ (@OfNat.ofNat.{0} Real (nat_lit 0) _) (TheoremT.Continuum.ksH12CutoffWeight c C1)
@TheoremT.Continuum.ksH12SpectatorBudget_nonneg : ∀ {c : Real}
  (hc : @LT.lt.{0} Real _ (@OfNat.ofNat.{0} Real (nat_lit 0) _) c) (C1 C2 KT : Real)
  (hKT : @LE.le.{0} Real _ (@OfNat.ofNat.{0} Real (nat_lit 0) _) KT),
  @LE.le.{0} Real _ (@OfNat.ofNat.{0} Real (nat_lit 0) _) (TheoremT.Continuum.ksH12SpectatorBudget c C1 C2 KT)
@TheoremT.Continuum.ksH12MixedBudget_nonneg : ∀ {c : Real}
  (hc : @LT.lt.{0} Real _ (@OfNat.ofNat.{0} Real (nat_lit 0) _) c) (C1 C2 KT KY QY : Real)
  (hKT : @LE.le.{0} Real _ (@OfNat.ofNat.{0} Real (nat_lit 0) _) KT),
  @LE.le.{0} Real _ (@OfNat.ofNat.{0} Real (nat_lit 0) _) (TheoremT.Continuum.ksH12MixedBudget c C1 C2 KT KY QY)
TheoremT.Continuum.ksH12_source_amplitude_bound : ∀ (K : Real) (L : NNReal) (z : Complex)
  {S : Set.{0} TheoremT.Continuum.PairKSSpace}
  (hS : @LE.le.{0} (Set.{0} TheoremT.Continuum.PairKSSpace) _ S TheoremT.Continuum.ksCommonAnnulusRegion),
  @LE.le.{0} Real _
    (@HMul.hMul.{0, 0, 0} Real Real Real _
      (@HMul.hMul.{0, 0, 0} Real Real Real _
        (@HPow.hPow.{0, 0, 0} Real Nat Real _ K (@OfNat.ofNat.{0} Nat (nat_lit 2) _))
        (@HPow.hPow.{0, 0, 0} Real Nat Real _ (@Norm.norm.{0} Complex _ z) (@OfNat.ofNat.{0} Nat (nat_lit 2) _)))
      (ENNReal.toReal
        (@DFunLike.coe.{1, 1, 1} (@MeasureTheory.Measure.{0} TheoremT.Continuum.PairKSSpace _)
          (Set.{0} TheoremT.Continuum.PairKSSpace) (fun (x : Set.{0} TheoremT.Continuum.PairKSSpace) => ENNReal) _
          (@MeasureTheory.MeasureSpace.volume.{0} TheoremT.Continuum.PairKSSpace _) S)))
    (@HMul.hMul.{0, 0, 0} Real Real Real _
      (@HAdd.hAdd.{0, 0, 0} Real Real Real _
        (@HPow.hPow.{0, 0, 0} Real Nat Real _ (NNReal.toReal L) (@OfNat.ofNat.{0} Nat (nat_lit 2) _))
        (@HPow.hPow.{0, 0, 0} Real Nat Real _ (@Norm.norm.{0} Complex _ z) (@OfNat.ofNat.{0} Nat (nat_lit 2) _)))
      (@HMul.hMul.{0, 0, 0} Real Real Real _
        (@HPow.hPow.{0, 0, 0} Real Nat Real _ K (@OfNat.ofNat.{0} Nat (nat_lit 2) _))
        TheoremT.Continuum.ksCommonAnnulusVolume))
TheoremT.Continuum.ksH12_initial_amplitude_bound : ∀ (L : NNReal) (z : Complex),
  @LE.le.{0} Real _
    (@HMul.hMul.{0, 0, 0} Real Real Real _
      (@HPow.hPow.{0, 0, 0} Real Nat Real _
        (@HMul.hMul.{0, 0, 0} Real Real Real _ (@OfNat.ofNat.{0} Real (nat_lit 2) _) (NNReal.toReal L))
        (@OfNat.ofNat.{0} Nat (nat_lit 2) _))
      TheoremT.Continuum.ksCommonAnnulusVolume)
    (@HMul.hMul.{0, 0, 0} Real Real Real _
      (@HAdd.hAdd.{0, 0, 0} Real Real Real _
        (@HPow.hPow.{0, 0, 0} Real Nat Real _ (NNReal.toReal L) (@OfNat.ofNat.{0} Nat (nat_lit 2) _))
        (@HPow.hPow.{0, 0, 0} Real Nat Real _ (@Norm.norm.{0} Complex _ z) (@OfNat.ofNat.{0} Nat (nat_lit 2) _)))
      (@HMul.hMul.{0, 0, 0} Real Real Real _ (@OfNat.ofNat.{0} Real (nat_lit 4) _)
        TheoremT.Continuum.ksCommonAnnulusVolume))
@TheoremT.Continuum.physicalH12Schedule_zero_subset_commonAnnulus : ∀
  {t0 :
    @TheoremT.Continuum.SpectatorConfiguration (@OfNat.ofNat.{0} Nat (nat_lit 2) _)
      (@OfNat.ofNat.{0} (Fin (@OfNat.ofNat.{0} Nat (nat_lit 2) _)) (nat_lit 0) _)}
  (ht0 :
    @Eq.{1} Real
      (@Norm.norm.{0}
        (@TheoremT.Continuum.SpectatorConfiguration (@OfNat.ofNat.{0} Nat (nat_lit 2) _)
          (@OfNat.ofNat.{0} (Fin (@OfNat.ofNat.{0} Nat (nat_lit 2) _)) (nat_lit 0) _))
        _ t0)
      (@OfNat.ofNat.{0} Real (nat_lit 1) _))
  (start k : Nat),
  @LE.le.{0}
    (Set.{0}
      (@TheoremT.Continuum.WeakGrushin.Space
        (@TheoremT.Continuum.SpectatorCoordinate (@OfNat.ofNat.{0} Nat (nat_lit 2) _)
          (@OfNat.ofNat.{0} (Fin (@OfNat.ofNat.{0} Nat (nat_lit 2) _)) (nat_lit 0) _))
        _))
    _
    (TheoremT.Continuum.WeakGrushin.physicalH12ScheduleRegion
      (@OfNat.ofNat.{0} (Fin (@OfNat.ofNat.{0} Nat (nat_lit 2) _)) (nat_lit 0) _)
      (@DFunLike.coe.{1, 1, 1}
        (@LinearIsometryEquiv.{0, 0, 0, 0} Real Real _ _ (@RingHom.id.{0} Real _) (@RingHom.id.{0} Real _) _ _
          (@TheoremT.Continuum.SpectatorConfiguration (@OfNat.ofNat.{0} Nat (nat_lit 2) _)
            (@OfNat.ofNat.{0} (Fin (@OfNat.ofNat.{0} Nat (nat_lit 2) _)) (nat_lit 0) _))
          TheoremT.Continuum.Position _ _ _ _)
        (@TheoremT.Continuum.SpectatorConfiguration (@OfNat.ofNat.{0} Nat (nat_lit 2) _)
          (@OfNat.ofNat.{0} (Fin (@OfNat.ofNat.{0} Nat (nat_lit 2) _)) (nat_lit 0) _))
        (fun
            (a :
              @TheoremT.Continuum.SpectatorConfiguration (@OfNat.ofNat.{0} Nat (nat_lit 2) _)
                (@OfNat.ofNat.{0} (Fin (@OfNat.ofNat.{0} Nat (nat_lit 2) _)) (nat_lit 0) _)) =>
          TheoremT.Continuum.Position)
        _ TheoremT.Continuum.pairCenterEquiv t0)
      start k)
    TheoremT.Continuum.ksCommonAnnulusRegion
TheoremT.Continuum.scalar_coulomb_nuclear_zero_physical_coordinate_h12 : ∀ (Z E C1 C2 : Real)
  (hC1 :
    ∀ (x : Real), @LE.le.{0} Real _ (@abs.{0} Real _ _ (@deriv.{0, 0} Real _ Real _ _ _ Real.smoothTransition x)) C1)
  (hC2 :
    ∀ (x : Real),
      @LE.le.{0} Real _
        (@abs.{0} Real _ _ (@deriv.{0, 0} Real _ Real _ _ _ (@deriv.{0, 0} Real _ Real _ _ _ Real.smoothTransition) x))
        C2),
  @Exists.{1} Real fun (KT : Real) =>
    @Exists.{1} Real fun (KY : Real) =>
      @Exists.{1} Real fun (QY : Real) =>
        And (@LE.le.{0} Real _ (@OfNat.ofNat.{0} Real (nat_lit 1) _) KT)
          (And (@LE.le.{0} Real _ (@OfNat.ofNat.{0} Real (nat_lit 1) _) KY)
            (And (@LE.le.{0} Real _ (@OfNat.ofNat.{0} Real (nat_lit 0) _) QY)
              (And
                (@LE.le.{0} Real _ (@OfNat.ofNat.{0} Real (nat_lit 0) _)
                  (TheoremT.Continuum.ksH12MixedBudget (@OfNat.ofNat.{0} Real (nat_lit 4) _) C1 C2 KT KY QY))
                (∀
                  (t0 :
                    @TheoremT.Continuum.SpectatorConfiguration (@OfNat.ofNat.{0} Nat (nat_lit 2) _)
                      (@OfNat.ofNat.{0} (Fin (@OfNat.ofNat.{0} Nat (nat_lit 2) _)) (nat_lit 0) _)),
                  @Eq.{1} Real
                      (@Norm.norm.{0}
                        (@TheoremT.Continuum.SpectatorConfiguration (@OfNat.ofNat.{0} Nat (nat_lit 2) _)
                          (@OfNat.ofNat.{0} (Fin (@OfNat.ofNat.{0} Nat (nat_lit 2) _)) (nat_lit 0) _))
                        _ t0)
                      (@OfNat.ofNat.{0} Real (nat_lit 1) _) →
                    ∀
                      (f :
                        @Subtype.{1}
                          (@MeasureTheory.AEEqFun.{0, 0}
                            (TheoremT.Continuum.Configuration (@OfNat.ofNat.{0} Nat (nat_lit 2) _)) Complex _ _
                            (@MeasureTheory.MeasureSpace.volume.{0}
                              (TheoremT.Continuum.Configuration (@OfNat.ofNat.{0} Nat (nat_lit 2) _)) _))
                          fun
                            (x :
                              @MeasureTheory.AEEqFun.{0, 0}
                                (TheoremT.Continuum.Configuration (@OfNat.ofNat.{0} Nat (nat_lit 2) _)) Complex _ _
                                (@MeasureTheory.MeasureSpace.volume.{0}
                                  (TheoremT.Continuum.Configuration (@OfNat.ofNat.{0} Nat (nat_lit 2) _)) _)) =>
                          @Membership.mem.{0, 0}
                            (@MeasureTheory.AEEqFun.{0, 0}
                              (TheoremT.Continuum.Configuration (@OfNat.ofNat.{0} Nat (nat_lit 2) _)) Complex _ _
                              (@MeasureTheory.MeasureSpace.volume.{0}
                                (TheoremT.Continuum.Configuration (@OfNat.ofNat.{0} Nat (nat_lit 2) _)) _))
                            (@AddSubgroup.{0}
                              (@MeasureTheory.AEEqFun.{0, 0}
                                (TheoremT.Continuum.Configuration (@OfNat.ofNat.{0} Nat (nat_lit 2) _)) Complex _ _
                                (@MeasureTheory.MeasureSpace.volume.{0}
                                  (TheoremT.Continuum.Configuration (@OfNat.ofNat.{0} Nat (nat_lit 2) _)) _))
                              _)
                            _ (TheoremT.Continuum.SpatialL2 (@OfNat.ofNat.{0} Nat (nat_lit 2) _)) x),
                      TheoremT.Continuum.scalarHamiltonianGraph (@OfNat.ofNat.{0} Nat (nat_lit 2) _) Z f
                          (@HSMul.hSMul.{0, 0, 0} Complex
                            (@Subtype.{1}
                              (@MeasureTheory.AEEqFun.{0, 0}
                                (TheoremT.Continuum.Configuration (@OfNat.ofNat.{0} Nat (nat_lit 2) _)) Complex _ _
                                (@MeasureTheory.MeasureSpace.volume.{0}
                                  (TheoremT.Continuum.Configuration (@OfNat.ofNat.{0} Nat (nat_lit 2) _)) _))
                              fun
                                (x :
                                  @MeasureTheory.AEEqFun.{0, 0}
                                    (TheoremT.Continuum.Configuration (@OfNat.ofNat.{0} Nat (nat_lit 2) _)) Complex _ _
                                    (@MeasureTheory.MeasureSpace.volume.{0}
                                      (TheoremT.Continuum.Configuration (@OfNat.ofNat.{0} Nat (nat_lit 2) _)) _)) =>
                              @Membership.mem.{0, 0}
                                (@MeasureTheory.AEEqFun.{0, 0}
                                  (TheoremT.Continuum.Configuration (@OfNat.ofNat.{0} Nat (nat_lit 2) _)) Complex _ _
                                  (@MeasureTheory.MeasureSpace.volume.{0}
                                    (TheoremT.Continuum.Configuration (@OfNat.ofNat.{0} Nat (nat_lit 2) _)) _))
                                (@AddSubgroup.{0}
                                  (@MeasureTheory.AEEqFun.{0, 0}
                                    (TheoremT.Continuum.Configuration (@OfNat.ofNat.{0} Nat (nat_lit 2) _)) Complex _ _
                                    (@MeasureTheory.MeasureSpace.volume.{0}
                                      (TheoremT.Continuum.Configuration (@OfNat.ofNat.{0} Nat (nat_lit 2) _)) _))
                                  _)
                                _ (TheoremT.Continuum.SpatialL2 (@OfNat.ofNat.{0} Nat (nat_lit 2) _)) x)
                            (@Subtype.{1}
                              (@MeasureTheory.AEEqFun.{0, 0}
                                (TheoremT.Continuum.Configuration (@OfNat.ofNat.{0} Nat (nat_lit 2) _)) Complex _ _
                                (@MeasureTheory.MeasureSpace.volume.{0}
                                  (TheoremT.Continuum.Configuration (@OfNat.ofNat.{0} Nat (nat_lit 2) _)) _))
                              fun
                                (x :
                                  @MeasureTheory.AEEqFun.{0, 0}
                                    (TheoremT.Continuum.Configuration (@OfNat.ofNat.{0} Nat (nat_lit 2) _)) Complex _ _
                                    (@MeasureTheory.MeasureSpace.volume.{0}
                                      (TheoremT.Continuum.Configuration (@OfNat.ofNat.{0} Nat (nat_lit 2) _)) _)) =>
                              @Membership.mem.{0, 0}
                                (@MeasureTheory.AEEqFun.{0, 0}
                                  (TheoremT.Continuum.Configuration (@OfNat.ofNat.{0} Nat (nat_lit 2) _)) Complex _ _
                                  (@MeasureTheory.MeasureSpace.volume.{0}
                                    (TheoremT.Continuum.Configuration (@OfNat.ofNat.{0} Nat (nat_lit 2) _)) _))
                                (@AddSubgroup.{0}
                                  (@MeasureTheory.AEEqFun.{0, 0}
                                    (TheoremT.Continuum.Configuration (@OfNat.ofNat.{0} Nat (nat_lit 2) _)) Complex _ _
                                    (@MeasureTheory.MeasureSpace.volume.{0}
                                      (TheoremT.Continuum.Configuration (@OfNat.ofNat.{0} Nat (nat_lit 2) _)) _))
                                  _)
                                _ (TheoremT.Continuum.SpatialL2 (@OfNat.ofNat.{0} Nat (nat_lit 2) _)) x)
                            _ (Complex.ofReal E) f) →
                        ∀ (g : TheoremT.Continuum.Configuration (@OfNat.ofNat.{0} Nat (nat_lit 2) _) → Complex),
                          @Continuous.{0, 0} (TheoremT.Continuum.Configuration (@OfNat.ofNat.{0} Nat (nat_lit 2) _))
                              Complex _ _ g →
                            @Filter.EventuallyEq.{0, 0}
                                (TheoremT.Continuum.Configuration (@OfNat.ofNat.{0} Nat (nat_lit 2) _)) Complex
                                (@MeasureTheory.ae.{0, 0}
                                  (TheoremT.Continuum.Configuration (@OfNat.ofNat.{0} Nat (nat_lit 2) _))
                                  (@MeasureTheory.Measure.{0}
                                    (TheoremT.Continuum.Configuration (@OfNat.ofNat.{0} Nat (nat_lit 2) _)) _)
                                  _ _
                                  (@MeasureTheory.MeasureSpace.volume.{0}
                                    (TheoremT.Continuum.Configuration (@OfNat.ofNat.{0} Nat (nat_lit 2) _)) _))
                                (@MeasureTheory.AEEqFun.cast.{0, 0}
                                  (TheoremT.Continuum.Configuration (@OfNat.ofNat.{0} Nat (nat_lit 2) _)) Complex _
                                  (@MeasureTheory.MeasureSpace.volume.{0}
                                    (TheoremT.Continuum.Configuration (@OfNat.ofNat.{0} Nat (nat_lit 2) _)) _)
                                  _
                                  (@Subtype.val.{1}
                                    (@MeasureTheory.AEEqFun.{0, 0}
                                      (TheoremT.Continuum.Configuration (@OfNat.ofNat.{0} Nat (nat_lit 2) _)) Complex _
                                      _
                                      (@MeasureTheory.MeasureSpace.volume.{0}
                                        (TheoremT.Continuum.Configuration (@OfNat.ofNat.{0} Nat (nat_lit 2) _)) _))
                                    (fun
                                        (x :
                                          @MeasureTheory.AEEqFun.{0, 0}
                                            (TheoremT.Continuum.Configuration (@OfNat.ofNat.{0} Nat (nat_lit 2) _))
                                            Complex _ _
                                            (@MeasureTheory.MeasureSpace.volume.{0}
                                              (TheoremT.Continuum.Configuration (@OfNat.ofNat.{0} Nat (nat_lit 2) _))
                                              _)) =>
                                      @Membership.mem.{0, 0}
                                        (@MeasureTheory.AEEqFun.{0, 0}
                                          (TheoremT.Continuum.Configuration (@OfNat.ofNat.{0} Nat (nat_lit 2) _))
                                          Complex _ _
                                          (@MeasureTheory.MeasureSpace.volume.{0}
                                            (TheoremT.Continuum.Configuration (@OfNat.ofNat.{0} Nat (nat_lit 2) _)) _))
                                        (@AddSubgroup.{0}
                                          (@MeasureTheory.AEEqFun.{0, 0}
                                            (TheoremT.Continuum.Configuration (@OfNat.ofNat.{0} Nat (nat_lit 2) _))
                                            Complex _ _
                                            (@MeasureTheory.MeasureSpace.volume.{0}
                                              (TheoremT.Continuum.Configuration (@OfNat.ofNat.{0} Nat (nat_lit 2) _))
                                              _))
                                          _)
                                        _
                                        (@MeasureTheory.Lp.{0, 0}
                                          (TheoremT.Continuum.Configuration (@OfNat.ofNat.{0} Nat (nat_lit 2) _))
                                          Complex
                                          (@MeasureTheory.MeasureSpace.toMeasurableSpace.{0}
                                            (TheoremT.Continuum.Configuration (@OfNat.ofNat.{0} Nat (nat_lit 2) _)) _)
                                          _ (@OfNat.ofNat.{0} ENNReal (nat_lit 2) _)
                                          (@MeasureTheory.MeasureSpace.volume.{0}
                                            (TheoremT.Continuum.Configuration (@OfNat.ofNat.{0} Nat (nat_lit 2) _)) _))
                                        x)
                                    f))
                                g →
                              ∀ (L : NNReal) (R ε : Real),
                                @LipschitzOnWith.{0, 0}
                                    (TheoremT.Continuum.Configuration (@OfNat.ofNat.{0} Nat (nat_lit 2) _)) Complex _ _
                                    L g
                                    (@Metric.ball.{0}
                                      (TheoremT.Continuum.Configuration (@OfNat.ofNat.{0} Nat (nat_lit 2) _)) _
                                      (@OfNat.ofNat.{0}
                                        (TheoremT.Continuum.Configuration (@OfNat.ofNat.{0} Nat (nat_lit 2) _))
                                        (nat_lit 0) _)
                                      R) →
                                  @LT.lt.{0} Real _ (@OfNat.ofNat.{0} Real (nat_lit 0) _) ε →
                                    @LE.le.{0} Real _ ε
                                        (@Min.min.{0} Real _ (@OfNat.ofNat.{0} Real (nat_lit 1) _)
                                          (@HDiv.hDiv.{0, 0, 0} Real Real Real _ R
                                            (@OfNat.ofNat.{0} Real (nat_lit 4) _))) →
                                      @TheoremT.Continuum.WeakGrushin.ProductCoordinateWeakHk
                                        (@TheoremT.Continuum.SpectatorCoordinate (@OfNat.ofNat.{0} Nat (nat_lit 2) _)
                                          (@OfNat.ofNat.{0} (Fin (@OfNat.ofNat.{0} Nat (nat_lit 2) _)) (nat_lit 0) _))
                                        _ _
                                        (@Set.preimage.{0, 0}
                                          (@TheoremT.Continuum.WeakGrushin.Space
                                            (@TheoremT.Continuum.SpectatorCoordinate
                                              (@OfNat.ofNat.{0} Nat (nat_lit 2) _)
                                              (@OfNat.ofNat.{0} (Fin (@OfNat.ofNat.{0} Nat (nat_lit 2) _)) (nat_lit 0)
                                                _))
                                            _)
                                          (@TheoremT.Continuum.WeakGrushin.Space
                                            (Fin (@OfNat.ofNat.{0} Nat (nat_lit 3) _)) _)
                                          (@DFunLike.coe.{1, 1, 1}
                                            (@LinearIsometryEquiv.{0, 0, 0, 0} Real Real _ _ (@RingHom.id.{0} Real _)
                                              (@RingHom.id.{0} Real _) _ _
                                              (@TheoremT.Continuum.WeakGrushin.Space
                                                (@TheoremT.Continuum.SpectatorCoordinate
                                                  (@OfNat.ofNat.{0} Nat (nat_lit 2) _)
                                                  (@OfNat.ofNat.{0} (Fin (@OfNat.ofNat.{0} Nat (nat_lit 2) _))
                                                    (nat_lit 0) _))
                                                _)
                                              (@TheoremT.Continuum.WeakGrushin.Space
                                                (Fin (@OfNat.ofNat.{0} Nat (nat_lit 3) _)) _)
                                              _ _ _ _)
                                            (@TheoremT.Continuum.WeakGrushin.Space
                                              (@TheoremT.Continuum.SpectatorCoordinate
                                                (@OfNat.ofNat.{0} Nat (nat_lit 2) _)
                                                (@OfNat.ofNat.{0} (Fin (@OfNat.ofNat.{0} Nat (nat_lit 2) _)) (nat_lit 0)
                                                  _))
                                              _)
                                            (fun
                                                (a :
                                                  @TheoremT.Continuum.WeakGrushin.Space
                                                    (@TheoremT.Continuum.SpectatorCoordinate
                                                      (@OfNat.ofNat.{0} Nat (nat_lit 2) _)
                                                      (@OfNat.ofNat.{0} (Fin (@OfNat.ofNat.{0} Nat (nat_lit 2) _))
                                                        (nat_lit 0) _))
                                                    _) =>
                                              @TheoremT.Continuum.WeakGrushin.Space
                                                (Fin (@OfNat.ofNat.{0} Nat (nat_lit 3) _)) _)
                                            _ TheoremT.Continuum.physicalSpectatorReindex)
                                          (TheoremT.Continuum.WeakGrushin.rectangularOpenBox
                                            (@Prod.mk.{0, 0}
                                              (EuclideanSpace.{0, 0} Real (Fin (@OfNat.ofNat.{0} Nat (nat_lit 4) _)))
                                              (EuclideanSpace.{0, 0} Real (Fin (@OfNat.ofNat.{0} Nat (nat_lit 3) _)))
                                              (@OfNat.ofNat.{0}
                                                (EuclideanSpace.{0, 0} Real (Fin (@OfNat.ofNat.{0} Nat (nat_lit 4) _)))
                                                (nat_lit 0) _)
                                              (@DFunLike.coe.{1, 1, 1}
                                                (@LinearIsometryEquiv.{0, 0, 0, 0} Real Real _ _
                                                  (@RingHom.id.{0} Real _) (@RingHom.id.{0} Real _) _ _
                                                  (@TheoremT.Continuum.SpectatorConfiguration
                                                    (@OfNat.ofNat.{0} Nat (nat_lit 2) _)
                                                    (@OfNat.ofNat.{0} (Fin (@OfNat.ofNat.{0} Nat (nat_lit 2) _))
                                                      (nat_lit 0) _))
                                                  TheoremT.Continuum.Position _ _ _ _)
                                                (@TheoremT.Continuum.SpectatorConfiguration
                                                  (@OfNat.ofNat.{0} Nat (nat_lit 2) _)
                                                  (@OfNat.ofNat.{0} (Fin (@OfNat.ofNat.{0} Nat (nat_lit 2) _))
                                                    (nat_lit 0) _))
                                                (fun
                                                    (a :
                                                      @TheoremT.Continuum.SpectatorConfiguration
                                                        (@OfNat.ofNat.{0} Nat (nat_lit 2) _)
                                                        (@OfNat.ofNat.{0} (Fin (@OfNat.ofNat.{0} Nat (nat_lit 2) _))
                                                          (nat_lit 0) _)) =>
                                                  TheoremT.Continuum.Position)
                                                _ TheoremT.Continuum.pairCenterEquiv t0))
                                            (@HDiv.hDiv.{0, 0, 0} Real Real Real _ (@OfNat.ofNat.{0} Real (nat_lit 1) _)
                                              (@OfNat.ofNat.{0} Real (nat_lit 128) _))
                                            (@HDiv.hDiv.{0, 0, 0} Real Real Real _ (@OfNat.ofNat.{0} Real (nat_lit 1) _)
                                              (@OfNat.ofNat.{0} Real (nat_lit 128) _))))
                                        (@Function.comp.{1, 1, 1}
                                          (@TheoremT.Continuum.WeakGrushin.Space
                                            (@TheoremT.Continuum.SpectatorCoordinate
                                              (@OfNat.ofNat.{0} Nat (nat_lit 2) _)
                                              (@OfNat.ofNat.{0} (Fin (@OfNat.ofNat.{0} Nat (nat_lit 2) _)) (nat_lit 0)
                                                _))
                                            _)
                                          (TheoremT.Continuum.Configuration (@OfNat.ofNat.{0} Nat (nat_lit 2) _))
                                          Complex
                                          (@TheoremT.Continuum.originScaledDifference.{0}
                                            (TheoremT.Continuum.Configuration (@OfNat.ofNat.{0} Nat (nat_lit 2) _)) _ _
                                            g ε)
                                          (@TheoremT.Continuum.nuclearKSLift (@OfNat.ofNat.{0} Nat (nat_lit 2) _)
                                            (@OfNat.ofNat.{0} (Fin (@OfNat.ofNat.{0} Nat (nat_lit 2) _)) (nat_lit 0)
                                              _)))
                                        (@OfNat.ofNat.{0} Nat (nat_lit 12) _)
                                        (@HMul.hMul.{0, 0, 0} Real Real Real _
                                          (@HAdd.hAdd.{0, 0, 0} Real Real Real _
                                            (@HPow.hPow.{0, 0, 0} Real Nat Real _ (NNReal.toReal L)
                                              (@OfNat.ofNat.{0} Nat (nat_lit 2) _))
                                            (@HPow.hPow.{0, 0, 0} Real Nat Real _
                                              (@Norm.norm.{0} Complex _
                                                (g
                                                  (@OfNat.ofNat.{0}
                                                    (TheoremT.Continuum.Configuration
                                                      (@OfNat.ofNat.{0} Nat (nat_lit 2) _))
                                                    (nat_lit 0) _)))
                                              (@OfNat.ofNat.{0} Nat (nat_lit 2) _)))
                                          (TheoremT.Continuum.ksH12MixedBudget (@OfNat.ofNat.{0} Real (nat_lit 4) _) C1
                                            C2 KT KY QY))))))
TheoremT.Continuum.scalar_coulomb_pair_physical_coordinate_h12 : ∀ (Z E C1 C2 : Real)
  (hC1 :
    ∀ (x : Real), @LE.le.{0} Real _ (@abs.{0} Real _ _ (@deriv.{0, 0} Real _ Real _ _ _ Real.smoothTransition x)) C1)
  (hC2 :
    ∀ (x : Real),
      @LE.le.{0} Real _
        (@abs.{0} Real _ _ (@deriv.{0, 0} Real _ Real _ _ _ (@deriv.{0, 0} Real _ Real _ _ _ Real.smoothTransition) x))
        C2),
  @Exists.{1} Real fun (KT : Real) =>
    @Exists.{1} Real fun (KY : Real) =>
      @Exists.{1} Real fun (QY : Real) =>
        And (@LE.le.{0} Real _ (@OfNat.ofNat.{0} Real (nat_lit 1) _) KT)
          (And (@LE.le.{0} Real _ (@OfNat.ofNat.{0} Real (nat_lit 1) _) KY)
            (And (@LE.le.{0} Real _ (@OfNat.ofNat.{0} Real (nat_lit 0) _) QY)
              (And
                (@LE.le.{0} Real _ (@OfNat.ofNat.{0} Real (nat_lit 0) _)
                  (TheoremT.Continuum.ksH12MixedBudget (@OfNat.ofNat.{0} Real (nat_lit 1) _) C1 C2 KT KY QY))
                (∀
                  (t0 :
                    @TheoremT.Continuum.SpectatorConfiguration (@OfNat.ofNat.{0} Nat (nat_lit 2) _)
                      (@OfNat.ofNat.{0} (Fin (@OfNat.ofNat.{0} Nat (nat_lit 2) _)) (nat_lit 0) _)),
                  @Eq.{1} Real
                      (@Norm.norm.{0}
                        (@TheoremT.Continuum.SpectatorConfiguration (@OfNat.ofNat.{0} Nat (nat_lit 2) _)
                          (@OfNat.ofNat.{0} (Fin (@OfNat.ofNat.{0} Nat (nat_lit 2) _)) (nat_lit 0) _))
                        _ t0)
                      (@OfNat.ofNat.{0} Real (nat_lit 1) _) →
                    ∀
                      (f :
                        @Subtype.{1}
                          (@MeasureTheory.AEEqFun.{0, 0}
                            (TheoremT.Continuum.Configuration (@OfNat.ofNat.{0} Nat (nat_lit 2) _)) Complex _ _
                            (@MeasureTheory.MeasureSpace.volume.{0}
                              (TheoremT.Continuum.Configuration (@OfNat.ofNat.{0} Nat (nat_lit 2) _)) _))
                          fun
                            (x :
                              @MeasureTheory.AEEqFun.{0, 0}
                                (TheoremT.Continuum.Configuration (@OfNat.ofNat.{0} Nat (nat_lit 2) _)) Complex _ _
                                (@MeasureTheory.MeasureSpace.volume.{0}
                                  (TheoremT.Continuum.Configuration (@OfNat.ofNat.{0} Nat (nat_lit 2) _)) _)) =>
                          @Membership.mem.{0, 0}
                            (@MeasureTheory.AEEqFun.{0, 0}
                              (TheoremT.Continuum.Configuration (@OfNat.ofNat.{0} Nat (nat_lit 2) _)) Complex _ _
                              (@MeasureTheory.MeasureSpace.volume.{0}
                                (TheoremT.Continuum.Configuration (@OfNat.ofNat.{0} Nat (nat_lit 2) _)) _))
                            (@AddSubgroup.{0}
                              (@MeasureTheory.AEEqFun.{0, 0}
                                (TheoremT.Continuum.Configuration (@OfNat.ofNat.{0} Nat (nat_lit 2) _)) Complex _ _
                                (@MeasureTheory.MeasureSpace.volume.{0}
                                  (TheoremT.Continuum.Configuration (@OfNat.ofNat.{0} Nat (nat_lit 2) _)) _))
                              _)
                            _ (TheoremT.Continuum.SpatialL2 (@OfNat.ofNat.{0} Nat (nat_lit 2) _)) x),
                      TheoremT.Continuum.scalarHamiltonianGraph (@OfNat.ofNat.{0} Nat (nat_lit 2) _) Z f
                          (@HSMul.hSMul.{0, 0, 0} Complex
                            (@Subtype.{1}
                              (@MeasureTheory.AEEqFun.{0, 0}
                                (TheoremT.Continuum.Configuration (@OfNat.ofNat.{0} Nat (nat_lit 2) _)) Complex _ _
                                (@MeasureTheory.MeasureSpace.volume.{0}
                                  (TheoremT.Continuum.Configuration (@OfNat.ofNat.{0} Nat (nat_lit 2) _)) _))
                              fun
                                (x :
                                  @MeasureTheory.AEEqFun.{0, 0}
                                    (TheoremT.Continuum.Configuration (@OfNat.ofNat.{0} Nat (nat_lit 2) _)) Complex _ _
                                    (@MeasureTheory.MeasureSpace.volume.{0}
                                      (TheoremT.Continuum.Configuration (@OfNat.ofNat.{0} Nat (nat_lit 2) _)) _)) =>
                              @Membership.mem.{0, 0}
                                (@MeasureTheory.AEEqFun.{0, 0}
                                  (TheoremT.Continuum.Configuration (@OfNat.ofNat.{0} Nat (nat_lit 2) _)) Complex _ _
                                  (@MeasureTheory.MeasureSpace.volume.{0}
                                    (TheoremT.Continuum.Configuration (@OfNat.ofNat.{0} Nat (nat_lit 2) _)) _))
                                (@AddSubgroup.{0}
                                  (@MeasureTheory.AEEqFun.{0, 0}
                                    (TheoremT.Continuum.Configuration (@OfNat.ofNat.{0} Nat (nat_lit 2) _)) Complex _ _
                                    (@MeasureTheory.MeasureSpace.volume.{0}
                                      (TheoremT.Continuum.Configuration (@OfNat.ofNat.{0} Nat (nat_lit 2) _)) _))
                                  _)
                                _ (TheoremT.Continuum.SpatialL2 (@OfNat.ofNat.{0} Nat (nat_lit 2) _)) x)
                            (@Subtype.{1}
                              (@MeasureTheory.AEEqFun.{0, 0}
                                (TheoremT.Continuum.Configuration (@OfNat.ofNat.{0} Nat (nat_lit 2) _)) Complex _ _
                                (@MeasureTheory.MeasureSpace.volume.{0}
                                  (TheoremT.Continuum.Configuration (@OfNat.ofNat.{0} Nat (nat_lit 2) _)) _))
                              fun
                                (x :
                                  @MeasureTheory.AEEqFun.{0, 0}
                                    (TheoremT.Continuum.Configuration (@OfNat.ofNat.{0} Nat (nat_lit 2) _)) Complex _ _
                                    (@MeasureTheory.MeasureSpace.volume.{0}
                                      (TheoremT.Continuum.Configuration (@OfNat.ofNat.{0} Nat (nat_lit 2) _)) _)) =>
                              @Membership.mem.{0, 0}
                                (@MeasureTheory.AEEqFun.{0, 0}
                                  (TheoremT.Continuum.Configuration (@OfNat.ofNat.{0} Nat (nat_lit 2) _)) Complex _ _
                                  (@MeasureTheory.MeasureSpace.volume.{0}
                                    (TheoremT.Continuum.Configuration (@OfNat.ofNat.{0} Nat (nat_lit 2) _)) _))
                                (@AddSubgroup.{0}
                                  (@MeasureTheory.AEEqFun.{0, 0}
                                    (TheoremT.Continuum.Configuration (@OfNat.ofNat.{0} Nat (nat_lit 2) _)) Complex _ _
                                    (@MeasureTheory.MeasureSpace.volume.{0}
                                      (TheoremT.Continuum.Configuration (@OfNat.ofNat.{0} Nat (nat_lit 2) _)) _))
                                  _)
                                _ (TheoremT.Continuum.SpatialL2 (@OfNat.ofNat.{0} Nat (nat_lit 2) _)) x)
                            _ (Complex.ofReal E) f) →
                        ∀ (g : TheoremT.Continuum.Configuration (@OfNat.ofNat.{0} Nat (nat_lit 2) _) → Complex),
                          @Continuous.{0, 0} (TheoremT.Continuum.Configuration (@OfNat.ofNat.{0} Nat (nat_lit 2) _))
                              Complex _ _ g →
                            @Filter.EventuallyEq.{0, 0}
                                (TheoremT.Continuum.Configuration (@OfNat.ofNat.{0} Nat (nat_lit 2) _)) Complex
                                (@MeasureTheory.ae.{0, 0}
                                  (TheoremT.Continuum.Configuration (@OfNat.ofNat.{0} Nat (nat_lit 2) _))
                                  (@MeasureTheory.Measure.{0}
                                    (TheoremT.Continuum.Configuration (@OfNat.ofNat.{0} Nat (nat_lit 2) _)) _)
                                  _ _
                                  (@MeasureTheory.MeasureSpace.volume.{0}
                                    (TheoremT.Continuum.Configuration (@OfNat.ofNat.{0} Nat (nat_lit 2) _)) _))
                                (@MeasureTheory.AEEqFun.cast.{0, 0}
                                  (TheoremT.Continuum.Configuration (@OfNat.ofNat.{0} Nat (nat_lit 2) _)) Complex _
                                  (@MeasureTheory.MeasureSpace.volume.{0}
                                    (TheoremT.Continuum.Configuration (@OfNat.ofNat.{0} Nat (nat_lit 2) _)) _)
                                  _
                                  (@Subtype.val.{1}
                                    (@MeasureTheory.AEEqFun.{0, 0}
                                      (TheoremT.Continuum.Configuration (@OfNat.ofNat.{0} Nat (nat_lit 2) _)) Complex _
                                      _
                                      (@MeasureTheory.MeasureSpace.volume.{0}
                                        (TheoremT.Continuum.Configuration (@OfNat.ofNat.{0} Nat (nat_lit 2) _)) _))
                                    (fun
                                        (x :
                                          @MeasureTheory.AEEqFun.{0, 0}
                                            (TheoremT.Continuum.Configuration (@OfNat.ofNat.{0} Nat (nat_lit 2) _))
                                            Complex _ _
                                            (@MeasureTheory.MeasureSpace.volume.{0}
                                              (TheoremT.Continuum.Configuration (@OfNat.ofNat.{0} Nat (nat_lit 2) _))
                                              _)) =>
                                      @Membership.mem.{0, 0}
                                        (@MeasureTheory.AEEqFun.{0, 0}
                                          (TheoremT.Continuum.Configuration (@OfNat.ofNat.{0} Nat (nat_lit 2) _))
                                          Complex _ _
                                          (@MeasureTheory.MeasureSpace.volume.{0}
                                            (TheoremT.Continuum.Configuration (@OfNat.ofNat.{0} Nat (nat_lit 2) _)) _))
                                        (@AddSubgroup.{0}
                                          (@MeasureTheory.AEEqFun.{0, 0}
                                            (TheoremT.Continuum.Configuration (@OfNat.ofNat.{0} Nat (nat_lit 2) _))
                                            Complex _ _
                                            (@MeasureTheory.MeasureSpace.volume.{0}
                                              (TheoremT.Continuum.Configuration (@OfNat.ofNat.{0} Nat (nat_lit 2) _))
                                              _))
                                          _)
                                        _
                                        (@MeasureTheory.Lp.{0, 0}
                                          (TheoremT.Continuum.Configuration (@OfNat.ofNat.{0} Nat (nat_lit 2) _))
                                          Complex
                                          (@MeasureTheory.MeasureSpace.toMeasurableSpace.{0}
                                            (TheoremT.Continuum.Configuration (@OfNat.ofNat.{0} Nat (nat_lit 2) _)) _)
                                          _ (@OfNat.ofNat.{0} ENNReal (nat_lit 2) _)
                                          (@MeasureTheory.MeasureSpace.volume.{0}
                                            (TheoremT.Continuum.Configuration (@OfNat.ofNat.{0} Nat (nat_lit 2) _)) _))
                                        x)
                                    f))
                                g →
                              ∀ (L : NNReal) (R ε : Real),
                                @LipschitzOnWith.{0, 0}
                                    (TheoremT.Continuum.Configuration (@OfNat.ofNat.{0} Nat (nat_lit 2) _)) Complex _ _
                                    L g
                                    (@Metric.ball.{0}
                                      (TheoremT.Continuum.Configuration (@OfNat.ofNat.{0} Nat (nat_lit 2) _)) _
                                      (@OfNat.ofNat.{0}
                                        (TheoremT.Continuum.Configuration (@OfNat.ofNat.{0} Nat (nat_lit 2) _))
                                        (nat_lit 0) _)
                                      R) →
                                  @LT.lt.{0} Real _ (@OfNat.ofNat.{0} Real (nat_lit 0) _) ε →
                                    @LE.le.{0} Real _ ε
                                        (@Min.min.{0} Real _ (@OfNat.ofNat.{0} Real (nat_lit 1) _)
                                          (@HDiv.hDiv.{0, 0, 0} Real Real Real _ R
                                            (@OfNat.ofNat.{0} Real (nat_lit 4) _))) →
                                      @TheoremT.Continuum.WeakGrushin.ProductCoordinateWeakHk
                                        (@TheoremT.Continuum.SpectatorCoordinate (@OfNat.ofNat.{0} Nat (nat_lit 2) _)
                                          (@OfNat.ofNat.{0} (Fin (@OfNat.ofNat.{0} Nat (nat_lit 2) _)) (nat_lit 0) _))
                                        _ _
                                        (@Set.preimage.{0, 0}
                                          (@TheoremT.Continuum.WeakGrushin.Space
                                            (@TheoremT.Continuum.SpectatorCoordinate
                                              (@OfNat.ofNat.{0} Nat (nat_lit 2) _)
                                              (@OfNat.ofNat.{0} (Fin (@OfNat.ofNat.{0} Nat (nat_lit 2) _)) (nat_lit 0)
                                                _))
                                            _)
                                          (@TheoremT.Continuum.WeakGrushin.Space
                                            (Fin (@OfNat.ofNat.{0} Nat (nat_lit 3) _)) _)
                                          (@DFunLike.coe.{1, 1, 1}
                                            (@LinearIsometryEquiv.{0, 0, 0, 0} Real Real _ _ (@RingHom.id.{0} Real _)
                                              (@RingHom.id.{0} Real _) _ _
                                              (@TheoremT.Continuum.WeakGrushin.Space
                                                (@TheoremT.Continuum.SpectatorCoordinate
                                                  (@OfNat.ofNat.{0} Nat (nat_lit 2) _)
                                                  (@OfNat.ofNat.{0} (Fin (@OfNat.ofNat.{0} Nat (nat_lit 2) _))
                                                    (nat_lit 0) _))
                                                _)
                                              (@TheoremT.Continuum.WeakGrushin.Space
                                                (Fin (@OfNat.ofNat.{0} Nat (nat_lit 3) _)) _)
                                              _ _ _ _)
                                            (@TheoremT.Continuum.WeakGrushin.Space
                                              (@TheoremT.Continuum.SpectatorCoordinate
                                                (@OfNat.ofNat.{0} Nat (nat_lit 2) _)
                                                (@OfNat.ofNat.{0} (Fin (@OfNat.ofNat.{0} Nat (nat_lit 2) _)) (nat_lit 0)
                                                  _))
                                              _)
                                            (fun
                                                (a :
                                                  @TheoremT.Continuum.WeakGrushin.Space
                                                    (@TheoremT.Continuum.SpectatorCoordinate
                                                      (@OfNat.ofNat.{0} Nat (nat_lit 2) _)
                                                      (@OfNat.ofNat.{0} (Fin (@OfNat.ofNat.{0} Nat (nat_lit 2) _))
                                                        (nat_lit 0) _))
                                                    _) =>
                                              @TheoremT.Continuum.WeakGrushin.Space
                                                (Fin (@OfNat.ofNat.{0} Nat (nat_lit 3) _)) _)
                                            _ TheoremT.Continuum.physicalSpectatorReindex)
                                          (TheoremT.Continuum.WeakGrushin.rectangularOpenBox
                                            (@Prod.mk.{0, 0}
                                              (EuclideanSpace.{0, 0} Real (Fin (@OfNat.ofNat.{0} Nat (nat_lit 4) _)))
                                              (EuclideanSpace.{0, 0} Real (Fin (@OfNat.ofNat.{0} Nat (nat_lit 3) _)))
                                              (@OfNat.ofNat.{0}
                                                (EuclideanSpace.{0, 0} Real (Fin (@OfNat.ofNat.{0} Nat (nat_lit 4) _)))
                                                (nat_lit 0) _)
                                              (@DFunLike.coe.{1, 1, 1}
                                                (@LinearIsometryEquiv.{0, 0, 0, 0} Real Real _ _
                                                  (@RingHom.id.{0} Real _) (@RingHom.id.{0} Real _) _ _
                                                  (@TheoremT.Continuum.SpectatorConfiguration
                                                    (@OfNat.ofNat.{0} Nat (nat_lit 2) _)
                                                    (@OfNat.ofNat.{0} (Fin (@OfNat.ofNat.{0} Nat (nat_lit 2) _))
                                                      (nat_lit 0) _))
                                                  TheoremT.Continuum.Position _ _ _ _)
                                                (@TheoremT.Continuum.SpectatorConfiguration
                                                  (@OfNat.ofNat.{0} Nat (nat_lit 2) _)
                                                  (@OfNat.ofNat.{0} (Fin (@OfNat.ofNat.{0} Nat (nat_lit 2) _))
                                                    (nat_lit 0) _))
                                                (fun
                                                    (a :
                                                      @TheoremT.Continuum.SpectatorConfiguration
                                                        (@OfNat.ofNat.{0} Nat (nat_lit 2) _)
                                                        (@OfNat.ofNat.{0} (Fin (@OfNat.ofNat.{0} Nat (nat_lit 2) _))
                                                          (nat_lit 0) _)) =>
                                                  TheoremT.Continuum.Position)
                                                _ TheoremT.Continuum.pairCenterEquiv t0))
                                            (@HDiv.hDiv.{0, 0, 0} Real Real Real _ (@OfNat.ofNat.{0} Real (nat_lit 1) _)
                                              (@OfNat.ofNat.{0} Real (nat_lit 128) _))
                                            (@HDiv.hDiv.{0, 0, 0} Real Real Real _ (@OfNat.ofNat.{0} Real (nat_lit 1) _)
                                              (@OfNat.ofNat.{0} Real (nat_lit 128) _))))
                                        (@Function.comp.{1, 1, 1}
                                          (@TheoremT.Continuum.WeakGrushin.Space
                                            (@TheoremT.Continuum.SpectatorCoordinate
                                              (@OfNat.ofNat.{0} Nat (nat_lit 2) _)
                                              (@OfNat.ofNat.{0} (Fin (@OfNat.ofNat.{0} Nat (nat_lit 2) _)) (nat_lit 0)
                                                _))
                                            _)
                                          (TheoremT.Continuum.Configuration (@OfNat.ofNat.{0} Nat (nat_lit 2) _))
                                          Complex
                                          (@TheoremT.Continuum.originScaledDifference.{0}
                                            (TheoremT.Continuum.Configuration (@OfNat.ofNat.{0} Nat (nat_lit 2) _)) _ _
                                            g ε)
                                          TheoremT.Continuum.pairKSLift)
                                        (@OfNat.ofNat.{0} Nat (nat_lit 12) _)
                                        (@HMul.hMul.{0, 0, 0} Real Real Real _
                                          (@HAdd.hAdd.{0, 0, 0} Real Real Real _
                                            (@HPow.hPow.{0, 0, 0} Real Nat Real _ (NNReal.toReal L)
                                              (@OfNat.ofNat.{0} Nat (nat_lit 2) _))
                                            (@HPow.hPow.{0, 0, 0} Real Nat Real _
                                              (@Norm.norm.{0} Complex _
                                                (g
                                                  (@OfNat.ofNat.{0}
                                                    (TheoremT.Continuum.Configuration
                                                      (@OfNat.ofNat.{0} Nat (nat_lit 2) _))
                                                    (nat_lit 0) _)))
                                              (@OfNat.ofNat.{0} Nat (nat_lit 2) _)))
                                          (TheoremT.Continuum.ksH12MixedBudget (@OfNat.ofNat.{0} Real (nat_lit 1) _) C1
                                            C2 KT KY QY))))))
TheoremT.Continuum.scalar_coulomb_nuclear_zero_physical_h12_multiindex : ∀ (Z E : Real),
  @Exists.{1} Real fun (KT : Real) =>
    @Exists.{1} Real fun (KY : Real) =>
      @Exists.{1} Real fun (QY : Real) =>
        And (@LE.le.{0} Real _ (@OfNat.ofNat.{0} Real (nat_lit 1) _) KT)
          (And (@LE.le.{0} Real _ (@OfNat.ofNat.{0} Real (nat_lit 1) _) KY)
            (And (@LE.le.{0} Real _ (@OfNat.ofNat.{0} Real (nat_lit 0) _) QY)
              (And
                (@LE.le.{0} Real _ (@OfNat.ofNat.{0} Real (nat_lit 0) _)
                  (TheoremT.Continuum.ksH12MixedBudget (@OfNat.ofNat.{0} Real (nat_lit 4) _)
                    (@OfNat.ofNat.{0} Real (nat_lit 96) _) (@OfNat.ofNat.{0} Real (nat_lit 14016) _) KT KY QY))
                (∀
                  (t0 :
                    @TheoremT.Continuum.SpectatorConfiguration (@OfNat.ofNat.{0} Nat (nat_lit 2) _)
                      (@OfNat.ofNat.{0} (Fin (@OfNat.ofNat.{0} Nat (nat_lit 2) _)) (nat_lit 0) _)),
                  @Eq.{1} Real
                      (@Norm.norm.{0}
                        (@TheoremT.Continuum.SpectatorConfiguration (@OfNat.ofNat.{0} Nat (nat_lit 2) _)
                          (@OfNat.ofNat.{0} (Fin (@OfNat.ofNat.{0} Nat (nat_lit 2) _)) (nat_lit 0) _))
                        _ t0)
                      (@OfNat.ofNat.{0} Real (nat_lit 1) _) →
                    ∀
                      (f :
                        @Subtype.{1}
                          (@MeasureTheory.AEEqFun.{0, 0}
                            (TheoremT.Continuum.Configuration (@OfNat.ofNat.{0} Nat (nat_lit 2) _)) Complex _ _
                            (@MeasureTheory.MeasureSpace.volume.{0}
                              (TheoremT.Continuum.Configuration (@OfNat.ofNat.{0} Nat (nat_lit 2) _)) _))
                          fun
                            (x :
                              @MeasureTheory.AEEqFun.{0, 0}
                                (TheoremT.Continuum.Configuration (@OfNat.ofNat.{0} Nat (nat_lit 2) _)) Complex _ _
                                (@MeasureTheory.MeasureSpace.volume.{0}
                                  (TheoremT.Continuum.Configuration (@OfNat.ofNat.{0} Nat (nat_lit 2) _)) _)) =>
                          @Membership.mem.{0, 0}
                            (@MeasureTheory.AEEqFun.{0, 0}
                              (TheoremT.Continuum.Configuration (@OfNat.ofNat.{0} Nat (nat_lit 2) _)) Complex _ _
                              (@MeasureTheory.MeasureSpace.volume.{0}
                                (TheoremT.Continuum.Configuration (@OfNat.ofNat.{0} Nat (nat_lit 2) _)) _))
                            (@AddSubgroup.{0}
                              (@MeasureTheory.AEEqFun.{0, 0}
                                (TheoremT.Continuum.Configuration (@OfNat.ofNat.{0} Nat (nat_lit 2) _)) Complex _ _
                                (@MeasureTheory.MeasureSpace.volume.{0}
                                  (TheoremT.Continuum.Configuration (@OfNat.ofNat.{0} Nat (nat_lit 2) _)) _))
                              _)
                            _ (TheoremT.Continuum.SpatialL2 (@OfNat.ofNat.{0} Nat (nat_lit 2) _)) x),
                      TheoremT.Continuum.scalarHamiltonianGraph (@OfNat.ofNat.{0} Nat (nat_lit 2) _) Z f
                          (@HSMul.hSMul.{0, 0, 0} Complex
                            (@Subtype.{1}
                              (@MeasureTheory.AEEqFun.{0, 0}
                                (TheoremT.Continuum.Configuration (@OfNat.ofNat.{0} Nat (nat_lit 2) _)) Complex _ _
                                (@MeasureTheory.MeasureSpace.volume.{0}
                                  (TheoremT.Continuum.Configuration (@OfNat.ofNat.{0} Nat (nat_lit 2) _)) _))
                              fun
                                (x :
                                  @MeasureTheory.AEEqFun.{0, 0}
                                    (TheoremT.Continuum.Configuration (@OfNat.ofNat.{0} Nat (nat_lit 2) _)) Complex _ _
                                    (@MeasureTheory.MeasureSpace.volume.{0}
                                      (TheoremT.Continuum.Configuration (@OfNat.ofNat.{0} Nat (nat_lit 2) _)) _)) =>
                              @Membership.mem.{0, 0}
                                (@MeasureTheory.AEEqFun.{0, 0}
                                  (TheoremT.Continuum.Configuration (@OfNat.ofNat.{0} Nat (nat_lit 2) _)) Complex _ _
                                  (@MeasureTheory.MeasureSpace.volume.{0}
                                    (TheoremT.Continuum.Configuration (@OfNat.ofNat.{0} Nat (nat_lit 2) _)) _))
                                (@AddSubgroup.{0}
                                  (@MeasureTheory.AEEqFun.{0, 0}
                                    (TheoremT.Continuum.Configuration (@OfNat.ofNat.{0} Nat (nat_lit 2) _)) Complex _ _
                                    (@MeasureTheory.MeasureSpace.volume.{0}
                                      (TheoremT.Continuum.Configuration (@OfNat.ofNat.{0} Nat (nat_lit 2) _)) _))
                                  _)
                                _ (TheoremT.Continuum.SpatialL2 (@OfNat.ofNat.{0} Nat (nat_lit 2) _)) x)
                            (@Subtype.{1}
                              (@MeasureTheory.AEEqFun.{0, 0}
                                (TheoremT.Continuum.Configuration (@OfNat.ofNat.{0} Nat (nat_lit 2) _)) Complex _ _
                                (@MeasureTheory.MeasureSpace.volume.{0}
                                  (TheoremT.Continuum.Configuration (@OfNat.ofNat.{0} Nat (nat_lit 2) _)) _))
                              fun
                                (x :
                                  @MeasureTheory.AEEqFun.{0, 0}
                                    (TheoremT.Continuum.Configuration (@OfNat.ofNat.{0} Nat (nat_lit 2) _)) Complex _ _
                                    (@MeasureTheory.MeasureSpace.volume.{0}
                                      (TheoremT.Continuum.Configuration (@OfNat.ofNat.{0} Nat (nat_lit 2) _)) _)) =>
                              @Membership.mem.{0, 0}
                                (@MeasureTheory.AEEqFun.{0, 0}
                                  (TheoremT.Continuum.Configuration (@OfNat.ofNat.{0} Nat (nat_lit 2) _)) Complex _ _
                                  (@MeasureTheory.MeasureSpace.volume.{0}
                                    (TheoremT.Continuum.Configuration (@OfNat.ofNat.{0} Nat (nat_lit 2) _)) _))
                                (@AddSubgroup.{0}
                                  (@MeasureTheory.AEEqFun.{0, 0}
                                    (TheoremT.Continuum.Configuration (@OfNat.ofNat.{0} Nat (nat_lit 2) _)) Complex _ _
                                    (@MeasureTheory.MeasureSpace.volume.{0}
                                      (TheoremT.Continuum.Configuration (@OfNat.ofNat.{0} Nat (nat_lit 2) _)) _))
                                  _)
                                _ (TheoremT.Continuum.SpatialL2 (@OfNat.ofNat.{0} Nat (nat_lit 2) _)) x)
                            _ (Complex.ofReal E) f) →
                        ∀ (g : TheoremT.Continuum.Configuration (@OfNat.ofNat.{0} Nat (nat_lit 2) _) → Complex),
                          @Continuous.{0, 0} (TheoremT.Continuum.Configuration (@OfNat.ofNat.{0} Nat (nat_lit 2) _))
                              Complex _ _ g →
                            @Filter.EventuallyEq.{0, 0}
                                (TheoremT.Continuum.Configuration (@OfNat.ofNat.{0} Nat (nat_lit 2) _)) Complex
                                (@MeasureTheory.ae.{0, 0}
                                  (TheoremT.Continuum.Configuration (@OfNat.ofNat.{0} Nat (nat_lit 2) _))
                                  (@MeasureTheory.Measure.{0}
                                    (TheoremT.Continuum.Configuration (@OfNat.ofNat.{0} Nat (nat_lit 2) _)) _)
                                  _ _
                                  (@MeasureTheory.MeasureSpace.volume.{0}
                                    (TheoremT.Continuum.Configuration (@OfNat.ofNat.{0} Nat (nat_lit 2) _)) _))
                                (@MeasureTheory.AEEqFun.cast.{0, 0}
                                  (TheoremT.Continuum.Configuration (@OfNat.ofNat.{0} Nat (nat_lit 2) _)) Complex _
                                  (@MeasureTheory.MeasureSpace.volume.{0}
                                    (TheoremT.Continuum.Configuration (@OfNat.ofNat.{0} Nat (nat_lit 2) _)) _)
                                  _
                                  (@Subtype.val.{1}
                                    (@MeasureTheory.AEEqFun.{0, 0}
                                      (TheoremT.Continuum.Configuration (@OfNat.ofNat.{0} Nat (nat_lit 2) _)) Complex _
                                      _
                                      (@MeasureTheory.MeasureSpace.volume.{0}
                                        (TheoremT.Continuum.Configuration (@OfNat.ofNat.{0} Nat (nat_lit 2) _)) _))
                                    (fun
                                        (x :
                                          @MeasureTheory.AEEqFun.{0, 0}
                                            (TheoremT.Continuum.Configuration (@OfNat.ofNat.{0} Nat (nat_lit 2) _))
                                            Complex _ _
                                            (@MeasureTheory.MeasureSpace.volume.{0}
                                              (TheoremT.Continuum.Configuration (@OfNat.ofNat.{0} Nat (nat_lit 2) _))
                                              _)) =>
                                      @Membership.mem.{0, 0}
                                        (@MeasureTheory.AEEqFun.{0, 0}
                                          (TheoremT.Continuum.Configuration (@OfNat.ofNat.{0} Nat (nat_lit 2) _))
                                          Complex _ _
                                          (@MeasureTheory.MeasureSpace.volume.{0}
                                            (TheoremT.Continuum.Configuration (@OfNat.ofNat.{0} Nat (nat_lit 2) _)) _))
                                        (@AddSubgroup.{0}
                                          (@MeasureTheory.AEEqFun.{0, 0}
                                            (TheoremT.Continuum.Configuration (@OfNat.ofNat.{0} Nat (nat_lit 2) _))
                                            Complex _ _
                                            (@MeasureTheory.MeasureSpace.volume.{0}
                                              (TheoremT.Continuum.Configuration (@OfNat.ofNat.{0} Nat (nat_lit 2) _))
                                              _))
                                          _)
                                        _
                                        (@MeasureTheory.Lp.{0, 0}
                                          (TheoremT.Continuum.Configuration (@OfNat.ofNat.{0} Nat (nat_lit 2) _))
                                          Complex
                                          (@MeasureTheory.MeasureSpace.toMeasurableSpace.{0}
                                            (TheoremT.Continuum.Configuration (@OfNat.ofNat.{0} Nat (nat_lit 2) _)) _)
                                          _ (@OfNat.ofNat.{0} ENNReal (nat_lit 2) _)
                                          (@MeasureTheory.MeasureSpace.volume.{0}
                                            (TheoremT.Continuum.Configuration (@OfNat.ofNat.{0} Nat (nat_lit 2) _)) _))
                                        x)
                                    f))
                                g →
                              ∀ (L : NNReal) (R ε : Real),
                                @LipschitzOnWith.{0, 0}
                                    (TheoremT.Continuum.Configuration (@OfNat.ofNat.{0} Nat (nat_lit 2) _)) Complex _ _
                                    L g
                                    (@Metric.ball.{0}
                                      (TheoremT.Continuum.Configuration (@OfNat.ofNat.{0} Nat (nat_lit 2) _)) _
                                      (@OfNat.ofNat.{0}
                                        (TheoremT.Continuum.Configuration (@OfNat.ofNat.{0} Nat (nat_lit 2) _))
                                        (nat_lit 0) _)
                                      R) →
                                  @LT.lt.{0} Real _ (@OfNat.ofNat.{0} Real (nat_lit 0) _) ε →
                                    @LE.le.{0} Real _ ε
                                        (@Min.min.{0} Real _ (@OfNat.ofNat.{0} Real (nat_lit 1) _)
                                          (@HDiv.hDiv.{0, 0, 0} Real Real Real _ R
                                            (@OfNat.ofNat.{0} Real (nat_lit 4) _))) →
                                      have Ω :
                                        Set.{0}
                                          (@TheoremT.Continuum.WeakGrushin.Space
                                            (@TheoremT.Continuum.SpectatorCoordinate
                                              (@OfNat.ofNat.{0} Nat (nat_lit 2) _)
                                              (@OfNat.ofNat.{0} (Fin (@OfNat.ofNat.{0} Nat (nat_lit 2) _)) (nat_lit 0)
                                                _))
                                            _) :=
                                        @Set.preimage.{0, 0}
                                          (@TheoremT.Continuum.WeakGrushin.Space
                                            (@TheoremT.Continuum.SpectatorCoordinate
                                              (@OfNat.ofNat.{0} Nat (nat_lit 2) _)
                                              (@OfNat.ofNat.{0} (Fin (@OfNat.ofNat.{0} Nat (nat_lit 2) _)) (nat_lit 0)
                                                _))
                                            _)
                                          (@TheoremT.Continuum.WeakGrushin.Space
                                            (Fin (@OfNat.ofNat.{0} Nat (nat_lit 3) _)) _)
                                          (@DFunLike.coe.{1, 1, 1}
                                            (@LinearIsometryEquiv.{0, 0, 0, 0} Real Real _ _ (@RingHom.id.{0} Real _)
                                              (@RingHom.id.{0} Real _) _ _
                                              (@TheoremT.Continuum.WeakGrushin.Space
                                                (@TheoremT.Continuum.SpectatorCoordinate
                                                  (@OfNat.ofNat.{0} Nat (nat_lit 2) _)
                                                  (@OfNat.ofNat.{0} (Fin (@OfNat.ofNat.{0} Nat (nat_lit 2) _))
                                                    (nat_lit 0) _))
                                                _)
                                              (@TheoremT.Continuum.WeakGrushin.Space
                                                (Fin (@OfNat.ofNat.{0} Nat (nat_lit 3) _)) _)
                                              _ _ _ _)
                                            (@TheoremT.Continuum.WeakGrushin.Space
                                              (@TheoremT.Continuum.SpectatorCoordinate
                                                (@OfNat.ofNat.{0} Nat (nat_lit 2) _)
                                                (@OfNat.ofNat.{0} (Fin (@OfNat.ofNat.{0} Nat (nat_lit 2) _)) (nat_lit 0)
                                                  _))
                                              _)
                                            (fun
                                                (a :
                                                  @TheoremT.Continuum.WeakGrushin.Space
                                                    (@TheoremT.Continuum.SpectatorCoordinate
                                                      (@OfNat.ofNat.{0} Nat (nat_lit 2) _)
                                                      (@OfNat.ofNat.{0} (Fin (@OfNat.ofNat.{0} Nat (nat_lit 2) _))
                                                        (nat_lit 0) _))
                                                    _) =>
                                              @TheoremT.Continuum.WeakGrushin.Space
                                                (Fin (@OfNat.ofNat.{0} Nat (nat_lit 3) _)) _)
                                            _ TheoremT.Continuum.physicalSpectatorReindex)
                                          (TheoremT.Continuum.WeakGrushin.rectangularOpenBox
                                            (@Prod.mk.{0, 0}
                                              (EuclideanSpace.{0, 0} Real (Fin (@OfNat.ofNat.{0} Nat (nat_lit 4) _)))
                                              (EuclideanSpace.{0, 0} Real (Fin (@OfNat.ofNat.{0} Nat (nat_lit 3) _)))
                                              (@OfNat.ofNat.{0}
                                                (EuclideanSpace.{0, 0} Real (Fin (@OfNat.ofNat.{0} Nat (nat_lit 4) _)))
                                                (nat_lit 0) _)
                                              (@DFunLike.coe.{1, 1, 1}
                                                (@LinearIsometryEquiv.{0, 0, 0, 0} Real Real _ _
                                                  (@RingHom.id.{0} Real _) (@RingHom.id.{0} Real _) _ _
                                                  (@TheoremT.Continuum.SpectatorConfiguration
                                                    (@OfNat.ofNat.{0} Nat (nat_lit 2) _)
                                                    (@OfNat.ofNat.{0} (Fin (@OfNat.ofNat.{0} Nat (nat_lit 2) _))
                                                      (nat_lit 0) _))
                                                  TheoremT.Continuum.Position _ _ _ _)
                                                (@TheoremT.Continuum.SpectatorConfiguration
                                                  (@OfNat.ofNat.{0} Nat (nat_lit 2) _)
                                                  (@OfNat.ofNat.{0} (Fin (@OfNat.ofNat.{0} Nat (nat_lit 2) _))
                                                    (nat_lit 0) _))
                                                (fun
                                                    (a :
                                                      @TheoremT.Continuum.SpectatorConfiguration
                                                        (@OfNat.ofNat.{0} Nat (nat_lit 2) _)
                                                        (@OfNat.ofNat.{0} (Fin (@OfNat.ofNat.{0} Nat (nat_lit 2) _))
                                                          (nat_lit 0) _)) =>
                                                  TheoremT.Continuum.Position)
                                                _ TheoremT.Continuum.pairCenterEquiv t0))
                                            (@HDiv.hDiv.{0, 0, 0} Real Real Real _ (@OfNat.ofNat.{0} Real (nat_lit 1) _)
                                              (@OfNat.ofNat.{0} Real (nat_lit 128) _))
                                            (@HDiv.hDiv.{0, 0, 0} Real Real Real _ (@OfNat.ofNat.{0} Real (nat_lit 1) _)
                                              (@OfNat.ofNat.{0} Real (nat_lit 128) _)));
                                      have u :
                                        @TheoremT.Continuum.NuclearKSSpace (@OfNat.ofNat.{0} Nat (nat_lit 2) _)
                                            (@OfNat.ofNat.{0} (Fin (@OfNat.ofNat.{0} Nat (nat_lit 2) _)) (nat_lit 0)
                                              _) →
                                          Complex :=
                                        @Function.comp.{1, 1, 1}
                                          (@TheoremT.Continuum.NuclearKSSpace (@OfNat.ofNat.{0} Nat (nat_lit 2) _)
                                            (@OfNat.ofNat.{0} (Fin (@OfNat.ofNat.{0} Nat (nat_lit 2) _)) (nat_lit 0) _))
                                          (TheoremT.Continuum.Configuration (@OfNat.ofNat.{0} Nat (nat_lit 2) _))
                                          Complex
                                          (@TheoremT.Continuum.originScaledDifference.{0}
                                            (TheoremT.Continuum.Configuration (@OfNat.ofNat.{0} Nat (nat_lit 2) _)) _ _
                                            g ε)
                                          (@TheoremT.Continuum.nuclearKSLift (@OfNat.ofNat.{0} Nat (nat_lit 2) _)
                                            (@OfNat.ofNat.{0} (Fin (@OfNat.ofNat.{0} Nat (nat_lit 2) _)) (nat_lit 0)
                                              _));
                                      have W : Real :=
                                        @HMul.hMul.{0, 0, 0} Real Real Real _
                                          (@HAdd.hAdd.{0, 0, 0} Real Real Real _
                                            (@HPow.hPow.{0, 0, 0} Real Nat Real _ (NNReal.toReal L)
                                              (@OfNat.ofNat.{0} Nat (nat_lit 2) _))
                                            (@HPow.hPow.{0, 0, 0} Real Nat Real _
                                              (@Norm.norm.{0} Complex _
                                                (g
                                                  (@OfNat.ofNat.{0}
                                                    (TheoremT.Continuum.Configuration
                                                      (@OfNat.ofNat.{0} Nat (nat_lit 2) _))
                                                    (nat_lit 0) _)))
                                              (@OfNat.ofNat.{0} Nat (nat_lit 2) _)))
                                          (TheoremT.Continuum.ksH12MixedBudget (@OfNat.ofNat.{0} Real (nat_lit 4) _)
                                            (@OfNat.ofNat.{0} Real (nat_lit 96) _)
                                            (@OfNat.ofNat.{0} Real (nat_lit 14016) _) KT KY QY);
                                      And
                                        (@TheoremT.Continuum.WeakGrushin.ProductCoordinateWeakHk
                                          (@TheoremT.Continuum.SpectatorCoordinate (@OfNat.ofNat.{0} Nat (nat_lit 2) _)
                                            (@OfNat.ofNat.{0} (Fin (@OfNat.ofNat.{0} Nat (nat_lit 2) _)) (nat_lit 0) _))
                                          _ _ Ω u (@OfNat.ofNat.{0} Nat (nat_lit 12) _) W)
                                        (@Exists.{1}
                                          (TheoremT.Continuum.boundedMultiIndex (@OfNat.ofNat.{0} Nat (nat_lit 7) _)
                                              (@OfNat.ofNat.{0} Nat (nat_lit 12) _) →
                                            TheoremT.Continuum.PairKSSpace → Complex)
                                          fun
                                            (V :
                                              TheoremT.Continuum.boundedMultiIndex (@OfNat.ofNat.{0} Nat (nat_lit 7) _)
                                                  (@OfNat.ofNat.{0} Nat (nat_lit 12) _) →
                                                TheoremT.Continuum.PairKSSpace → Complex) =>
                                          And
                                            (@Eq.{1} (TheoremT.Continuum.PairKSSpace → Complex)
                                              (V TheoremT.Continuum.h12ZeroMultiIndex) u)
                                            (And
                                              (∀
                                                (alpha :
                                                  TheoremT.Continuum.boundedMultiIndex
                                                    (@OfNat.ofNat.{0} Nat (nat_lit 7) _)
                                                    (@OfNat.ofNat.{0} Nat (nat_lit 12) _)),
                                                @TheoremT.Continuum.WeakGrushin.RegionL2Budget
                                                  (@TheoremT.Continuum.SpectatorCoordinate
                                                    (@OfNat.ofNat.{0} Nat (nat_lit 2) _)
                                                    (@OfNat.ofNat.{0} (Fin (@OfNat.ofNat.{0} Nat (nat_lit 2) _))
                                                      (nat_lit 0) _))
                                                  _ (V alpha) Ω W)
                                              (And
                                                (@LE.le.{0} Real _
                                                  (TheoremT.Continuum.WeakGrushin.physicalH12RegionL2Sum
                                                    (@OfNat.ofNat.{0} (Fin (@OfNat.ofNat.{0} Nat (nat_lit 2) _))
                                                      (nat_lit 0) _)
                                                    V Ω)
                                                  (@HMul.hMul.{0, 0, 0} Real Real Real _
                                                    (@OfNat.ofNat.{0} Real (nat_lit 50388) _) W))
                                                (∀
                                                  (alpha :
                                                    TheoremT.Continuum.boundedMultiIndex
                                                      (@OfNat.ofNat.{0} Nat (nat_lit 7) _)
                                                      (@OfNat.ofNat.{0} Nat (nat_lit 12) _))
                                                  (φ : TheoremT.Continuum.PairKSSpace → Real),
                                                  @ContDiff.{0, 0, 0} Real _ TheoremT.Continuum.PairKSSpace _ _ Real _ _
                                                      (@WithTop.some.{0} ENat (@Top.top.{0} ENat _)) φ →
                                                    @HasCompactSupport.{0, 0} TheoremT.Continuum.PairKSSpace Real _ _
                                                        φ →
                                                      @LE.le.{0} (Set.{0} TheoremT.Continuum.PairKSSpace) _
                                                          (@tsupport.{0, 0} TheoremT.Continuum.PairKSSpace Real _ _ φ)
                                                          Ω →
                                                        And
                                                          (@MeasureTheory.Integrable.{0, 0} Complex _ _
                                                            TheoremT.Continuum.PairKSSpace
                                                            (@Prod.instMeasurableSpace.{0, 0} TheoremT.Continuum.KSSpace
                                                              (@TheoremT.Continuum.SpectatorConfiguration
                                                                (@OfNat.ofNat.{0} Nat (nat_lit 2) _)
                                                                (@OfNat.ofNat.{0}
                                                                  (Fin (@OfNat.ofNat.{0} Nat (nat_lit 2) _)) (nat_lit 0)
                                                                  _))
                                                              _ _)
                                                            (fun (p : TheoremT.Continuum.PairKSSpace) =>
                                                              @HSMul.hSMul.{0, 0, 0} Real Complex Complex _ (φ p)
                                                                (V alpha p))
                                                            (@MeasureTheory.MeasureSpace.volume.{0}
                                                              TheoremT.Continuum.PairKSSpace _))
                                                          (And
                                                            (@MeasureTheory.Integrable.{0, 0} Complex _ _
                                                              (@TheoremT.Continuum.WeakGrushin.Space
                                                                (@TheoremT.Continuum.SpectatorCoordinate
                                                                  (@OfNat.ofNat.{0} Nat (nat_lit 2) _)
                                                                  (@OfNat.ofNat.{0}
                                                                    (Fin (@OfNat.ofNat.{0} Nat (nat_lit 2) _))
                                                                    (nat_lit 0) _))
                                                                _)
                                                              (@Prod.instMeasurableSpace.{0, 0}
                                                                (EuclideanSpace.{0, 0} Real
                                                                  (Fin (@OfNat.ofNat.{0} Nat (nat_lit 4) _)))
                                                                (EuclideanSpace.{0, 0} Real
                                                                  (@TheoremT.Continuum.SpectatorCoordinate
                                                                    (@OfNat.ofNat.{0} Nat (nat_lit 2) _)
                                                                    (@OfNat.ofNat.{0}
                                                                      (Fin (@OfNat.ofNat.{0} Nat (nat_lit 2) _))
                                                                      (nat_lit 0) _)))
                                                                _ _)
                                                              (fun
                                                                  (p :
                                                                    @TheoremT.Continuum.WeakGrushin.Space
                                                                      (@TheoremT.Continuum.SpectatorCoordinate
                                                                        (@OfNat.ofNat.{0} Nat (nat_lit 2) _)
                                                                        (@OfNat.ofNat.{0}
                                                                          (Fin (@OfNat.ofNat.{0} Nat (nat_lit 2) _))
                                                                          (nat_lit 0) _))
                                                                      _) =>
                                                                @HSMul.hSMul.{0, 0, 0} Real Complex Complex _
                                                                  (@TheoremT.Continuum.WeakGrushin.productCoordinateTestWord
                                                                    (@TheoremT.Continuum.SpectatorCoordinate
                                                                      (@OfNat.ofNat.{0} Nat (nat_lit 2) _)
                                                                      (@OfNat.ofNat.{0}
                                                                        (Fin (@OfNat.ofNat.{0} Nat (nat_lit 2) _))
                                                                        (nat_lit 0) _))
                                                                    _ _
                                                                    (TheoremT.Continuum.WeakGrushin.h12PhysicalCoordinateWord
                                                                      (@OfNat.ofNat.{0}
                                                                        (Fin (@OfNat.ofNat.{0} Nat (nat_lit 2) _))
                                                                        (nat_lit 0) _)
                                                                      alpha)
                                                                    φ p)
                                                                  (u p))
                                                              (@MeasureTheory.MeasureSpace.volume.{0}
                                                                (@TheoremT.Continuum.WeakGrushin.Space
                                                                  (@TheoremT.Continuum.SpectatorCoordinate
                                                                    (@OfNat.ofNat.{0} Nat (nat_lit 2) _)
                                                                    (@OfNat.ofNat.{0}
                                                                      (Fin (@OfNat.ofNat.{0} Nat (nat_lit 2) _))
                                                                      (nat_lit 0) _))
                                                                  _)
                                                                _))
                                                            (@Eq.{1} Complex
                                                              (@MeasureTheory.integral.{0, 0}
                                                                TheoremT.Continuum.PairKSSpace Complex _ _
                                                                (@MeasureTheory.MeasureSpace.toMeasurableSpace.{0}
                                                                  TheoremT.Continuum.PairKSSpace _)
                                                                (@MeasureTheory.MeasureSpace.volume.{0}
                                                                  TheoremT.Continuum.PairKSSpace _)
                                                                fun (p : TheoremT.Continuum.PairKSSpace) =>
                                                                @HSMul.hSMul.{0, 0, 0} Real Complex Complex _ (φ p)
                                                                  (V alpha p))
                                                              (@HSMul.hSMul.{0, 0, 0} Real Complex Complex _
                                                                (@HPow.hPow.{0, 0, 0} Real Nat Real _
                                                                  (@Neg.neg.{0} Real _
                                                                    (@OfNat.ofNat.{0} Real (nat_lit 1) _))
                                                                  (@Finset.sum.{0, 0}
                                                                    (Fin (@OfNat.ofNat.{0} Nat (nat_lit 7) _)) Nat _
                                                                    (@Finset.univ.{0}
                                                                      (Fin (@OfNat.ofNat.{0} Nat (nat_lit 7) _)) _)
                                                                    fun
                                                                      (k : Fin (@OfNat.ofNat.{0} Nat (nat_lit 7) _)) =>
                                                                    @Subtype.val.{1}
                                                                      (Fin (@OfNat.ofNat.{0} Nat (nat_lit 7) _) → Nat)
                                                                      (fun
                                                                          (alpha :
                                                                            Fin (@OfNat.ofNat.{0} Nat (nat_lit 7) _) →
                                                                              Nat) =>
                                                                        @LE.le.{0} Nat _
                                                                          (@Finset.sum.{0, 0}
                                                                            (Fin (@OfNat.ofNat.{0} Nat (nat_lit 7) _))
                                                                            Nat _
                                                                            (@Finset.univ.{0}
                                                                              (Fin (@OfNat.ofNat.{0} Nat (nat_lit 7) _))
                                                                              _)
                                                                            fun
                                                                              (i :
                                                                                Fin
                                                                                  (@OfNat.ofNat.{0} Nat (nat_lit 7)
                                                                                    _)) =>
                                                                            alpha i)
                                                                          (@OfNat.ofNat.{0} Nat (nat_lit 12) _))
                                                                      alpha k))
                                                                (@MeasureTheory.integral.{0, 0}
                                                                  (@TheoremT.Continuum.WeakGrushin.Space
                                                                    (@TheoremT.Continuum.SpectatorCoordinate
                                                                      (@OfNat.ofNat.{0} Nat (nat_lit 2) _)
                                                                      (@OfNat.ofNat.{0}
                                                                        (Fin (@OfNat.ofNat.{0} Nat (nat_lit 2) _))
                                                                        (nat_lit 0) _))
                                                                    _)
                                                                  Complex _ _
                                                                  (@MeasureTheory.MeasureSpace.toMeasurableSpace.{0}
                                                                    (@TheoremT.Continuum.WeakGrushin.Space
                                                                      (@TheoremT.Continuum.SpectatorCoordinate
                                                                        (@OfNat.ofNat.{0} Nat (nat_lit 2) _)
                                                                        (@OfNat.ofNat.{0}
                                                                          (Fin (@OfNat.ofNat.{0} Nat (nat_lit 2) _))
                                                                          (nat_lit 0) _))
                                                                      _)
                                                                    _)
                                                                  (@MeasureTheory.MeasureSpace.volume.{0}
                                                                    (@TheoremT.Continuum.WeakGrushin.Space
                                                                      (@TheoremT.Continuum.SpectatorCoordinate
                                                                        (@OfNat.ofNat.{0} Nat (nat_lit 2) _)
                                                                        (@OfNat.ofNat.{0}
                                                                          (Fin (@OfNat.ofNat.{0} Nat (nat_lit 2) _))
                                                                          (nat_lit 0) _))
                                                                      _)
                                                                    _)
                                                                  fun
                                                                    (p :
                                                                      @TheoremT.Continuum.WeakGrushin.Space
                                                                        (@TheoremT.Continuum.SpectatorCoordinate
                                                                          (@OfNat.ofNat.{0} Nat (nat_lit 2) _)
                                                                          (@OfNat.ofNat.{0}
                                                                            (Fin (@OfNat.ofNat.{0} Nat (nat_lit 2) _))
                                                                            (nat_lit 0) _))
                                                                        _) =>
                                                                  @HSMul.hSMul.{0, 0, 0} Real Complex Complex _
                                                                    (@TheoremT.Continuum.WeakGrushin.productCoordinateTestWord
                                                                      (@TheoremT.Continuum.SpectatorCoordinate
                                                                        (@OfNat.ofNat.{0} Nat (nat_lit 2) _)
                                                                        (@OfNat.ofNat.{0}
                                                                          (Fin (@OfNat.ofNat.{0} Nat (nat_lit 2) _))
                                                                          (nat_lit 0) _))
                                                                      _ _
                                                                      (TheoremT.Continuum.WeakGrushin.h12PhysicalCoordinateWord
                                                                        (@OfNat.ofNat.{0}
                                                                          (Fin (@OfNat.ofNat.{0} Nat (nat_lit 2) _))
                                                                          (nat_lit 0) _)
                                                                        alpha)
                                                                      φ p)
                                                                    (u p)))))))))))))
TheoremT.Continuum.scalar_coulomb_pair_physical_h12_multiindex : ∀ (Z E : Real),
  @Exists.{1} Real fun (KT : Real) =>
    @Exists.{1} Real fun (KY : Real) =>
      @Exists.{1} Real fun (QY : Real) =>
        And (@LE.le.{0} Real _ (@OfNat.ofNat.{0} Real (nat_lit 1) _) KT)
          (And (@LE.le.{0} Real _ (@OfNat.ofNat.{0} Real (nat_lit 1) _) KY)
            (And (@LE.le.{0} Real _ (@OfNat.ofNat.{0} Real (nat_lit 0) _) QY)
              (And
                (@LE.le.{0} Real _ (@OfNat.ofNat.{0} Real (nat_lit 0) _)
                  (TheoremT.Continuum.ksH12MixedBudget (@OfNat.ofNat.{0} Real (nat_lit 1) _)
                    (@OfNat.ofNat.{0} Real (nat_lit 96) _) (@OfNat.ofNat.{0} Real (nat_lit 14016) _) KT KY QY))
                (∀
                  (t0 :
                    @TheoremT.Continuum.SpectatorConfiguration (@OfNat.ofNat.{0} Nat (nat_lit 2) _)
                      (@OfNat.ofNat.{0} (Fin (@OfNat.ofNat.{0} Nat (nat_lit 2) _)) (nat_lit 0) _)),
                  @Eq.{1} Real
                      (@Norm.norm.{0}
                        (@TheoremT.Continuum.SpectatorConfiguration (@OfNat.ofNat.{0} Nat (nat_lit 2) _)
                          (@OfNat.ofNat.{0} (Fin (@OfNat.ofNat.{0} Nat (nat_lit 2) _)) (nat_lit 0) _))
                        _ t0)
                      (@OfNat.ofNat.{0} Real (nat_lit 1) _) →
                    ∀
                      (f :
                        @Subtype.{1}
                          (@MeasureTheory.AEEqFun.{0, 0}
                            (TheoremT.Continuum.Configuration (@OfNat.ofNat.{0} Nat (nat_lit 2) _)) Complex _ _
                            (@MeasureTheory.MeasureSpace.volume.{0}
                              (TheoremT.Continuum.Configuration (@OfNat.ofNat.{0} Nat (nat_lit 2) _)) _))
                          fun
                            (x :
                              @MeasureTheory.AEEqFun.{0, 0}
                                (TheoremT.Continuum.Configuration (@OfNat.ofNat.{0} Nat (nat_lit 2) _)) Complex _ _
                                (@MeasureTheory.MeasureSpace.volume.{0}
                                  (TheoremT.Continuum.Configuration (@OfNat.ofNat.{0} Nat (nat_lit 2) _)) _)) =>
                          @Membership.mem.{0, 0}
                            (@MeasureTheory.AEEqFun.{0, 0}
                              (TheoremT.Continuum.Configuration (@OfNat.ofNat.{0} Nat (nat_lit 2) _)) Complex _ _
                              (@MeasureTheory.MeasureSpace.volume.{0}
                                (TheoremT.Continuum.Configuration (@OfNat.ofNat.{0} Nat (nat_lit 2) _)) _))
                            (@AddSubgroup.{0}
                              (@MeasureTheory.AEEqFun.{0, 0}
                                (TheoremT.Continuum.Configuration (@OfNat.ofNat.{0} Nat (nat_lit 2) _)) Complex _ _
                                (@MeasureTheory.MeasureSpace.volume.{0}
                                  (TheoremT.Continuum.Configuration (@OfNat.ofNat.{0} Nat (nat_lit 2) _)) _))
                              _)
                            _ (TheoremT.Continuum.SpatialL2 (@OfNat.ofNat.{0} Nat (nat_lit 2) _)) x),
                      TheoremT.Continuum.scalarHamiltonianGraph (@OfNat.ofNat.{0} Nat (nat_lit 2) _) Z f
                          (@HSMul.hSMul.{0, 0, 0} Complex
                            (@Subtype.{1}
                              (@MeasureTheory.AEEqFun.{0, 0}
                                (TheoremT.Continuum.Configuration (@OfNat.ofNat.{0} Nat (nat_lit 2) _)) Complex _ _
                                (@MeasureTheory.MeasureSpace.volume.{0}
                                  (TheoremT.Continuum.Configuration (@OfNat.ofNat.{0} Nat (nat_lit 2) _)) _))
                              fun
                                (x :
                                  @MeasureTheory.AEEqFun.{0, 0}
                                    (TheoremT.Continuum.Configuration (@OfNat.ofNat.{0} Nat (nat_lit 2) _)) Complex _ _
                                    (@MeasureTheory.MeasureSpace.volume.{0}
                                      (TheoremT.Continuum.Configuration (@OfNat.ofNat.{0} Nat (nat_lit 2) _)) _)) =>
                              @Membership.mem.{0, 0}
                                (@MeasureTheory.AEEqFun.{0, 0}
                                  (TheoremT.Continuum.Configuration (@OfNat.ofNat.{0} Nat (nat_lit 2) _)) Complex _ _
                                  (@MeasureTheory.MeasureSpace.volume.{0}
                                    (TheoremT.Continuum.Configuration (@OfNat.ofNat.{0} Nat (nat_lit 2) _)) _))
                                (@AddSubgroup.{0}
                                  (@MeasureTheory.AEEqFun.{0, 0}
                                    (TheoremT.Continuum.Configuration (@OfNat.ofNat.{0} Nat (nat_lit 2) _)) Complex _ _
                                    (@MeasureTheory.MeasureSpace.volume.{0}
                                      (TheoremT.Continuum.Configuration (@OfNat.ofNat.{0} Nat (nat_lit 2) _)) _))
                                  _)
                                _ (TheoremT.Continuum.SpatialL2 (@OfNat.ofNat.{0} Nat (nat_lit 2) _)) x)
                            (@Subtype.{1}
                              (@MeasureTheory.AEEqFun.{0, 0}
                                (TheoremT.Continuum.Configuration (@OfNat.ofNat.{0} Nat (nat_lit 2) _)) Complex _ _
                                (@MeasureTheory.MeasureSpace.volume.{0}
                                  (TheoremT.Continuum.Configuration (@OfNat.ofNat.{0} Nat (nat_lit 2) _)) _))
                              fun
                                (x :
                                  @MeasureTheory.AEEqFun.{0, 0}
                                    (TheoremT.Continuum.Configuration (@OfNat.ofNat.{0} Nat (nat_lit 2) _)) Complex _ _
                                    (@MeasureTheory.MeasureSpace.volume.{0}
                                      (TheoremT.Continuum.Configuration (@OfNat.ofNat.{0} Nat (nat_lit 2) _)) _)) =>
                              @Membership.mem.{0, 0}
                                (@MeasureTheory.AEEqFun.{0, 0}
                                  (TheoremT.Continuum.Configuration (@OfNat.ofNat.{0} Nat (nat_lit 2) _)) Complex _ _
                                  (@MeasureTheory.MeasureSpace.volume.{0}
                                    (TheoremT.Continuum.Configuration (@OfNat.ofNat.{0} Nat (nat_lit 2) _)) _))
                                (@AddSubgroup.{0}
                                  (@MeasureTheory.AEEqFun.{0, 0}
                                    (TheoremT.Continuum.Configuration (@OfNat.ofNat.{0} Nat (nat_lit 2) _)) Complex _ _
                                    (@MeasureTheory.MeasureSpace.volume.{0}
                                      (TheoremT.Continuum.Configuration (@OfNat.ofNat.{0} Nat (nat_lit 2) _)) _))
                                  _)
                                _ (TheoremT.Continuum.SpatialL2 (@OfNat.ofNat.{0} Nat (nat_lit 2) _)) x)
                            _ (Complex.ofReal E) f) →
                        ∀ (g : TheoremT.Continuum.Configuration (@OfNat.ofNat.{0} Nat (nat_lit 2) _) → Complex),
                          @Continuous.{0, 0} (TheoremT.Continuum.Configuration (@OfNat.ofNat.{0} Nat (nat_lit 2) _))
                              Complex _ _ g →
                            @Filter.EventuallyEq.{0, 0}
                                (TheoremT.Continuum.Configuration (@OfNat.ofNat.{0} Nat (nat_lit 2) _)) Complex
                                (@MeasureTheory.ae.{0, 0}
                                  (TheoremT.Continuum.Configuration (@OfNat.ofNat.{0} Nat (nat_lit 2) _))
                                  (@MeasureTheory.Measure.{0}
                                    (TheoremT.Continuum.Configuration (@OfNat.ofNat.{0} Nat (nat_lit 2) _)) _)
                                  _ _
                                  (@MeasureTheory.MeasureSpace.volume.{0}
                                    (TheoremT.Continuum.Configuration (@OfNat.ofNat.{0} Nat (nat_lit 2) _)) _))
                                (@MeasureTheory.AEEqFun.cast.{0, 0}
                                  (TheoremT.Continuum.Configuration (@OfNat.ofNat.{0} Nat (nat_lit 2) _)) Complex _
                                  (@MeasureTheory.MeasureSpace.volume.{0}
                                    (TheoremT.Continuum.Configuration (@OfNat.ofNat.{0} Nat (nat_lit 2) _)) _)
                                  _
                                  (@Subtype.val.{1}
                                    (@MeasureTheory.AEEqFun.{0, 0}
                                      (TheoremT.Continuum.Configuration (@OfNat.ofNat.{0} Nat (nat_lit 2) _)) Complex _
                                      _
                                      (@MeasureTheory.MeasureSpace.volume.{0}
                                        (TheoremT.Continuum.Configuration (@OfNat.ofNat.{0} Nat (nat_lit 2) _)) _))
                                    (fun
                                        (x :
                                          @MeasureTheory.AEEqFun.{0, 0}
                                            (TheoremT.Continuum.Configuration (@OfNat.ofNat.{0} Nat (nat_lit 2) _))
                                            Complex _ _
                                            (@MeasureTheory.MeasureSpace.volume.{0}
                                              (TheoremT.Continuum.Configuration (@OfNat.ofNat.{0} Nat (nat_lit 2) _))
                                              _)) =>
                                      @Membership.mem.{0, 0}
                                        (@MeasureTheory.AEEqFun.{0, 0}
                                          (TheoremT.Continuum.Configuration (@OfNat.ofNat.{0} Nat (nat_lit 2) _))
                                          Complex _ _
                                          (@MeasureTheory.MeasureSpace.volume.{0}
                                            (TheoremT.Continuum.Configuration (@OfNat.ofNat.{0} Nat (nat_lit 2) _)) _))
                                        (@AddSubgroup.{0}
                                          (@MeasureTheory.AEEqFun.{0, 0}
                                            (TheoremT.Continuum.Configuration (@OfNat.ofNat.{0} Nat (nat_lit 2) _))
                                            Complex _ _
                                            (@MeasureTheory.MeasureSpace.volume.{0}
                                              (TheoremT.Continuum.Configuration (@OfNat.ofNat.{0} Nat (nat_lit 2) _))
                                              _))
                                          _)
                                        _
                                        (@MeasureTheory.Lp.{0, 0}
                                          (TheoremT.Continuum.Configuration (@OfNat.ofNat.{0} Nat (nat_lit 2) _))
                                          Complex
                                          (@MeasureTheory.MeasureSpace.toMeasurableSpace.{0}
                                            (TheoremT.Continuum.Configuration (@OfNat.ofNat.{0} Nat (nat_lit 2) _)) _)
                                          _ (@OfNat.ofNat.{0} ENNReal (nat_lit 2) _)
                                          (@MeasureTheory.MeasureSpace.volume.{0}
                                            (TheoremT.Continuum.Configuration (@OfNat.ofNat.{0} Nat (nat_lit 2) _)) _))
                                        x)
                                    f))
                                g →
                              ∀ (L : NNReal) (R ε : Real),
                                @LipschitzOnWith.{0, 0}
                                    (TheoremT.Continuum.Configuration (@OfNat.ofNat.{0} Nat (nat_lit 2) _)) Complex _ _
                                    L g
                                    (@Metric.ball.{0}
                                      (TheoremT.Continuum.Configuration (@OfNat.ofNat.{0} Nat (nat_lit 2) _)) _
                                      (@OfNat.ofNat.{0}
                                        (TheoremT.Continuum.Configuration (@OfNat.ofNat.{0} Nat (nat_lit 2) _))
                                        (nat_lit 0) _)
                                      R) →
                                  @LT.lt.{0} Real _ (@OfNat.ofNat.{0} Real (nat_lit 0) _) ε →
                                    @LE.le.{0} Real _ ε
                                        (@Min.min.{0} Real _ (@OfNat.ofNat.{0} Real (nat_lit 1) _)
                                          (@HDiv.hDiv.{0, 0, 0} Real Real Real _ R
                                            (@OfNat.ofNat.{0} Real (nat_lit 4) _))) →
                                      have Ω :
                                        Set.{0}
                                          (@TheoremT.Continuum.WeakGrushin.Space
                                            (@TheoremT.Continuum.SpectatorCoordinate
                                              (@OfNat.ofNat.{0} Nat (nat_lit 2) _)
                                              (@OfNat.ofNat.{0} (Fin (@OfNat.ofNat.{0} Nat (nat_lit 2) _)) (nat_lit 0)
                                                _))
                                            _) :=
                                        @Set.preimage.{0, 0}
                                          (@TheoremT.Continuum.WeakGrushin.Space
                                            (@TheoremT.Continuum.SpectatorCoordinate
                                              (@OfNat.ofNat.{0} Nat (nat_lit 2) _)
                                              (@OfNat.ofNat.{0} (Fin (@OfNat.ofNat.{0} Nat (nat_lit 2) _)) (nat_lit 0)
                                                _))
                                            _)
                                          (@TheoremT.Continuum.WeakGrushin.Space
                                            (Fin (@OfNat.ofNat.{0} Nat (nat_lit 3) _)) _)
                                          (@DFunLike.coe.{1, 1, 1}
                                            (@LinearIsometryEquiv.{0, 0, 0, 0} Real Real _ _ (@RingHom.id.{0} Real _)
                                              (@RingHom.id.{0} Real _) _ _
                                              (@TheoremT.Continuum.WeakGrushin.Space
                                                (@TheoremT.Continuum.SpectatorCoordinate
                                                  (@OfNat.ofNat.{0} Nat (nat_lit 2) _)
                                                  (@OfNat.ofNat.{0} (Fin (@OfNat.ofNat.{0} Nat (nat_lit 2) _))
                                                    (nat_lit 0) _))
                                                _)
                                              (@TheoremT.Continuum.WeakGrushin.Space
                                                (Fin (@OfNat.ofNat.{0} Nat (nat_lit 3) _)) _)
                                              _ _ _ _)
                                            (@TheoremT.Continuum.WeakGrushin.Space
                                              (@TheoremT.Continuum.SpectatorCoordinate
                                                (@OfNat.ofNat.{0} Nat (nat_lit 2) _)
                                                (@OfNat.ofNat.{0} (Fin (@OfNat.ofNat.{0} Nat (nat_lit 2) _)) (nat_lit 0)
                                                  _))
                                              _)
                                            (fun
                                                (a :
                                                  @TheoremT.Continuum.WeakGrushin.Space
                                                    (@TheoremT.Continuum.SpectatorCoordinate
                                                      (@OfNat.ofNat.{0} Nat (nat_lit 2) _)
                                                      (@OfNat.ofNat.{0} (Fin (@OfNat.ofNat.{0} Nat (nat_lit 2) _))
                                                        (nat_lit 0) _))
                                                    _) =>
                                              @TheoremT.Continuum.WeakGrushin.Space
                                                (Fin (@OfNat.ofNat.{0} Nat (nat_lit 3) _)) _)
                                            _ TheoremT.Continuum.physicalSpectatorReindex)
                                          (TheoremT.Continuum.WeakGrushin.rectangularOpenBox
                                            (@Prod.mk.{0, 0}
                                              (EuclideanSpace.{0, 0} Real (Fin (@OfNat.ofNat.{0} Nat (nat_lit 4) _)))
                                              (EuclideanSpace.{0, 0} Real (Fin (@OfNat.ofNat.{0} Nat (nat_lit 3) _)))
                                              (@OfNat.ofNat.{0}
                                                (EuclideanSpace.{0, 0} Real (Fin (@OfNat.ofNat.{0} Nat (nat_lit 4) _)))
                                                (nat_lit 0) _)
                                              (@DFunLike.coe.{1, 1, 1}
                                                (@LinearIsometryEquiv.{0, 0, 0, 0} Real Real _ _
                                                  (@RingHom.id.{0} Real _) (@RingHom.id.{0} Real _) _ _
                                                  (@TheoremT.Continuum.SpectatorConfiguration
                                                    (@OfNat.ofNat.{0} Nat (nat_lit 2) _)
                                                    (@OfNat.ofNat.{0} (Fin (@OfNat.ofNat.{0} Nat (nat_lit 2) _))
                                                      (nat_lit 0) _))
                                                  TheoremT.Continuum.Position _ _ _ _)
                                                (@TheoremT.Continuum.SpectatorConfiguration
                                                  (@OfNat.ofNat.{0} Nat (nat_lit 2) _)
                                                  (@OfNat.ofNat.{0} (Fin (@OfNat.ofNat.{0} Nat (nat_lit 2) _))
                                                    (nat_lit 0) _))
                                                (fun
                                                    (a :
                                                      @TheoremT.Continuum.SpectatorConfiguration
                                                        (@OfNat.ofNat.{0} Nat (nat_lit 2) _)
                                                        (@OfNat.ofNat.{0} (Fin (@OfNat.ofNat.{0} Nat (nat_lit 2) _))
                                                          (nat_lit 0) _)) =>
                                                  TheoremT.Continuum.Position)
                                                _ TheoremT.Continuum.pairCenterEquiv t0))
                                            (@HDiv.hDiv.{0, 0, 0} Real Real Real _ (@OfNat.ofNat.{0} Real (nat_lit 1) _)
                                              (@OfNat.ofNat.{0} Real (nat_lit 128) _))
                                            (@HDiv.hDiv.{0, 0, 0} Real Real Real _ (@OfNat.ofNat.{0} Real (nat_lit 1) _)
                                              (@OfNat.ofNat.{0} Real (nat_lit 128) _)));
                                      have u : TheoremT.Continuum.PairKSSpace → Complex :=
                                        @Function.comp.{1, 1, 1} TheoremT.Continuum.PairKSSpace
                                          (TheoremT.Continuum.Configuration (@OfNat.ofNat.{0} Nat (nat_lit 2) _))
                                          Complex
                                          (@TheoremT.Continuum.originScaledDifference.{0}
                                            (TheoremT.Continuum.Configuration (@OfNat.ofNat.{0} Nat (nat_lit 2) _)) _ _
                                            g ε)
                                          TheoremT.Continuum.pairKSLift;
                                      have W : Real :=
                                        @HMul.hMul.{0, 0, 0} Real Real Real _
                                          (@HAdd.hAdd.{0, 0, 0} Real Real Real _
                                            (@HPow.hPow.{0, 0, 0} Real Nat Real _ (NNReal.toReal L)
                                              (@OfNat.ofNat.{0} Nat (nat_lit 2) _))
                                            (@HPow.hPow.{0, 0, 0} Real Nat Real _
                                              (@Norm.norm.{0} Complex _
                                                (g
                                                  (@OfNat.ofNat.{0}
                                                    (TheoremT.Continuum.Configuration
                                                      (@OfNat.ofNat.{0} Nat (nat_lit 2) _))
                                                    (nat_lit 0) _)))
                                              (@OfNat.ofNat.{0} Nat (nat_lit 2) _)))
                                          (TheoremT.Continuum.ksH12MixedBudget (@OfNat.ofNat.{0} Real (nat_lit 1) _)
                                            (@OfNat.ofNat.{0} Real (nat_lit 96) _)
                                            (@OfNat.ofNat.{0} Real (nat_lit 14016) _) KT KY QY);
                                      And
                                        (@TheoremT.Continuum.WeakGrushin.ProductCoordinateWeakHk
                                          (@TheoremT.Continuum.SpectatorCoordinate (@OfNat.ofNat.{0} Nat (nat_lit 2) _)
                                            (@OfNat.ofNat.{0} (Fin (@OfNat.ofNat.{0} Nat (nat_lit 2) _)) (nat_lit 0) _))
                                          _ _ Ω u (@OfNat.ofNat.{0} Nat (nat_lit 12) _) W)
                                        (@Exists.{1}
                                          (TheoremT.Continuum.boundedMultiIndex (@OfNat.ofNat.{0} Nat (nat_lit 7) _)
                                              (@OfNat.ofNat.{0} Nat (nat_lit 12) _) →
                                            TheoremT.Continuum.PairKSSpace → Complex)
                                          fun
                                            (V :
                                              TheoremT.Continuum.boundedMultiIndex (@OfNat.ofNat.{0} Nat (nat_lit 7) _)
                                                  (@OfNat.ofNat.{0} Nat (nat_lit 12) _) →
                                                TheoremT.Continuum.PairKSSpace → Complex) =>
                                          And
                                            (@Eq.{1} (TheoremT.Continuum.PairKSSpace → Complex)
                                              (V TheoremT.Continuum.h12ZeroMultiIndex) u)
                                            (And
                                              (∀
                                                (alpha :
                                                  TheoremT.Continuum.boundedMultiIndex
                                                    (@OfNat.ofNat.{0} Nat (nat_lit 7) _)
                                                    (@OfNat.ofNat.{0} Nat (nat_lit 12) _)),
                                                @TheoremT.Continuum.WeakGrushin.RegionL2Budget
                                                  (@TheoremT.Continuum.SpectatorCoordinate
                                                    (@OfNat.ofNat.{0} Nat (nat_lit 2) _)
                                                    (@OfNat.ofNat.{0} (Fin (@OfNat.ofNat.{0} Nat (nat_lit 2) _))
                                                      (nat_lit 0) _))
                                                  _ (V alpha) Ω W)
                                              (And
                                                (@LE.le.{0} Real _
                                                  (TheoremT.Continuum.WeakGrushin.physicalH12RegionL2Sum
                                                    (@OfNat.ofNat.{0} (Fin (@OfNat.ofNat.{0} Nat (nat_lit 2) _))
                                                      (nat_lit 0) _)
                                                    V Ω)
                                                  (@HMul.hMul.{0, 0, 0} Real Real Real _
                                                    (@OfNat.ofNat.{0} Real (nat_lit 50388) _) W))
                                                (∀
                                                  (alpha :
                                                    TheoremT.Continuum.boundedMultiIndex
                                                      (@OfNat.ofNat.{0} Nat (nat_lit 7) _)
                                                      (@OfNat.ofNat.{0} Nat (nat_lit 12) _))
                                                  (φ : TheoremT.Continuum.PairKSSpace → Real),
                                                  @ContDiff.{0, 0, 0} Real _ TheoremT.Continuum.PairKSSpace _ _ Real _ _
                                                      (@WithTop.some.{0} ENat (@Top.top.{0} ENat _)) φ →
                                                    @HasCompactSupport.{0, 0} TheoremT.Continuum.PairKSSpace Real _ _
                                                        φ →
                                                      @LE.le.{0} (Set.{0} TheoremT.Continuum.PairKSSpace) _
                                                          (@tsupport.{0, 0} TheoremT.Continuum.PairKSSpace Real _ _ φ)
                                                          Ω →
                                                        And
                                                          (@MeasureTheory.Integrable.{0, 0} Complex _ _
                                                            TheoremT.Continuum.PairKSSpace
                                                            (@Prod.instMeasurableSpace.{0, 0} TheoremT.Continuum.KSSpace
                                                              (@TheoremT.Continuum.SpectatorConfiguration
                                                                (@OfNat.ofNat.{0} Nat (nat_lit 2) _)
                                                                (@OfNat.ofNat.{0}
                                                                  (Fin (@OfNat.ofNat.{0} Nat (nat_lit 2) _)) (nat_lit 0)
                                                                  _))
                                                              _ _)
                                                            (fun (p : TheoremT.Continuum.PairKSSpace) =>
                                                              @HSMul.hSMul.{0, 0, 0} Real Complex Complex _ (φ p)
                                                                (V alpha p))
                                                            (@MeasureTheory.MeasureSpace.volume.{0}
                                                              TheoremT.Continuum.PairKSSpace _))
                                                          (And
                                                            (@MeasureTheory.Integrable.{0, 0} Complex _ _
                                                              (@TheoremT.Continuum.WeakGrushin.Space
                                                                (@TheoremT.Continuum.SpectatorCoordinate
                                                                  (@OfNat.ofNat.{0} Nat (nat_lit 2) _)
                                                                  (@OfNat.ofNat.{0}
                                                                    (Fin (@OfNat.ofNat.{0} Nat (nat_lit 2) _))
                                                                    (nat_lit 0) _))
                                                                _)
                                                              (@Prod.instMeasurableSpace.{0, 0}
                                                                (EuclideanSpace.{0, 0} Real
                                                                  (Fin (@OfNat.ofNat.{0} Nat (nat_lit 4) _)))
                                                                (EuclideanSpace.{0, 0} Real
                                                                  (@TheoremT.Continuum.SpectatorCoordinate
                                                                    (@OfNat.ofNat.{0} Nat (nat_lit 2) _)
                                                                    (@OfNat.ofNat.{0}
                                                                      (Fin (@OfNat.ofNat.{0} Nat (nat_lit 2) _))
                                                                      (nat_lit 0) _)))
                                                                _ _)
                                                              (fun
                                                                  (p :
                                                                    @TheoremT.Continuum.WeakGrushin.Space
                                                                      (@TheoremT.Continuum.SpectatorCoordinate
                                                                        (@OfNat.ofNat.{0} Nat (nat_lit 2) _)
                                                                        (@OfNat.ofNat.{0}
                                                                          (Fin (@OfNat.ofNat.{0} Nat (nat_lit 2) _))
                                                                          (nat_lit 0) _))
                                                                      _) =>
                                                                @HSMul.hSMul.{0, 0, 0} Real Complex Complex _
                                                                  (@TheoremT.Continuum.WeakGrushin.productCoordinateTestWord
                                                                    (@TheoremT.Continuum.SpectatorCoordinate
                                                                      (@OfNat.ofNat.{0} Nat (nat_lit 2) _)
                                                                      (@OfNat.ofNat.{0}
                                                                        (Fin (@OfNat.ofNat.{0} Nat (nat_lit 2) _))
                                                                        (nat_lit 0) _))
                                                                    _ _
                                                                    (TheoremT.Continuum.WeakGrushin.h12PhysicalCoordinateWord
                                                                      (@OfNat.ofNat.{0}
                                                                        (Fin (@OfNat.ofNat.{0} Nat (nat_lit 2) _))
                                                                        (nat_lit 0) _)
                                                                      alpha)
                                                                    φ p)
                                                                  (u p))
                                                              (@MeasureTheory.MeasureSpace.volume.{0}
                                                                (@TheoremT.Continuum.WeakGrushin.Space
                                                                  (@TheoremT.Continuum.SpectatorCoordinate
                                                                    (@OfNat.ofNat.{0} Nat (nat_lit 2) _)
                                                                    (@OfNat.ofNat.{0}
                                                                      (Fin (@OfNat.ofNat.{0} Nat (nat_lit 2) _))
                                                                      (nat_lit 0) _))
                                                                  _)
                                                                _))
                                                            (@Eq.{1} Complex
                                                              (@MeasureTheory.integral.{0, 0}
                                                                TheoremT.Continuum.PairKSSpace Complex _ _
                                                                (@MeasureTheory.MeasureSpace.toMeasurableSpace.{0}
                                                                  TheoremT.Continuum.PairKSSpace _)
                                                                (@MeasureTheory.MeasureSpace.volume.{0}
                                                                  TheoremT.Continuum.PairKSSpace _)
                                                                fun (p : TheoremT.Continuum.PairKSSpace) =>
                                                                @HSMul.hSMul.{0, 0, 0} Real Complex Complex _ (φ p)
                                                                  (V alpha p))
                                                              (@HSMul.hSMul.{0, 0, 0} Real Complex Complex _
                                                                (@HPow.hPow.{0, 0, 0} Real Nat Real _
                                                                  (@Neg.neg.{0} Real _
                                                                    (@OfNat.ofNat.{0} Real (nat_lit 1) _))
                                                                  (@Finset.sum.{0, 0}
                                                                    (Fin (@OfNat.ofNat.{0} Nat (nat_lit 7) _)) Nat _
                                                                    (@Finset.univ.{0}
                                                                      (Fin (@OfNat.ofNat.{0} Nat (nat_lit 7) _)) _)
                                                                    fun
                                                                      (k : Fin (@OfNat.ofNat.{0} Nat (nat_lit 7) _)) =>
                                                                    @Subtype.val.{1}
                                                                      (Fin (@OfNat.ofNat.{0} Nat (nat_lit 7) _) → Nat)
                                                                      (fun
                                                                          (alpha :
                                                                            Fin (@OfNat.ofNat.{0} Nat (nat_lit 7) _) →
                                                                              Nat) =>
                                                                        @LE.le.{0} Nat _
                                                                          (@Finset.sum.{0, 0}
                                                                            (Fin (@OfNat.ofNat.{0} Nat (nat_lit 7) _))
                                                                            Nat _
                                                                            (@Finset.univ.{0}
                                                                              (Fin (@OfNat.ofNat.{0} Nat (nat_lit 7) _))
                                                                              _)
                                                                            fun
                                                                              (i :
                                                                                Fin
                                                                                  (@OfNat.ofNat.{0} Nat (nat_lit 7)
                                                                                    _)) =>
                                                                            alpha i)
                                                                          (@OfNat.ofNat.{0} Nat (nat_lit 12) _))
                                                                      alpha k))
                                                                (@MeasureTheory.integral.{0, 0}
                                                                  (@TheoremT.Continuum.WeakGrushin.Space
                                                                    (@TheoremT.Continuum.SpectatorCoordinate
                                                                      (@OfNat.ofNat.{0} Nat (nat_lit 2) _)
                                                                      (@OfNat.ofNat.{0}
                                                                        (Fin (@OfNat.ofNat.{0} Nat (nat_lit 2) _))
                                                                        (nat_lit 0) _))
                                                                    _)
                                                                  Complex _ _
                                                                  (@MeasureTheory.MeasureSpace.toMeasurableSpace.{0}
                                                                    (@TheoremT.Continuum.WeakGrushin.Space
                                                                      (@TheoremT.Continuum.SpectatorCoordinate
                                                                        (@OfNat.ofNat.{0} Nat (nat_lit 2) _)
                                                                        (@OfNat.ofNat.{0}
                                                                          (Fin (@OfNat.ofNat.{0} Nat (nat_lit 2) _))
                                                                          (nat_lit 0) _))
                                                                      _)
                                                                    _)
                                                                  (@MeasureTheory.MeasureSpace.volume.{0}
                                                                    (@TheoremT.Continuum.WeakGrushin.Space
                                                                      (@TheoremT.Continuum.SpectatorCoordinate
                                                                        (@OfNat.ofNat.{0} Nat (nat_lit 2) _)
                                                                        (@OfNat.ofNat.{0}
                                                                          (Fin (@OfNat.ofNat.{0} Nat (nat_lit 2) _))
                                                                          (nat_lit 0) _))
                                                                      _)
                                                                    _)
                                                                  fun
                                                                    (p :
                                                                      @TheoremT.Continuum.WeakGrushin.Space
                                                                        (@TheoremT.Continuum.SpectatorCoordinate
                                                                          (@OfNat.ofNat.{0} Nat (nat_lit 2) _)
                                                                          (@OfNat.ofNat.{0}
                                                                            (Fin (@OfNat.ofNat.{0} Nat (nat_lit 2) _))
                                                                            (nat_lit 0) _))
                                                                        _) =>
                                                                  @HSMul.hSMul.{0, 0, 0} Real Complex Complex _
                                                                    (@TheoremT.Continuum.WeakGrushin.productCoordinateTestWord
                                                                      (@TheoremT.Continuum.SpectatorCoordinate
                                                                        (@OfNat.ofNat.{0} Nat (nat_lit 2) _)
                                                                        (@OfNat.ofNat.{0}
                                                                          (Fin (@OfNat.ofNat.{0} Nat (nat_lit 2) _))
                                                                          (nat_lit 0) _))
                                                                      _ _
                                                                      (TheoremT.Continuum.WeakGrushin.h12PhysicalCoordinateWord
                                                                        (@OfNat.ofNat.{0}
                                                                          (Fin (@OfNat.ofNat.{0} Nat (nat_lit 2) _))
                                                                          (nat_lit 0) _)
                                                                        alpha)
                                                                      φ p)
                                                                    (u p)))))))))))))
'TheoremT.Continuum.ksCommonAnnulusVolume' depends on axioms: [propext, Classical.choice, Quot.sound]
'TheoremT.Continuum.ksH12CutoffScalar' depends on axioms: [propext, Classical.choice, Quot.sound]
'TheoremT.Continuum.ksH12CutoffWeight' depends on axioms: [propext, Classical.choice, Quot.sound]
'TheoremT.Continuum.ksH12SpectatorBudget' depends on axioms: [propext, Classical.choice, Quot.sound]
'TheoremT.Continuum.ksH12MixedBudget' depends on axioms: [propext, Classical.choice, Quot.sound]
'TheoremT.Continuum.ksCommonAnnulusVolume_nonneg' depends on axioms: [propext, Classical.choice, Quot.sound]
'TheoremT.Continuum.ksCommonAnnulusVolume_mono' depends on axioms: [propext, Classical.choice, Quot.sound]
'TheoremT.Continuum.ksH12CutoffWeight_nonneg' depends on axioms: [propext, Classical.choice, Quot.sound]
'TheoremT.Continuum.ksH12SpectatorBudget_nonneg' depends on axioms: [propext, Classical.choice, Quot.sound]
'TheoremT.Continuum.ksH12MixedBudget_nonneg' depends on axioms: [propext, Classical.choice, Quot.sound]
'TheoremT.Continuum.ksH12_source_amplitude_bound' depends on axioms: [propext, Classical.choice, Quot.sound]
'TheoremT.Continuum.ksH12_initial_amplitude_bound' depends on axioms: [propext, Classical.choice, Quot.sound]
'TheoremT.Continuum.physicalH12Schedule_zero_subset_commonAnnulus' depends on axioms: [propext,
 Classical.choice,
 Quot.sound]
'TheoremT.Continuum.scalar_coulomb_nuclear_zero_physical_coordinate_h12' depends on axioms: [propext,
 Classical.choice,
 Quot.sound]
'TheoremT.Continuum.scalar_coulomb_pair_physical_coordinate_h12' depends on axioms: [propext,
 Classical.choice,
 Quot.sound]
'TheoremT.Continuum.scalar_coulomb_nuclear_zero_physical_h12_multiindex' depends on axioms: [propext,
 Classical.choice,
 Quot.sound]
'TheoremT.Continuum.scalar_coulomb_pair_physical_h12_multiindex' depends on axioms: [propext,
 Classical.choice,
 Quot.sound]
