@TheoremT.Continuum.spatialConj : {N : Nat} →
  @ContinuousLinearMap.{0, 0, 0, 0} Real Real _ _ (@RingHom.id.{0} Real _)
    (@Subtype.{1}
      (@MeasureTheory.AEEqFun.{0, 0} (TheoremT.Continuum.Configuration N) Complex _ _
        (@MeasureTheory.MeasureSpace.volume.{0} (TheoremT.Continuum.Configuration N) _))
      fun
        (x :
          @MeasureTheory.AEEqFun.{0, 0} (TheoremT.Continuum.Configuration N) Complex _ _
            (@MeasureTheory.MeasureSpace.volume.{0} (TheoremT.Continuum.Configuration N) _)) =>
      @Membership.mem.{0, 0}
        (@MeasureTheory.AEEqFun.{0, 0} (TheoremT.Continuum.Configuration N) Complex _ _
          (@MeasureTheory.MeasureSpace.volume.{0} (TheoremT.Continuum.Configuration N) _))
        (@AddSubgroup.{0}
          (@MeasureTheory.AEEqFun.{0, 0} (TheoremT.Continuum.Configuration N) Complex _ _
            (@MeasureTheory.MeasureSpace.volume.{0} (TheoremT.Continuum.Configuration N) _))
          _)
        _ (TheoremT.Continuum.SpatialL2 N) x)
    _ _
    (@Subtype.{1}
      (@MeasureTheory.AEEqFun.{0, 0} (TheoremT.Continuum.Configuration N) Complex _ _
        (@MeasureTheory.MeasureSpace.volume.{0} (TheoremT.Continuum.Configuration N) _))
      fun
        (x :
          @MeasureTheory.AEEqFun.{0, 0} (TheoremT.Continuum.Configuration N) Complex _ _
            (@MeasureTheory.MeasureSpace.volume.{0} (TheoremT.Continuum.Configuration N) _)) =>
      @Membership.mem.{0, 0}
        (@MeasureTheory.AEEqFun.{0, 0} (TheoremT.Continuum.Configuration N) Complex _ _
          (@MeasureTheory.MeasureSpace.volume.{0} (TheoremT.Continuum.Configuration N) _))
        (@AddSubgroup.{0}
          (@MeasureTheory.AEEqFun.{0, 0} (TheoremT.Continuum.Configuration N) Complex _ _
            (@MeasureTheory.MeasureSpace.volume.{0} (TheoremT.Continuum.Configuration N) _))
          _)
        _ (TheoremT.Continuum.SpatialL2 N) x)
    _ _ _ _
@TheoremT.Continuum.spatialConj_coeFn : ∀ {N : Nat}
  (f :
    @Subtype.{1}
      (@MeasureTheory.AEEqFun.{0, 0} (TheoremT.Continuum.Configuration N) Complex _ _
        (@MeasureTheory.MeasureSpace.volume.{0} (TheoremT.Continuum.Configuration N) _))
      fun
        (x :
          @MeasureTheory.AEEqFun.{0, 0} (TheoremT.Continuum.Configuration N) Complex _ _
            (@MeasureTheory.MeasureSpace.volume.{0} (TheoremT.Continuum.Configuration N) _)) =>
      @Membership.mem.{0, 0}
        (@MeasureTheory.AEEqFun.{0, 0} (TheoremT.Continuum.Configuration N) Complex _ _
          (@MeasureTheory.MeasureSpace.volume.{0} (TheoremT.Continuum.Configuration N) _))
        (@AddSubgroup.{0}
          (@MeasureTheory.AEEqFun.{0, 0} (TheoremT.Continuum.Configuration N) Complex _ _
            (@MeasureTheory.MeasureSpace.volume.{0} (TheoremT.Continuum.Configuration N) _))
          _)
        _ (TheoremT.Continuum.SpatialL2 N) x),
  @Filter.Eventually.{0} (TheoremT.Continuum.Configuration N)
    (fun (x : TheoremT.Continuum.Configuration N) =>
      @Eq.{1} Complex
        (@MeasureTheory.AEEqFun.cast.{0, 0} (TheoremT.Continuum.Configuration N) Complex _
          (@MeasureTheory.MeasureSpace.volume.{0} (TheoremT.Continuum.Configuration N) _) _
          (@Subtype.val.{1}
            (@MeasureTheory.AEEqFun.{0, 0} (TheoremT.Continuum.Configuration N) Complex _ _
              (@MeasureTheory.MeasureSpace.volume.{0} (TheoremT.Continuum.Configuration N) _))
            (fun
                (x :
                  @MeasureTheory.AEEqFun.{0, 0} (TheoremT.Continuum.Configuration N) Complex _ _
                    (@MeasureTheory.MeasureSpace.volume.{0} (TheoremT.Continuum.Configuration N) _)) =>
              @Membership.mem.{0, 0}
                (@MeasureTheory.AEEqFun.{0, 0} (TheoremT.Continuum.Configuration N) Complex _ _
                  (@MeasureTheory.MeasureSpace.volume.{0} (TheoremT.Continuum.Configuration N) _))
                (@AddSubgroup.{0}
                  (@MeasureTheory.AEEqFun.{0, 0} (TheoremT.Continuum.Configuration N) Complex _ _
                    (@MeasureTheory.MeasureSpace.volume.{0} (TheoremT.Continuum.Configuration N) _))
                  _)
                _
                (@MeasureTheory.Lp.{0, 0} (TheoremT.Continuum.Configuration N) Complex
                  (@MeasureTheory.MeasureSpace.toMeasurableSpace.{0} (TheoremT.Continuum.Configuration N) _) _
                  (@OfNat.ofNat.{0} ENNReal (nat_lit 2) _)
                  (@MeasureTheory.MeasureSpace.volume.{0} (TheoremT.Continuum.Configuration N) _))
                x)
            (@DFunLike.coe.{1, 1, 1}
              (@ContinuousLinearMap.{0, 0, 0, 0} Real Real _ _ (@RingHom.id.{0} Real _)
                (@Subtype.{1}
                  (@MeasureTheory.AEEqFun.{0, 0} (TheoremT.Continuum.Configuration N) Complex _ _
                    (@MeasureTheory.MeasureSpace.volume.{0} (TheoremT.Continuum.Configuration N) _))
                  fun
                    (x :
                      @MeasureTheory.AEEqFun.{0, 0} (TheoremT.Continuum.Configuration N) Complex _ _
                        (@MeasureTheory.MeasureSpace.volume.{0} (TheoremT.Continuum.Configuration N) _)) =>
                  @Membership.mem.{0, 0}
                    (@MeasureTheory.AEEqFun.{0, 0} (TheoremT.Continuum.Configuration N) Complex _ _
                      (@MeasureTheory.MeasureSpace.volume.{0} (TheoremT.Continuum.Configuration N) _))
                    (@AddSubgroup.{0}
                      (@MeasureTheory.AEEqFun.{0, 0} (TheoremT.Continuum.Configuration N) Complex _ _
                        (@MeasureTheory.MeasureSpace.volume.{0} (TheoremT.Continuum.Configuration N) _))
                      _)
                    _ (TheoremT.Continuum.SpatialL2 N) x)
                _ _
                (@Subtype.{1}
                  (@MeasureTheory.AEEqFun.{0, 0} (TheoremT.Continuum.Configuration N) Complex _ _
                    (@MeasureTheory.MeasureSpace.volume.{0} (TheoremT.Continuum.Configuration N) _))
                  fun
                    (x :
                      @MeasureTheory.AEEqFun.{0, 0} (TheoremT.Continuum.Configuration N) Complex _ _
                        (@MeasureTheory.MeasureSpace.volume.{0} (TheoremT.Continuum.Configuration N) _)) =>
                  @Membership.mem.{0, 0}
                    (@MeasureTheory.AEEqFun.{0, 0} (TheoremT.Continuum.Configuration N) Complex _ _
                      (@MeasureTheory.MeasureSpace.volume.{0} (TheoremT.Continuum.Configuration N) _))
                    (@AddSubgroup.{0}
                      (@MeasureTheory.AEEqFun.{0, 0} (TheoremT.Continuum.Configuration N) Complex _ _
                        (@MeasureTheory.MeasureSpace.volume.{0} (TheoremT.Continuum.Configuration N) _))
                      _)
                    _ (TheoremT.Continuum.SpatialL2 N) x)
                _ _ _ _)
              (@Subtype.{1}
                (@MeasureTheory.AEEqFun.{0, 0} (TheoremT.Continuum.Configuration N) Complex _ _
                  (@MeasureTheory.MeasureSpace.volume.{0} (TheoremT.Continuum.Configuration N) _))
                fun
                  (x :
                    @MeasureTheory.AEEqFun.{0, 0} (TheoremT.Continuum.Configuration N) Complex _ _
                      (@MeasureTheory.MeasureSpace.volume.{0} (TheoremT.Continuum.Configuration N) _)) =>
                @Membership.mem.{0, 0}
                  (@MeasureTheory.AEEqFun.{0, 0} (TheoremT.Continuum.Configuration N) Complex _ _
                    (@MeasureTheory.MeasureSpace.volume.{0} (TheoremT.Continuum.Configuration N) _))
                  (@AddSubgroup.{0}
                    (@MeasureTheory.AEEqFun.{0, 0} (TheoremT.Continuum.Configuration N) Complex _ _
                      (@MeasureTheory.MeasureSpace.volume.{0} (TheoremT.Continuum.Configuration N) _))
                    _)
                  _ (TheoremT.Continuum.SpatialL2 N) x)
              (fun
                  (x :
                    @Subtype.{1}
                      (@MeasureTheory.AEEqFun.{0, 0} (TheoremT.Continuum.Configuration N) Complex _ _
                        (@MeasureTheory.MeasureSpace.volume.{0} (TheoremT.Continuum.Configuration N) _))
                      fun
                        (x :
                          @MeasureTheory.AEEqFun.{0, 0} (TheoremT.Continuum.Configuration N) Complex _ _
                            (@MeasureTheory.MeasureSpace.volume.{0} (TheoremT.Continuum.Configuration N) _)) =>
                      @Membership.mem.{0, 0}
                        (@MeasureTheory.AEEqFun.{0, 0} (TheoremT.Continuum.Configuration N) Complex _ _
                          (@MeasureTheory.MeasureSpace.volume.{0} (TheoremT.Continuum.Configuration N) _))
                        (@AddSubgroup.{0}
                          (@MeasureTheory.AEEqFun.{0, 0} (TheoremT.Continuum.Configuration N) Complex _ _
                            (@MeasureTheory.MeasureSpace.volume.{0} (TheoremT.Continuum.Configuration N) _))
                          _)
                        _ (TheoremT.Continuum.SpatialL2 N) x) =>
                @Subtype.{1}
                  (@MeasureTheory.AEEqFun.{0, 0} (TheoremT.Continuum.Configuration N) Complex _ _
                    (@MeasureTheory.MeasureSpace.volume.{0} (TheoremT.Continuum.Configuration N) _))
                  fun
                    (x :
                      @MeasureTheory.AEEqFun.{0, 0} (TheoremT.Continuum.Configuration N) Complex _ _
                        (@MeasureTheory.MeasureSpace.volume.{0} (TheoremT.Continuum.Configuration N) _)) =>
                  @Membership.mem.{0, 0}
                    (@MeasureTheory.AEEqFun.{0, 0} (TheoremT.Continuum.Configuration N) Complex _ _
                      (@MeasureTheory.MeasureSpace.volume.{0} (TheoremT.Continuum.Configuration N) _))
                    (@AddSubgroup.{0}
                      (@MeasureTheory.AEEqFun.{0, 0} (TheoremT.Continuum.Configuration N) Complex _ _
                        (@MeasureTheory.MeasureSpace.volume.{0} (TheoremT.Continuum.Configuration N) _))
                      _)
                    _ (TheoremT.Continuum.SpatialL2 N) x)
              _ (@TheoremT.Continuum.spatialConj N) f))
          x)
        (@DFunLike.coe.{1, 1, 1} (@RingHom.{0, 0} Complex Complex _ _) Complex (fun (x : Complex) => Complex) _
          (@starRingEnd.{0} Complex _ _)
          (@MeasureTheory.AEEqFun.cast.{0, 0} (TheoremT.Continuum.Configuration N) Complex _
            (@MeasureTheory.MeasureSpace.volume.{0} (TheoremT.Continuum.Configuration N) _) _
            (@Subtype.val.{1}
              (@MeasureTheory.AEEqFun.{0, 0} (TheoremT.Continuum.Configuration N) Complex _ _
                (@MeasureTheory.MeasureSpace.volume.{0} (TheoremT.Continuum.Configuration N) _))
              (fun
                  (x :
                    @MeasureTheory.AEEqFun.{0, 0} (TheoremT.Continuum.Configuration N) Complex _ _
                      (@MeasureTheory.MeasureSpace.volume.{0} (TheoremT.Continuum.Configuration N) _)) =>
                @Membership.mem.{0, 0}
                  (@MeasureTheory.AEEqFun.{0, 0} (TheoremT.Continuum.Configuration N) Complex _ _
                    (@MeasureTheory.MeasureSpace.volume.{0} (TheoremT.Continuum.Configuration N) _))
                  (@AddSubgroup.{0}
                    (@MeasureTheory.AEEqFun.{0, 0} (TheoremT.Continuum.Configuration N) Complex _ _
                      (@MeasureTheory.MeasureSpace.volume.{0} (TheoremT.Continuum.Configuration N) _))
                    _)
                  _
                  (@MeasureTheory.Lp.{0, 0} (TheoremT.Continuum.Configuration N) Complex
                    (@MeasureTheory.MeasureSpace.toMeasurableSpace.{0} (TheoremT.Continuum.Configuration N) _) _
                    (@OfNat.ofNat.{0} ENNReal (nat_lit 2) _)
                    (@MeasureTheory.MeasureSpace.volume.{0} (TheoremT.Continuum.Configuration N) _))
                  x)
              f)
            x)))
    (@MeasureTheory.ae.{0, 0} (TheoremT.Continuum.Configuration N)
      (@MeasureTheory.Measure.{0} (TheoremT.Continuum.Configuration N) _) _ _
      (@MeasureTheory.MeasureSpace.volume.{0} (TheoremT.Continuum.Configuration N) _))
@TheoremT.Continuum.spatialConj_smul : ∀ {N : Nat} (c : Complex)
  (f :
    @Subtype.{1}
      (@MeasureTheory.AEEqFun.{0, 0} (TheoremT.Continuum.Configuration N) Complex _ _
        (@MeasureTheory.MeasureSpace.volume.{0} (TheoremT.Continuum.Configuration N) _))
      fun
        (x :
          @MeasureTheory.AEEqFun.{0, 0} (TheoremT.Continuum.Configuration N) Complex _ _
            (@MeasureTheory.MeasureSpace.volume.{0} (TheoremT.Continuum.Configuration N) _)) =>
      @Membership.mem.{0, 0}
        (@MeasureTheory.AEEqFun.{0, 0} (TheoremT.Continuum.Configuration N) Complex _ _
          (@MeasureTheory.MeasureSpace.volume.{0} (TheoremT.Continuum.Configuration N) _))
        (@AddSubgroup.{0}
          (@MeasureTheory.AEEqFun.{0, 0} (TheoremT.Continuum.Configuration N) Complex _ _
            (@MeasureTheory.MeasureSpace.volume.{0} (TheoremT.Continuum.Configuration N) _))
          _)
        _ (TheoremT.Continuum.SpatialL2 N) x),
  @Eq.{1}
    (@Subtype.{1}
      (@MeasureTheory.AEEqFun.{0, 0} (TheoremT.Continuum.Configuration N) Complex _ _
        (@MeasureTheory.MeasureSpace.volume.{0} (TheoremT.Continuum.Configuration N) _))
      fun
        (x :
          @MeasureTheory.AEEqFun.{0, 0} (TheoremT.Continuum.Configuration N) Complex _ _
            (@MeasureTheory.MeasureSpace.volume.{0} (TheoremT.Continuum.Configuration N) _)) =>
      @Membership.mem.{0, 0}
        (@MeasureTheory.AEEqFun.{0, 0} (TheoremT.Continuum.Configuration N) Complex _ _
          (@MeasureTheory.MeasureSpace.volume.{0} (TheoremT.Continuum.Configuration N) _))
        (@AddSubgroup.{0}
          (@MeasureTheory.AEEqFun.{0, 0} (TheoremT.Continuum.Configuration N) Complex _ _
            (@MeasureTheory.MeasureSpace.volume.{0} (TheoremT.Continuum.Configuration N) _))
          _)
        _ (TheoremT.Continuum.SpatialL2 N) x)
    (@DFunLike.coe.{1, 1, 1}
      (@ContinuousLinearMap.{0, 0, 0, 0} Real Real _ _ (@RingHom.id.{0} Real _)
        (@Subtype.{1}
          (@MeasureTheory.AEEqFun.{0, 0} (TheoremT.Continuum.Configuration N) Complex _ _
            (@MeasureTheory.MeasureSpace.volume.{0} (TheoremT.Continuum.Configuration N) _))
          fun
            (x :
              @MeasureTheory.AEEqFun.{0, 0} (TheoremT.Continuum.Configuration N) Complex _ _
                (@MeasureTheory.MeasureSpace.volume.{0} (TheoremT.Continuum.Configuration N) _)) =>
          @Membership.mem.{0, 0}
            (@MeasureTheory.AEEqFun.{0, 0} (TheoremT.Continuum.Configuration N) Complex _ _
              (@MeasureTheory.MeasureSpace.volume.{0} (TheoremT.Continuum.Configuration N) _))
            (@AddSubgroup.{0}
              (@MeasureTheory.AEEqFun.{0, 0} (TheoremT.Continuum.Configuration N) Complex _ _
                (@MeasureTheory.MeasureSpace.volume.{0} (TheoremT.Continuum.Configuration N) _))
              _)
            _ (TheoremT.Continuum.SpatialL2 N) x)
        _ _
        (@Subtype.{1}
          (@MeasureTheory.AEEqFun.{0, 0} (TheoremT.Continuum.Configuration N) Complex _ _
            (@MeasureTheory.MeasureSpace.volume.{0} (TheoremT.Continuum.Configuration N) _))
          fun
            (x :
              @MeasureTheory.AEEqFun.{0, 0} (TheoremT.Continuum.Configuration N) Complex _ _
                (@MeasureTheory.MeasureSpace.volume.{0} (TheoremT.Continuum.Configuration N) _)) =>
          @Membership.mem.{0, 0}
            (@MeasureTheory.AEEqFun.{0, 0} (TheoremT.Continuum.Configuration N) Complex _ _
              (@MeasureTheory.MeasureSpace.volume.{0} (TheoremT.Continuum.Configuration N) _))
            (@AddSubgroup.{0}
              (@MeasureTheory.AEEqFun.{0, 0} (TheoremT.Continuum.Configuration N) Complex _ _
                (@MeasureTheory.MeasureSpace.volume.{0} (TheoremT.Continuum.Configuration N) _))
              _)
            _ (TheoremT.Continuum.SpatialL2 N) x)
        _ _ _ _)
      (@Subtype.{1}
        (@MeasureTheory.AEEqFun.{0, 0} (TheoremT.Continuum.Configuration N) Complex _ _
          (@MeasureTheory.MeasureSpace.volume.{0} (TheoremT.Continuum.Configuration N) _))
        fun
          (x :
            @MeasureTheory.AEEqFun.{0, 0} (TheoremT.Continuum.Configuration N) Complex _ _
              (@MeasureTheory.MeasureSpace.volume.{0} (TheoremT.Continuum.Configuration N) _)) =>
        @Membership.mem.{0, 0}
          (@MeasureTheory.AEEqFun.{0, 0} (TheoremT.Continuum.Configuration N) Complex _ _
            (@MeasureTheory.MeasureSpace.volume.{0} (TheoremT.Continuum.Configuration N) _))
          (@AddSubgroup.{0}
            (@MeasureTheory.AEEqFun.{0, 0} (TheoremT.Continuum.Configuration N) Complex _ _
              (@MeasureTheory.MeasureSpace.volume.{0} (TheoremT.Continuum.Configuration N) _))
            _)
          _ (TheoremT.Continuum.SpatialL2 N) x)
      (fun
          (x :
            @Subtype.{1}
              (@MeasureTheory.AEEqFun.{0, 0} (TheoremT.Continuum.Configuration N) Complex _ _
                (@MeasureTheory.MeasureSpace.volume.{0} (TheoremT.Continuum.Configuration N) _))
              fun
                (x :
                  @MeasureTheory.AEEqFun.{0, 0} (TheoremT.Continuum.Configuration N) Complex _ _
                    (@MeasureTheory.MeasureSpace.volume.{0} (TheoremT.Continuum.Configuration N) _)) =>
              @Membership.mem.{0, 0}
                (@MeasureTheory.AEEqFun.{0, 0} (TheoremT.Continuum.Configuration N) Complex _ _
                  (@MeasureTheory.MeasureSpace.volume.{0} (TheoremT.Continuum.Configuration N) _))
                (@AddSubgroup.{0}
                  (@MeasureTheory.AEEqFun.{0, 0} (TheoremT.Continuum.Configuration N) Complex _ _
                    (@MeasureTheory.MeasureSpace.volume.{0} (TheoremT.Continuum.Configuration N) _))
                  _)
                _ (TheoremT.Continuum.SpatialL2 N) x) =>
        @Subtype.{1}
          (@MeasureTheory.AEEqFun.{0, 0} (TheoremT.Continuum.Configuration N) Complex _ _
            (@MeasureTheory.MeasureSpace.volume.{0} (TheoremT.Continuum.Configuration N) _))
          fun
            (x :
              @MeasureTheory.AEEqFun.{0, 0} (TheoremT.Continuum.Configuration N) Complex _ _
                (@MeasureTheory.MeasureSpace.volume.{0} (TheoremT.Continuum.Configuration N) _)) =>
          @Membership.mem.{0, 0}
            (@MeasureTheory.AEEqFun.{0, 0} (TheoremT.Continuum.Configuration N) Complex _ _
              (@MeasureTheory.MeasureSpace.volume.{0} (TheoremT.Continuum.Configuration N) _))
            (@AddSubgroup.{0}
              (@MeasureTheory.AEEqFun.{0, 0} (TheoremT.Continuum.Configuration N) Complex _ _
                (@MeasureTheory.MeasureSpace.volume.{0} (TheoremT.Continuum.Configuration N) _))
              _)
            _ (TheoremT.Continuum.SpatialL2 N) x)
      _ (@TheoremT.Continuum.spatialConj N)
      (@HSMul.hSMul.{0, 0, 0} Complex
        (@Subtype.{1}
          (@MeasureTheory.AEEqFun.{0, 0} (TheoremT.Continuum.Configuration N) Complex _ _
            (@MeasureTheory.MeasureSpace.volume.{0} (TheoremT.Continuum.Configuration N) _))
          fun
            (x :
              @MeasureTheory.AEEqFun.{0, 0} (TheoremT.Continuum.Configuration N) Complex _ _
                (@MeasureTheory.MeasureSpace.volume.{0} (TheoremT.Continuum.Configuration N) _)) =>
          @Membership.mem.{0, 0}
            (@MeasureTheory.AEEqFun.{0, 0} (TheoremT.Continuum.Configuration N) Complex _ _
              (@MeasureTheory.MeasureSpace.volume.{0} (TheoremT.Continuum.Configuration N) _))
            (@AddSubgroup.{0}
              (@MeasureTheory.AEEqFun.{0, 0} (TheoremT.Continuum.Configuration N) Complex _ _
                (@MeasureTheory.MeasureSpace.volume.{0} (TheoremT.Continuum.Configuration N) _))
              _)
            _ (TheoremT.Continuum.SpatialL2 N) x)
        (@Subtype.{1}
          (@MeasureTheory.AEEqFun.{0, 0} (TheoremT.Continuum.Configuration N) Complex _ _
            (@MeasureTheory.MeasureSpace.volume.{0} (TheoremT.Continuum.Configuration N) _))
          fun
            (x :
              @MeasureTheory.AEEqFun.{0, 0} (TheoremT.Continuum.Configuration N) Complex _ _
                (@MeasureTheory.MeasureSpace.volume.{0} (TheoremT.Continuum.Configuration N) _)) =>
          @Membership.mem.{0, 0}
            (@MeasureTheory.AEEqFun.{0, 0} (TheoremT.Continuum.Configuration N) Complex _ _
              (@MeasureTheory.MeasureSpace.volume.{0} (TheoremT.Continuum.Configuration N) _))
            (@AddSubgroup.{0}
              (@MeasureTheory.AEEqFun.{0, 0} (TheoremT.Continuum.Configuration N) Complex _ _
                (@MeasureTheory.MeasureSpace.volume.{0} (TheoremT.Continuum.Configuration N) _))
              _)
            _ (TheoremT.Continuum.SpatialL2 N) x)
        _ c f))
    (@HSMul.hSMul.{0, 0, 0} Complex
      (@Subtype.{1}
        (@MeasureTheory.AEEqFun.{0, 0} (TheoremT.Continuum.Configuration N) Complex _ _
          (@MeasureTheory.MeasureSpace.volume.{0} (TheoremT.Continuum.Configuration N) _))
        fun
          (x :
            @MeasureTheory.AEEqFun.{0, 0} (TheoremT.Continuum.Configuration N) Complex _ _
              (@MeasureTheory.MeasureSpace.volume.{0} (TheoremT.Continuum.Configuration N) _)) =>
        @Membership.mem.{0, 0}
          (@MeasureTheory.AEEqFun.{0, 0} (TheoremT.Continuum.Configuration N) Complex _ _
            (@MeasureTheory.MeasureSpace.volume.{0} (TheoremT.Continuum.Configuration N) _))
          (@AddSubgroup.{0}
            (@MeasureTheory.AEEqFun.{0, 0} (TheoremT.Continuum.Configuration N) Complex _ _
              (@MeasureTheory.MeasureSpace.volume.{0} (TheoremT.Continuum.Configuration N) _))
            _)
          _ (TheoremT.Continuum.SpatialL2 N) x)
      (@Subtype.{1}
        (@MeasureTheory.AEEqFun.{0, 0} (TheoremT.Continuum.Configuration N) Complex _ _
          (@MeasureTheory.MeasureSpace.volume.{0} (TheoremT.Continuum.Configuration N) _))
        fun
          (x :
            @MeasureTheory.AEEqFun.{0, 0} (TheoremT.Continuum.Configuration N) Complex _ _
              (@MeasureTheory.MeasureSpace.volume.{0} (TheoremT.Continuum.Configuration N) _)) =>
        @Membership.mem.{0, 0}
          (@MeasureTheory.AEEqFun.{0, 0} (TheoremT.Continuum.Configuration N) Complex _ _
            (@MeasureTheory.MeasureSpace.volume.{0} (TheoremT.Continuum.Configuration N) _))
          (@AddSubgroup.{0}
            (@MeasureTheory.AEEqFun.{0, 0} (TheoremT.Continuum.Configuration N) Complex _ _
              (@MeasureTheory.MeasureSpace.volume.{0} (TheoremT.Continuum.Configuration N) _))
            _)
          _ (TheoremT.Continuum.SpatialL2 N) x)
      _
      (@DFunLike.coe.{1, 1, 1} (@RingHom.{0, 0} Complex Complex _ _) Complex (fun (x : Complex) => Complex) _
        (@starRingEnd.{0} Complex _ _) c)
      (@DFunLike.coe.{1, 1, 1}
        (@ContinuousLinearMap.{0, 0, 0, 0} Real Real _ _ (@RingHom.id.{0} Real _)
          (@Subtype.{1}
            (@MeasureTheory.AEEqFun.{0, 0} (TheoremT.Continuum.Configuration N) Complex _ _
              (@MeasureTheory.MeasureSpace.volume.{0} (TheoremT.Continuum.Configuration N) _))
            fun
              (x :
                @MeasureTheory.AEEqFun.{0, 0} (TheoremT.Continuum.Configuration N) Complex _ _
                  (@MeasureTheory.MeasureSpace.volume.{0} (TheoremT.Continuum.Configuration N) _)) =>
            @Membership.mem.{0, 0}
              (@MeasureTheory.AEEqFun.{0, 0} (TheoremT.Continuum.Configuration N) Complex _ _
                (@MeasureTheory.MeasureSpace.volume.{0} (TheoremT.Continuum.Configuration N) _))
              (@AddSubgroup.{0}
                (@MeasureTheory.AEEqFun.{0, 0} (TheoremT.Continuum.Configuration N) Complex _ _
                  (@MeasureTheory.MeasureSpace.volume.{0} (TheoremT.Continuum.Configuration N) _))
                _)
              _ (TheoremT.Continuum.SpatialL2 N) x)
          _ _
          (@Subtype.{1}
            (@MeasureTheory.AEEqFun.{0, 0} (TheoremT.Continuum.Configuration N) Complex _ _
              (@MeasureTheory.MeasureSpace.volume.{0} (TheoremT.Continuum.Configuration N) _))
            fun
              (x :
                @MeasureTheory.AEEqFun.{0, 0} (TheoremT.Continuum.Configuration N) Complex _ _
                  (@MeasureTheory.MeasureSpace.volume.{0} (TheoremT.Continuum.Configuration N) _)) =>
            @Membership.mem.{0, 0}
              (@MeasureTheory.AEEqFun.{0, 0} (TheoremT.Continuum.Configuration N) Complex _ _
                (@MeasureTheory.MeasureSpace.volume.{0} (TheoremT.Continuum.Configuration N) _))
              (@AddSubgroup.{0}
                (@MeasureTheory.AEEqFun.{0, 0} (TheoremT.Continuum.Configuration N) Complex _ _
                  (@MeasureTheory.MeasureSpace.volume.{0} (TheoremT.Continuum.Configuration N) _))
                _)
              _ (TheoremT.Continuum.SpatialL2 N) x)
          _ _ _ _)
        (@Subtype.{1}
          (@MeasureTheory.AEEqFun.{0, 0} (TheoremT.Continuum.Configuration N) Complex _ _
            (@MeasureTheory.MeasureSpace.volume.{0} (TheoremT.Continuum.Configuration N) _))
          fun
            (x :
              @MeasureTheory.AEEqFun.{0, 0} (TheoremT.Continuum.Configuration N) Complex _ _
                (@MeasureTheory.MeasureSpace.volume.{0} (TheoremT.Continuum.Configuration N) _)) =>
          @Membership.mem.{0, 0}
            (@MeasureTheory.AEEqFun.{0, 0} (TheoremT.Continuum.Configuration N) Complex _ _
              (@MeasureTheory.MeasureSpace.volume.{0} (TheoremT.Continuum.Configuration N) _))
            (@AddSubgroup.{0}
              (@MeasureTheory.AEEqFun.{0, 0} (TheoremT.Continuum.Configuration N) Complex _ _
                (@MeasureTheory.MeasureSpace.volume.{0} (TheoremT.Continuum.Configuration N) _))
              _)
            _ (TheoremT.Continuum.SpatialL2 N) x)
        (fun
            (x :
              @Subtype.{1}
                (@MeasureTheory.AEEqFun.{0, 0} (TheoremT.Continuum.Configuration N) Complex _ _
                  (@MeasureTheory.MeasureSpace.volume.{0} (TheoremT.Continuum.Configuration N) _))
                fun
                  (x :
                    @MeasureTheory.AEEqFun.{0, 0} (TheoremT.Continuum.Configuration N) Complex _ _
                      (@MeasureTheory.MeasureSpace.volume.{0} (TheoremT.Continuum.Configuration N) _)) =>
                @Membership.mem.{0, 0}
                  (@MeasureTheory.AEEqFun.{0, 0} (TheoremT.Continuum.Configuration N) Complex _ _
                    (@MeasureTheory.MeasureSpace.volume.{0} (TheoremT.Continuum.Configuration N) _))
                  (@AddSubgroup.{0}
                    (@MeasureTheory.AEEqFun.{0, 0} (TheoremT.Continuum.Configuration N) Complex _ _
                      (@MeasureTheory.MeasureSpace.volume.{0} (TheoremT.Continuum.Configuration N) _))
                    _)
                  _ (TheoremT.Continuum.SpatialL2 N) x) =>
          @Subtype.{1}
            (@MeasureTheory.AEEqFun.{0, 0} (TheoremT.Continuum.Configuration N) Complex _ _
              (@MeasureTheory.MeasureSpace.volume.{0} (TheoremT.Continuum.Configuration N) _))
            fun
              (x :
                @MeasureTheory.AEEqFun.{0, 0} (TheoremT.Continuum.Configuration N) Complex _ _
                  (@MeasureTheory.MeasureSpace.volume.{0} (TheoremT.Continuum.Configuration N) _)) =>
            @Membership.mem.{0, 0}
              (@MeasureTheory.AEEqFun.{0, 0} (TheoremT.Continuum.Configuration N) Complex _ _
                (@MeasureTheory.MeasureSpace.volume.{0} (TheoremT.Continuum.Configuration N) _))
              (@AddSubgroup.{0}
                (@MeasureTheory.AEEqFun.{0, 0} (TheoremT.Continuum.Configuration N) Complex _ _
                  (@MeasureTheory.MeasureSpace.volume.{0} (TheoremT.Continuum.Configuration N) _))
                _)
              _ (TheoremT.Continuum.SpatialL2 N) x)
        _ (@TheoremT.Continuum.spatialConj N) f))
@TheoremT.Continuum.spatialConj_involutive : ∀ {N : Nat}
  (f :
    @Subtype.{1}
      (@MeasureTheory.AEEqFun.{0, 0} (TheoremT.Continuum.Configuration N) Complex _ _
        (@MeasureTheory.MeasureSpace.volume.{0} (TheoremT.Continuum.Configuration N) _))
      fun
        (x :
          @MeasureTheory.AEEqFun.{0, 0} (TheoremT.Continuum.Configuration N) Complex _ _
            (@MeasureTheory.MeasureSpace.volume.{0} (TheoremT.Continuum.Configuration N) _)) =>
      @Membership.mem.{0, 0}
        (@MeasureTheory.AEEqFun.{0, 0} (TheoremT.Continuum.Configuration N) Complex _ _
          (@MeasureTheory.MeasureSpace.volume.{0} (TheoremT.Continuum.Configuration N) _))
        (@AddSubgroup.{0}
          (@MeasureTheory.AEEqFun.{0, 0} (TheoremT.Continuum.Configuration N) Complex _ _
            (@MeasureTheory.MeasureSpace.volume.{0} (TheoremT.Continuum.Configuration N) _))
          _)
        _ (TheoremT.Continuum.SpatialL2 N) x),
  @Eq.{1}
    (@Subtype.{1}
      (@MeasureTheory.AEEqFun.{0, 0} (TheoremT.Continuum.Configuration N) Complex _ _
        (@MeasureTheory.MeasureSpace.volume.{0} (TheoremT.Continuum.Configuration N) _))
      fun
        (x :
          @MeasureTheory.AEEqFun.{0, 0} (TheoremT.Continuum.Configuration N) Complex _ _
            (@MeasureTheory.MeasureSpace.volume.{0} (TheoremT.Continuum.Configuration N) _)) =>
      @Membership.mem.{0, 0}
        (@MeasureTheory.AEEqFun.{0, 0} (TheoremT.Continuum.Configuration N) Complex _ _
          (@MeasureTheory.MeasureSpace.volume.{0} (TheoremT.Continuum.Configuration N) _))
        (@AddSubgroup.{0}
          (@MeasureTheory.AEEqFun.{0, 0} (TheoremT.Continuum.Configuration N) Complex _ _
            (@MeasureTheory.MeasureSpace.volume.{0} (TheoremT.Continuum.Configuration N) _))
          _)
        _ (TheoremT.Continuum.SpatialL2 N) x)
    (@DFunLike.coe.{1, 1, 1}
      (@ContinuousLinearMap.{0, 0, 0, 0} Real Real _ _ (@RingHom.id.{0} Real _)
        (@Subtype.{1}
          (@MeasureTheory.AEEqFun.{0, 0} (TheoremT.Continuum.Configuration N) Complex _ _
            (@MeasureTheory.MeasureSpace.volume.{0} (TheoremT.Continuum.Configuration N) _))
          fun
            (x :
              @MeasureTheory.AEEqFun.{0, 0} (TheoremT.Continuum.Configuration N) Complex _ _
                (@MeasureTheory.MeasureSpace.volume.{0} (TheoremT.Continuum.Configuration N) _)) =>
          @Membership.mem.{0, 0}
            (@MeasureTheory.AEEqFun.{0, 0} (TheoremT.Continuum.Configuration N) Complex _ _
              (@MeasureTheory.MeasureSpace.volume.{0} (TheoremT.Continuum.Configuration N) _))
            (@AddSubgroup.{0}
              (@MeasureTheory.AEEqFun.{0, 0} (TheoremT.Continuum.Configuration N) Complex _ _
                (@MeasureTheory.MeasureSpace.volume.{0} (TheoremT.Continuum.Configuration N) _))
              _)
            _ (TheoremT.Continuum.SpatialL2 N) x)
        _ _
        (@Subtype.{1}
          (@MeasureTheory.AEEqFun.{0, 0} (TheoremT.Continuum.Configuration N) Complex _ _
            (@MeasureTheory.MeasureSpace.volume.{0} (TheoremT.Continuum.Configuration N) _))
          fun
            (x :
              @MeasureTheory.AEEqFun.{0, 0} (TheoremT.Continuum.Configuration N) Complex _ _
                (@MeasureTheory.MeasureSpace.volume.{0} (TheoremT.Continuum.Configuration N) _)) =>
          @Membership.mem.{0, 0}
            (@MeasureTheory.AEEqFun.{0, 0} (TheoremT.Continuum.Configuration N) Complex _ _
              (@MeasureTheory.MeasureSpace.volume.{0} (TheoremT.Continuum.Configuration N) _))
            (@AddSubgroup.{0}
              (@MeasureTheory.AEEqFun.{0, 0} (TheoremT.Continuum.Configuration N) Complex _ _
                (@MeasureTheory.MeasureSpace.volume.{0} (TheoremT.Continuum.Configuration N) _))
              _)
            _ (TheoremT.Continuum.SpatialL2 N) x)
        _ _ _ _)
      (@Subtype.{1}
        (@MeasureTheory.AEEqFun.{0, 0} (TheoremT.Continuum.Configuration N) Complex _ _
          (@MeasureTheory.MeasureSpace.volume.{0} (TheoremT.Continuum.Configuration N) _))
        fun
          (x :
            @MeasureTheory.AEEqFun.{0, 0} (TheoremT.Continuum.Configuration N) Complex _ _
              (@MeasureTheory.MeasureSpace.volume.{0} (TheoremT.Continuum.Configuration N) _)) =>
        @Membership.mem.{0, 0}
          (@MeasureTheory.AEEqFun.{0, 0} (TheoremT.Continuum.Configuration N) Complex _ _
            (@MeasureTheory.MeasureSpace.volume.{0} (TheoremT.Continuum.Configuration N) _))
          (@AddSubgroup.{0}
            (@MeasureTheory.AEEqFun.{0, 0} (TheoremT.Continuum.Configuration N) Complex _ _
              (@MeasureTheory.MeasureSpace.volume.{0} (TheoremT.Continuum.Configuration N) _))
            _)
          _ (TheoremT.Continuum.SpatialL2 N) x)
      (fun
          (x :
            @Subtype.{1}
              (@MeasureTheory.AEEqFun.{0, 0} (TheoremT.Continuum.Configuration N) Complex _ _
                (@MeasureTheory.MeasureSpace.volume.{0} (TheoremT.Continuum.Configuration N) _))
              fun
                (x :
                  @MeasureTheory.AEEqFun.{0, 0} (TheoremT.Continuum.Configuration N) Complex _ _
                    (@MeasureTheory.MeasureSpace.volume.{0} (TheoremT.Continuum.Configuration N) _)) =>
              @Membership.mem.{0, 0}
                (@MeasureTheory.AEEqFun.{0, 0} (TheoremT.Continuum.Configuration N) Complex _ _
                  (@MeasureTheory.MeasureSpace.volume.{0} (TheoremT.Continuum.Configuration N) _))
                (@AddSubgroup.{0}
                  (@MeasureTheory.AEEqFun.{0, 0} (TheoremT.Continuum.Configuration N) Complex _ _
                    (@MeasureTheory.MeasureSpace.volume.{0} (TheoremT.Continuum.Configuration N) _))
                  _)
                _ (TheoremT.Continuum.SpatialL2 N) x) =>
        @Subtype.{1}
          (@MeasureTheory.AEEqFun.{0, 0} (TheoremT.Continuum.Configuration N) Complex _ _
            (@MeasureTheory.MeasureSpace.volume.{0} (TheoremT.Continuum.Configuration N) _))
          fun
            (x :
              @MeasureTheory.AEEqFun.{0, 0} (TheoremT.Continuum.Configuration N) Complex _ _
                (@MeasureTheory.MeasureSpace.volume.{0} (TheoremT.Continuum.Configuration N) _)) =>
          @Membership.mem.{0, 0}
            (@MeasureTheory.AEEqFun.{0, 0} (TheoremT.Continuum.Configuration N) Complex _ _
              (@MeasureTheory.MeasureSpace.volume.{0} (TheoremT.Continuum.Configuration N) _))
            (@AddSubgroup.{0}
              (@MeasureTheory.AEEqFun.{0, 0} (TheoremT.Continuum.Configuration N) Complex _ _
                (@MeasureTheory.MeasureSpace.volume.{0} (TheoremT.Continuum.Configuration N) _))
              _)
            _ (TheoremT.Continuum.SpatialL2 N) x)
      _ (@TheoremT.Continuum.spatialConj N)
      (@DFunLike.coe.{1, 1, 1}
        (@ContinuousLinearMap.{0, 0, 0, 0} Real Real _ _ (@RingHom.id.{0} Real _)
          (@Subtype.{1}
            (@MeasureTheory.AEEqFun.{0, 0} (TheoremT.Continuum.Configuration N) Complex _ _
              (@MeasureTheory.MeasureSpace.volume.{0} (TheoremT.Continuum.Configuration N) _))
            fun
              (x :
                @MeasureTheory.AEEqFun.{0, 0} (TheoremT.Continuum.Configuration N) Complex _ _
                  (@MeasureTheory.MeasureSpace.volume.{0} (TheoremT.Continuum.Configuration N) _)) =>
            @Membership.mem.{0, 0}
              (@MeasureTheory.AEEqFun.{0, 0} (TheoremT.Continuum.Configuration N) Complex _ _
                (@MeasureTheory.MeasureSpace.volume.{0} (TheoremT.Continuum.Configuration N) _))
              (@AddSubgroup.{0}
                (@MeasureTheory.AEEqFun.{0, 0} (TheoremT.Continuum.Configuration N) Complex _ _
                  (@MeasureTheory.MeasureSpace.volume.{0} (TheoremT.Continuum.Configuration N) _))
                _)
              _ (TheoremT.Continuum.SpatialL2 N) x)
          _ _
          (@Subtype.{1}
            (@MeasureTheory.AEEqFun.{0, 0} (TheoremT.Continuum.Configuration N) Complex _ _
              (@MeasureTheory.MeasureSpace.volume.{0} (TheoremT.Continuum.Configuration N) _))
            fun
              (x :
                @MeasureTheory.AEEqFun.{0, 0} (TheoremT.Continuum.Configuration N) Complex _ _
                  (@MeasureTheory.MeasureSpace.volume.{0} (TheoremT.Continuum.Configuration N) _)) =>
            @Membership.mem.{0, 0}
              (@MeasureTheory.AEEqFun.{0, 0} (TheoremT.Continuum.Configuration N) Complex _ _
                (@MeasureTheory.MeasureSpace.volume.{0} (TheoremT.Continuum.Configuration N) _))
              (@AddSubgroup.{0}
                (@MeasureTheory.AEEqFun.{0, 0} (TheoremT.Continuum.Configuration N) Complex _ _
                  (@MeasureTheory.MeasureSpace.volume.{0} (TheoremT.Continuum.Configuration N) _))
                _)
              _ (TheoremT.Continuum.SpatialL2 N) x)
          _ _ _ _)
        (@Subtype.{1}
          (@MeasureTheory.AEEqFun.{0, 0} (TheoremT.Continuum.Configuration N) Complex _ _
            (@MeasureTheory.MeasureSpace.volume.{0} (TheoremT.Continuum.Configuration N) _))
          fun
            (x :
              @MeasureTheory.AEEqFun.{0, 0} (TheoremT.Continuum.Configuration N) Complex _ _
                (@MeasureTheory.MeasureSpace.volume.{0} (TheoremT.Continuum.Configuration N) _)) =>
          @Membership.mem.{0, 0}
            (@MeasureTheory.AEEqFun.{0, 0} (TheoremT.Continuum.Configuration N) Complex _ _
              (@MeasureTheory.MeasureSpace.volume.{0} (TheoremT.Continuum.Configuration N) _))
            (@AddSubgroup.{0}
              (@MeasureTheory.AEEqFun.{0, 0} (TheoremT.Continuum.Configuration N) Complex _ _
                (@MeasureTheory.MeasureSpace.volume.{0} (TheoremT.Continuum.Configuration N) _))
              _)
            _ (TheoremT.Continuum.SpatialL2 N) x)
        (fun
            (x :
              @Subtype.{1}
                (@MeasureTheory.AEEqFun.{0, 0} (TheoremT.Continuum.Configuration N) Complex _ _
                  (@MeasureTheory.MeasureSpace.volume.{0} (TheoremT.Continuum.Configuration N) _))
                fun
                  (x :
                    @MeasureTheory.AEEqFun.{0, 0} (TheoremT.Continuum.Configuration N) Complex _ _
                      (@MeasureTheory.MeasureSpace.volume.{0} (TheoremT.Continuum.Configuration N) _)) =>
                @Membership.mem.{0, 0}
                  (@MeasureTheory.AEEqFun.{0, 0} (TheoremT.Continuum.Configuration N) Complex _ _
                    (@MeasureTheory.MeasureSpace.volume.{0} (TheoremT.Continuum.Configuration N) _))
                  (@AddSubgroup.{0}
                    (@MeasureTheory.AEEqFun.{0, 0} (TheoremT.Continuum.Configuration N) Complex _ _
                      (@MeasureTheory.MeasureSpace.volume.{0} (TheoremT.Continuum.Configuration N) _))
                    _)
                  _ (TheoremT.Continuum.SpatialL2 N) x) =>
          @Subtype.{1}
            (@MeasureTheory.AEEqFun.{0, 0} (TheoremT.Continuum.Configuration N) Complex _ _
              (@MeasureTheory.MeasureSpace.volume.{0} (TheoremT.Continuum.Configuration N) _))
            fun
              (x :
                @MeasureTheory.AEEqFun.{0, 0} (TheoremT.Continuum.Configuration N) Complex _ _
                  (@MeasureTheory.MeasureSpace.volume.{0} (TheoremT.Continuum.Configuration N) _)) =>
            @Membership.mem.{0, 0}
              (@MeasureTheory.AEEqFun.{0, 0} (TheoremT.Continuum.Configuration N) Complex _ _
                (@MeasureTheory.MeasureSpace.volume.{0} (TheoremT.Continuum.Configuration N) _))
              (@AddSubgroup.{0}
                (@MeasureTheory.AEEqFun.{0, 0} (TheoremT.Continuum.Configuration N) Complex _ _
                  (@MeasureTheory.MeasureSpace.volume.{0} (TheoremT.Continuum.Configuration N) _))
                _)
              _ (TheoremT.Continuum.SpatialL2 N) x)
        _ (@TheoremT.Continuum.spatialConj N) f))
    f
@TheoremT.Continuum.spatialConj_pullback : ∀ {N : Nat} (π : Equiv.Perm.{1} (Fin N))
  (f :
    @Subtype.{1}
      (@MeasureTheory.AEEqFun.{0, 0} (TheoremT.Continuum.Configuration N) Complex _ _
        (@MeasureTheory.MeasureSpace.volume.{0} (TheoremT.Continuum.Configuration N) _))
      fun
        (x :
          @MeasureTheory.AEEqFun.{0, 0} (TheoremT.Continuum.Configuration N) Complex _ _
            (@MeasureTheory.MeasureSpace.volume.{0} (TheoremT.Continuum.Configuration N) _)) =>
      @Membership.mem.{0, 0}
        (@MeasureTheory.AEEqFun.{0, 0} (TheoremT.Continuum.Configuration N) Complex _ _
          (@MeasureTheory.MeasureSpace.volume.{0} (TheoremT.Continuum.Configuration N) _))
        (@AddSubgroup.{0}
          (@MeasureTheory.AEEqFun.{0, 0} (TheoremT.Continuum.Configuration N) Complex _ _
            (@MeasureTheory.MeasureSpace.volume.{0} (TheoremT.Continuum.Configuration N) _))
          _)
        _ (TheoremT.Continuum.SpatialL2 N) x),
  @Eq.{1}
    (@Subtype.{1}
      (@MeasureTheory.AEEqFun.{0, 0} (TheoremT.Continuum.Configuration N) Complex _ _
        (@MeasureTheory.MeasureSpace.volume.{0} (TheoremT.Continuum.Configuration N) _))
      fun
        (x :
          @MeasureTheory.AEEqFun.{0, 0} (TheoremT.Continuum.Configuration N) Complex _ _
            (@MeasureTheory.MeasureSpace.volume.{0} (TheoremT.Continuum.Configuration N) _)) =>
      @Membership.mem.{0, 0}
        (@MeasureTheory.AEEqFun.{0, 0} (TheoremT.Continuum.Configuration N) Complex _ _
          (@MeasureTheory.MeasureSpace.volume.{0} (TheoremT.Continuum.Configuration N) _))
        (@AddSubgroup.{0}
          (@MeasureTheory.AEEqFun.{0, 0} (TheoremT.Continuum.Configuration N) Complex _ _
            (@MeasureTheory.MeasureSpace.volume.{0} (TheoremT.Continuum.Configuration N) _))
          _)
        _ (TheoremT.Continuum.SpatialL2 N) x)
    (@DFunLike.coe.{1, 1, 1}
      (@ContinuousLinearMap.{0, 0, 0, 0} Real Real _ _ (@RingHom.id.{0} Real _)
        (@Subtype.{1}
          (@MeasureTheory.AEEqFun.{0, 0} (TheoremT.Continuum.Configuration N) Complex _ _
            (@MeasureTheory.MeasureSpace.volume.{0} (TheoremT.Continuum.Configuration N) _))
          fun
            (x :
              @MeasureTheory.AEEqFun.{0, 0} (TheoremT.Continuum.Configuration N) Complex _ _
                (@MeasureTheory.MeasureSpace.volume.{0} (TheoremT.Continuum.Configuration N) _)) =>
          @Membership.mem.{0, 0}
            (@MeasureTheory.AEEqFun.{0, 0} (TheoremT.Continuum.Configuration N) Complex _ _
              (@MeasureTheory.MeasureSpace.volume.{0} (TheoremT.Continuum.Configuration N) _))
            (@AddSubgroup.{0}
              (@MeasureTheory.AEEqFun.{0, 0} (TheoremT.Continuum.Configuration N) Complex _ _
                (@MeasureTheory.MeasureSpace.volume.{0} (TheoremT.Continuum.Configuration N) _))
              _)
            _ (TheoremT.Continuum.SpatialL2 N) x)
        _ _
        (@Subtype.{1}
          (@MeasureTheory.AEEqFun.{0, 0} (TheoremT.Continuum.Configuration N) Complex _ _
            (@MeasureTheory.MeasureSpace.volume.{0} (TheoremT.Continuum.Configuration N) _))
          fun
            (x :
              @MeasureTheory.AEEqFun.{0, 0} (TheoremT.Continuum.Configuration N) Complex _ _
                (@MeasureTheory.MeasureSpace.volume.{0} (TheoremT.Continuum.Configuration N) _)) =>
          @Membership.mem.{0, 0}
            (@MeasureTheory.AEEqFun.{0, 0} (TheoremT.Continuum.Configuration N) Complex _ _
              (@MeasureTheory.MeasureSpace.volume.{0} (TheoremT.Continuum.Configuration N) _))
            (@AddSubgroup.{0}
              (@MeasureTheory.AEEqFun.{0, 0} (TheoremT.Continuum.Configuration N) Complex _ _
                (@MeasureTheory.MeasureSpace.volume.{0} (TheoremT.Continuum.Configuration N) _))
              _)
            _ (TheoremT.Continuum.SpatialL2 N) x)
        _ _ _ _)
      (@Subtype.{1}
        (@MeasureTheory.AEEqFun.{0, 0} (TheoremT.Continuum.Configuration N) Complex _ _
          (@MeasureTheory.MeasureSpace.volume.{0} (TheoremT.Continuum.Configuration N) _))
        fun
          (x :
            @MeasureTheory.AEEqFun.{0, 0} (TheoremT.Continuum.Configuration N) Complex _ _
              (@MeasureTheory.MeasureSpace.volume.{0} (TheoremT.Continuum.Configuration N) _)) =>
        @Membership.mem.{0, 0}
          (@MeasureTheory.AEEqFun.{0, 0} (TheoremT.Continuum.Configuration N) Complex _ _
            (@MeasureTheory.MeasureSpace.volume.{0} (TheoremT.Continuum.Configuration N) _))
          (@AddSubgroup.{0}
            (@MeasureTheory.AEEqFun.{0, 0} (TheoremT.Continuum.Configuration N) Complex _ _
              (@MeasureTheory.MeasureSpace.volume.{0} (TheoremT.Continuum.Configuration N) _))
            _)
          _ (TheoremT.Continuum.SpatialL2 N) x)
      (fun
          (x :
            @Subtype.{1}
              (@MeasureTheory.AEEqFun.{0, 0} (TheoremT.Continuum.Configuration N) Complex _ _
                (@MeasureTheory.MeasureSpace.volume.{0} (TheoremT.Continuum.Configuration N) _))
              fun
                (x :
                  @MeasureTheory.AEEqFun.{0, 0} (TheoremT.Continuum.Configuration N) Complex _ _
                    (@MeasureTheory.MeasureSpace.volume.{0} (TheoremT.Continuum.Configuration N) _)) =>
              @Membership.mem.{0, 0}
                (@MeasureTheory.AEEqFun.{0, 0} (TheoremT.Continuum.Configuration N) Complex _ _
                  (@MeasureTheory.MeasureSpace.volume.{0} (TheoremT.Continuum.Configuration N) _))
                (@AddSubgroup.{0}
                  (@MeasureTheory.AEEqFun.{0, 0} (TheoremT.Continuum.Configuration N) Complex _ _
                    (@MeasureTheory.MeasureSpace.volume.{0} (TheoremT.Continuum.Configuration N) _))
                  _)
                _ (TheoremT.Continuum.SpatialL2 N) x) =>
        @Subtype.{1}
          (@MeasureTheory.AEEqFun.{0, 0} (TheoremT.Continuum.Configuration N) Complex _ _
            (@MeasureTheory.MeasureSpace.volume.{0} (TheoremT.Continuum.Configuration N) _))
          fun
            (x :
              @MeasureTheory.AEEqFun.{0, 0} (TheoremT.Continuum.Configuration N) Complex _ _
                (@MeasureTheory.MeasureSpace.volume.{0} (TheoremT.Continuum.Configuration N) _)) =>
          @Membership.mem.{0, 0}
            (@MeasureTheory.AEEqFun.{0, 0} (TheoremT.Continuum.Configuration N) Complex _ _
              (@MeasureTheory.MeasureSpace.volume.{0} (TheoremT.Continuum.Configuration N) _))
            (@AddSubgroup.{0}
              (@MeasureTheory.AEEqFun.{0, 0} (TheoremT.Continuum.Configuration N) Complex _ _
                (@MeasureTheory.MeasureSpace.volume.{0} (TheoremT.Continuum.Configuration N) _))
              _)
            _ (TheoremT.Continuum.SpatialL2 N) x)
      _ (@TheoremT.Continuum.spatialConj N)
      (@DFunLike.coe.{1, 1, 1}
        (@LinearMap.{0, 0, 0, 0} Complex Complex _ _ (@RingHom.id.{0} Complex _)
          (@Subtype.{1}
            (@MeasureTheory.AEEqFun.{0, 0} (TheoremT.Continuum.Configuration N) Complex _ _
              (@MeasureTheory.MeasureSpace.volume.{0} (TheoremT.Continuum.Configuration N) _))
            fun
              (x :
                @MeasureTheory.AEEqFun.{0, 0} (TheoremT.Continuum.Configuration N) Complex _ _
                  (@MeasureTheory.MeasureSpace.volume.{0} (TheoremT.Continuum.Configuration N) _)) =>
            @Membership.mem.{0, 0}
              (@MeasureTheory.AEEqFun.{0, 0} (TheoremT.Continuum.Configuration N) Complex _ _
                (@MeasureTheory.MeasureSpace.volume.{0} (TheoremT.Continuum.Configuration N) _))
              (@AddSubgroup.{0}
                (@MeasureTheory.AEEqFun.{0, 0} (TheoremT.Continuum.Configuration N) Complex _ _
                  (@MeasureTheory.MeasureSpace.volume.{0} (TheoremT.Continuum.Configuration N) _))
                _)
              _ (TheoremT.Continuum.SpatialL2 N) x)
          (@Subtype.{1}
            (@MeasureTheory.AEEqFun.{0, 0} (TheoremT.Continuum.Configuration N) Complex _ _
              (@MeasureTheory.MeasureSpace.volume.{0} (TheoremT.Continuum.Configuration N) _))
            fun
              (x :
                @MeasureTheory.AEEqFun.{0, 0} (TheoremT.Continuum.Configuration N) Complex _ _
                  (@MeasureTheory.MeasureSpace.volume.{0} (TheoremT.Continuum.Configuration N) _)) =>
            @Membership.mem.{0, 0}
              (@MeasureTheory.AEEqFun.{0, 0} (TheoremT.Continuum.Configuration N) Complex _ _
                (@MeasureTheory.MeasureSpace.volume.{0} (TheoremT.Continuum.Configuration N) _))
              (@AddSubgroup.{0}
                (@MeasureTheory.AEEqFun.{0, 0} (TheoremT.Continuum.Configuration N) Complex _ _
                  (@MeasureTheory.MeasureSpace.volume.{0} (TheoremT.Continuum.Configuration N) _))
                _)
              _ (TheoremT.Continuum.SpatialL2 N) x)
          _ _ _ _)
        (@Subtype.{1}
          (@MeasureTheory.AEEqFun.{0, 0} (TheoremT.Continuum.Configuration N) Complex _ _
            (@MeasureTheory.MeasureSpace.volume.{0} (TheoremT.Continuum.Configuration N) _))
          fun
            (x :
              @MeasureTheory.AEEqFun.{0, 0} (TheoremT.Continuum.Configuration N) Complex _ _
                (@MeasureTheory.MeasureSpace.volume.{0} (TheoremT.Continuum.Configuration N) _)) =>
          @Membership.mem.{0, 0}
            (@MeasureTheory.AEEqFun.{0, 0} (TheoremT.Continuum.Configuration N) Complex _ _
              (@MeasureTheory.MeasureSpace.volume.{0} (TheoremT.Continuum.Configuration N) _))
            (@AddSubgroup.{0}
              (@MeasureTheory.AEEqFun.{0, 0} (TheoremT.Continuum.Configuration N) Complex _ _
                (@MeasureTheory.MeasureSpace.volume.{0} (TheoremT.Continuum.Configuration N) _))
              _)
            _ (TheoremT.Continuum.SpatialL2 N) x)
        (fun
            (x :
              @Subtype.{1}
                (@MeasureTheory.AEEqFun.{0, 0} (TheoremT.Continuum.Configuration N) Complex _ _
                  (@MeasureTheory.MeasureSpace.volume.{0} (TheoremT.Continuum.Configuration N) _))
                fun
                  (x :
                    @MeasureTheory.AEEqFun.{0, 0} (TheoremT.Continuum.Configuration N) Complex _ _
                      (@MeasureTheory.MeasureSpace.volume.{0} (TheoremT.Continuum.Configuration N) _)) =>
                @Membership.mem.{0, 0}
                  (@MeasureTheory.AEEqFun.{0, 0} (TheoremT.Continuum.Configuration N) Complex _ _
                    (@MeasureTheory.MeasureSpace.volume.{0} (TheoremT.Continuum.Configuration N) _))
                  (@AddSubgroup.{0}
                    (@MeasureTheory.AEEqFun.{0, 0} (TheoremT.Continuum.Configuration N) Complex _ _
                      (@MeasureTheory.MeasureSpace.volume.{0} (TheoremT.Continuum.Configuration N) _))
                    _)
                  _ (TheoremT.Continuum.SpatialL2 N) x) =>
          @Subtype.{1}
            (@MeasureTheory.AEEqFun.{0, 0} (TheoremT.Continuum.Configuration N) Complex _ _
              (@MeasureTheory.MeasureSpace.volume.{0} (TheoremT.Continuum.Configuration N) _))
            fun
              (x :
                @MeasureTheory.AEEqFun.{0, 0} (TheoremT.Continuum.Configuration N) Complex _ _
                  (@MeasureTheory.MeasureSpace.volume.{0} (TheoremT.Continuum.Configuration N) _)) =>
            @Membership.mem.{0, 0}
              (@MeasureTheory.AEEqFun.{0, 0} (TheoremT.Continuum.Configuration N) Complex _ _
                (@MeasureTheory.MeasureSpace.volume.{0} (TheoremT.Continuum.Configuration N) _))
              (@AddSubgroup.{0}
                (@MeasureTheory.AEEqFun.{0, 0} (TheoremT.Continuum.Configuration N) Complex _ _
                  (@MeasureTheory.MeasureSpace.volume.{0} (TheoremT.Continuum.Configuration N) _))
                _)
              _ (TheoremT.Continuum.SpatialL2 N) x)
        _ (@TheoremT.Continuum.pullback N π) f))
    (@DFunLike.coe.{1, 1, 1}
      (@LinearMap.{0, 0, 0, 0} Complex Complex _ _ (@RingHom.id.{0} Complex _)
        (@Subtype.{1}
          (@MeasureTheory.AEEqFun.{0, 0} (TheoremT.Continuum.Configuration N) Complex _ _
            (@MeasureTheory.MeasureSpace.volume.{0} (TheoremT.Continuum.Configuration N) _))
          fun
            (x :
              @MeasureTheory.AEEqFun.{0, 0} (TheoremT.Continuum.Configuration N) Complex _ _
                (@MeasureTheory.MeasureSpace.volume.{0} (TheoremT.Continuum.Configuration N) _)) =>
          @Membership.mem.{0, 0}
            (@MeasureTheory.AEEqFun.{0, 0} (TheoremT.Continuum.Configuration N) Complex _ _
              (@MeasureTheory.MeasureSpace.volume.{0} (TheoremT.Continuum.Configuration N) _))
            (@AddSubgroup.{0}
              (@MeasureTheory.AEEqFun.{0, 0} (TheoremT.Continuum.Configuration N) Complex _ _
                (@MeasureTheory.MeasureSpace.volume.{0} (TheoremT.Continuum.Configuration N) _))
              _)
            _ (TheoremT.Continuum.SpatialL2 N) x)
        (@Subtype.{1}
          (@MeasureTheory.AEEqFun.{0, 0} (TheoremT.Continuum.Configuration N) Complex _ _
            (@MeasureTheory.MeasureSpace.volume.{0} (TheoremT.Continuum.Configuration N) _))
          fun
            (x :
              @MeasureTheory.AEEqFun.{0, 0} (TheoremT.Continuum.Configuration N) Complex _ _
                (@MeasureTheory.MeasureSpace.volume.{0} (TheoremT.Continuum.Configuration N) _)) =>
          @Membership.mem.{0, 0}
            (@MeasureTheory.AEEqFun.{0, 0} (TheoremT.Continuum.Configuration N) Complex _ _
              (@MeasureTheory.MeasureSpace.volume.{0} (TheoremT.Continuum.Configuration N) _))
            (@AddSubgroup.{0}
              (@MeasureTheory.AEEqFun.{0, 0} (TheoremT.Continuum.Configuration N) Complex _ _
                (@MeasureTheory.MeasureSpace.volume.{0} (TheoremT.Continuum.Configuration N) _))
              _)
            _ (TheoremT.Continuum.SpatialL2 N) x)
        _ _ _ _)
      (@Subtype.{1}
        (@MeasureTheory.AEEqFun.{0, 0} (TheoremT.Continuum.Configuration N) Complex _ _
          (@MeasureTheory.MeasureSpace.volume.{0} (TheoremT.Continuum.Configuration N) _))
        fun
          (x :
            @MeasureTheory.AEEqFun.{0, 0} (TheoremT.Continuum.Configuration N) Complex _ _
              (@MeasureTheory.MeasureSpace.volume.{0} (TheoremT.Continuum.Configuration N) _)) =>
        @Membership.mem.{0, 0}
          (@MeasureTheory.AEEqFun.{0, 0} (TheoremT.Continuum.Configuration N) Complex _ _
            (@MeasureTheory.MeasureSpace.volume.{0} (TheoremT.Continuum.Configuration N) _))
          (@AddSubgroup.{0}
            (@MeasureTheory.AEEqFun.{0, 0} (TheoremT.Continuum.Configuration N) Complex _ _
              (@MeasureTheory.MeasureSpace.volume.{0} (TheoremT.Continuum.Configuration N) _))
            _)
          _ (TheoremT.Continuum.SpatialL2 N) x)
      (fun
          (x :
            @Subtype.{1}
              (@MeasureTheory.AEEqFun.{0, 0} (TheoremT.Continuum.Configuration N) Complex _ _
                (@MeasureTheory.MeasureSpace.volume.{0} (TheoremT.Continuum.Configuration N) _))
              fun
                (x :
                  @MeasureTheory.AEEqFun.{0, 0} (TheoremT.Continuum.Configuration N) Complex _ _
                    (@MeasureTheory.MeasureSpace.volume.{0} (TheoremT.Continuum.Configuration N) _)) =>
              @Membership.mem.{0, 0}
                (@MeasureTheory.AEEqFun.{0, 0} (TheoremT.Continuum.Configuration N) Complex _ _
                  (@MeasureTheory.MeasureSpace.volume.{0} (TheoremT.Continuum.Configuration N) _))
                (@AddSubgroup.{0}
                  (@MeasureTheory.AEEqFun.{0, 0} (TheoremT.Continuum.Configuration N) Complex _ _
                    (@MeasureTheory.MeasureSpace.volume.{0} (TheoremT.Continuum.Configuration N) _))
                  _)
                _ (TheoremT.Continuum.SpatialL2 N) x) =>
        @Subtype.{1}
          (@MeasureTheory.AEEqFun.{0, 0} (TheoremT.Continuum.Configuration N) Complex _ _
            (@MeasureTheory.MeasureSpace.volume.{0} (TheoremT.Continuum.Configuration N) _))
          fun
            (x :
              @MeasureTheory.AEEqFun.{0, 0} (TheoremT.Continuum.Configuration N) Complex _ _
                (@MeasureTheory.MeasureSpace.volume.{0} (TheoremT.Continuum.Configuration N) _)) =>
          @Membership.mem.{0, 0}
            (@MeasureTheory.AEEqFun.{0, 0} (TheoremT.Continuum.Configuration N) Complex _ _
              (@MeasureTheory.MeasureSpace.volume.{0} (TheoremT.Continuum.Configuration N) _))
            (@AddSubgroup.{0}
              (@MeasureTheory.AEEqFun.{0, 0} (TheoremT.Continuum.Configuration N) Complex _ _
                (@MeasureTheory.MeasureSpace.volume.{0} (TheoremT.Continuum.Configuration N) _))
              _)
            _ (TheoremT.Continuum.SpatialL2 N) x)
      _ (@TheoremT.Continuum.pullback N π)
      (@DFunLike.coe.{1, 1, 1}
        (@ContinuousLinearMap.{0, 0, 0, 0} Real Real _ _ (@RingHom.id.{0} Real _)
          (@Subtype.{1}
            (@MeasureTheory.AEEqFun.{0, 0} (TheoremT.Continuum.Configuration N) Complex _ _
              (@MeasureTheory.MeasureSpace.volume.{0} (TheoremT.Continuum.Configuration N) _))
            fun
              (x :
                @MeasureTheory.AEEqFun.{0, 0} (TheoremT.Continuum.Configuration N) Complex _ _
                  (@MeasureTheory.MeasureSpace.volume.{0} (TheoremT.Continuum.Configuration N) _)) =>
            @Membership.mem.{0, 0}
              (@MeasureTheory.AEEqFun.{0, 0} (TheoremT.Continuum.Configuration N) Complex _ _
                (@MeasureTheory.MeasureSpace.volume.{0} (TheoremT.Continuum.Configuration N) _))
              (@AddSubgroup.{0}
                (@MeasureTheory.AEEqFun.{0, 0} (TheoremT.Continuum.Configuration N) Complex _ _
                  (@MeasureTheory.MeasureSpace.volume.{0} (TheoremT.Continuum.Configuration N) _))
                _)
              _ (TheoremT.Continuum.SpatialL2 N) x)
          _ _
          (@Subtype.{1}
            (@MeasureTheory.AEEqFun.{0, 0} (TheoremT.Continuum.Configuration N) Complex _ _
              (@MeasureTheory.MeasureSpace.volume.{0} (TheoremT.Continuum.Configuration N) _))
            fun
              (x :
                @MeasureTheory.AEEqFun.{0, 0} (TheoremT.Continuum.Configuration N) Complex _ _
                  (@MeasureTheory.MeasureSpace.volume.{0} (TheoremT.Continuum.Configuration N) _)) =>
            @Membership.mem.{0, 0}
              (@MeasureTheory.AEEqFun.{0, 0} (TheoremT.Continuum.Configuration N) Complex _ _
                (@MeasureTheory.MeasureSpace.volume.{0} (TheoremT.Continuum.Configuration N) _))
              (@AddSubgroup.{0}
                (@MeasureTheory.AEEqFun.{0, 0} (TheoremT.Continuum.Configuration N) Complex _ _
                  (@MeasureTheory.MeasureSpace.volume.{0} (TheoremT.Continuum.Configuration N) _))
                _)
              _ (TheoremT.Continuum.SpatialL2 N) x)
          _ _ _ _)
        (@Subtype.{1}
          (@MeasureTheory.AEEqFun.{0, 0} (TheoremT.Continuum.Configuration N) Complex _ _
            (@MeasureTheory.MeasureSpace.volume.{0} (TheoremT.Continuum.Configuration N) _))
          fun
            (x :
              @MeasureTheory.AEEqFun.{0, 0} (TheoremT.Continuum.Configuration N) Complex _ _
                (@MeasureTheory.MeasureSpace.volume.{0} (TheoremT.Continuum.Configuration N) _)) =>
          @Membership.mem.{0, 0}
            (@MeasureTheory.AEEqFun.{0, 0} (TheoremT.Continuum.Configuration N) Complex _ _
              (@MeasureTheory.MeasureSpace.volume.{0} (TheoremT.Continuum.Configuration N) _))
            (@AddSubgroup.{0}
              (@MeasureTheory.AEEqFun.{0, 0} (TheoremT.Continuum.Configuration N) Complex _ _
                (@MeasureTheory.MeasureSpace.volume.{0} (TheoremT.Continuum.Configuration N) _))
              _)
            _ (TheoremT.Continuum.SpatialL2 N) x)
        (fun
            (x :
              @Subtype.{1}
                (@MeasureTheory.AEEqFun.{0, 0} (TheoremT.Continuum.Configuration N) Complex _ _
                  (@MeasureTheory.MeasureSpace.volume.{0} (TheoremT.Continuum.Configuration N) _))
                fun
                  (x :
                    @MeasureTheory.AEEqFun.{0, 0} (TheoremT.Continuum.Configuration N) Complex _ _
                      (@MeasureTheory.MeasureSpace.volume.{0} (TheoremT.Continuum.Configuration N) _)) =>
                @Membership.mem.{0, 0}
                  (@MeasureTheory.AEEqFun.{0, 0} (TheoremT.Continuum.Configuration N) Complex _ _
                    (@MeasureTheory.MeasureSpace.volume.{0} (TheoremT.Continuum.Configuration N) _))
                  (@AddSubgroup.{0}
                    (@MeasureTheory.AEEqFun.{0, 0} (TheoremT.Continuum.Configuration N) Complex _ _
                      (@MeasureTheory.MeasureSpace.volume.{0} (TheoremT.Continuum.Configuration N) _))
                    _)
                  _ (TheoremT.Continuum.SpatialL2 N) x) =>
          @Subtype.{1}
            (@MeasureTheory.AEEqFun.{0, 0} (TheoremT.Continuum.Configuration N) Complex _ _
              (@MeasureTheory.MeasureSpace.volume.{0} (TheoremT.Continuum.Configuration N) _))
            fun
              (x :
                @MeasureTheory.AEEqFun.{0, 0} (TheoremT.Continuum.Configuration N) Complex _ _
                  (@MeasureTheory.MeasureSpace.volume.{0} (TheoremT.Continuum.Configuration N) _)) =>
            @Membership.mem.{0, 0}
              (@MeasureTheory.AEEqFun.{0, 0} (TheoremT.Continuum.Configuration N) Complex _ _
                (@MeasureTheory.MeasureSpace.volume.{0} (TheoremT.Continuum.Configuration N) _))
              (@AddSubgroup.{0}
                (@MeasureTheory.AEEqFun.{0, 0} (TheoremT.Continuum.Configuration N) Complex _ _
                  (@MeasureTheory.MeasureSpace.volume.{0} (TheoremT.Continuum.Configuration N) _))
                _)
              _ (TheoremT.Continuum.SpatialL2 N) x)
        _ (@TheoremT.Continuum.spatialConj N) f))
@TheoremT.Continuum.spatialConj_integral_test : ∀ {N : Nat}
  (f :
    @Subtype.{1}
      (@MeasureTheory.AEEqFun.{0, 0} (TheoremT.Continuum.Configuration N) Complex _ _
        (@MeasureTheory.MeasureSpace.volume.{0} (TheoremT.Continuum.Configuration N) _))
      fun
        (x :
          @MeasureTheory.AEEqFun.{0, 0} (TheoremT.Continuum.Configuration N) Complex _ _
            (@MeasureTheory.MeasureSpace.volume.{0} (TheoremT.Continuum.Configuration N) _)) =>
      @Membership.mem.{0, 0}
        (@MeasureTheory.AEEqFun.{0, 0} (TheoremT.Continuum.Configuration N) Complex _ _
          (@MeasureTheory.MeasureSpace.volume.{0} (TheoremT.Continuum.Configuration N) _))
        (@AddSubgroup.{0}
          (@MeasureTheory.AEEqFun.{0, 0} (TheoremT.Continuum.Configuration N) Complex _ _
            (@MeasureTheory.MeasureSpace.volume.{0} (TheoremT.Continuum.Configuration N) _))
          _)
        _ (TheoremT.Continuum.SpatialL2 N) x)
  (φ : TheoremT.Continuum.Configuration N → Real),
  @Eq.{1} Complex
    (@MeasureTheory.integral.{0, 0} (TheoremT.Continuum.Configuration N) Complex _ _
      (@MeasureTheory.MeasureSpace.toMeasurableSpace.{0} (TheoremT.Continuum.Configuration N) _)
      (@MeasureTheory.MeasureSpace.volume.{0} (TheoremT.Continuum.Configuration N) _)
      fun (x : TheoremT.Continuum.Configuration N) =>
      @HSMul.hSMul.{0, 0, 0} Real Complex Complex _ (φ x)
        (@MeasureTheory.AEEqFun.cast.{0, 0} (TheoremT.Continuum.Configuration N) Complex _
          (@MeasureTheory.MeasureSpace.volume.{0} (TheoremT.Continuum.Configuration N) _) _
          (@Subtype.val.{1}
            (@MeasureTheory.AEEqFun.{0, 0} (TheoremT.Continuum.Configuration N) Complex _ _
              (@MeasureTheory.MeasureSpace.volume.{0} (TheoremT.Continuum.Configuration N) _))
            (fun
                (x :
                  @MeasureTheory.AEEqFun.{0, 0} (TheoremT.Continuum.Configuration N) Complex _ _
                    (@MeasureTheory.MeasureSpace.volume.{0} (TheoremT.Continuum.Configuration N) _)) =>
              @Membership.mem.{0, 0}
                (@MeasureTheory.AEEqFun.{0, 0} (TheoremT.Continuum.Configuration N) Complex _ _
                  (@MeasureTheory.MeasureSpace.volume.{0} (TheoremT.Continuum.Configuration N) _))
                (@AddSubgroup.{0}
                  (@MeasureTheory.AEEqFun.{0, 0} (TheoremT.Continuum.Configuration N) Complex _ _
                    (@MeasureTheory.MeasureSpace.volume.{0} (TheoremT.Continuum.Configuration N) _))
                  _)
                _
                (@MeasureTheory.Lp.{0, 0} (TheoremT.Continuum.Configuration N) Complex
                  (@MeasureTheory.MeasureSpace.toMeasurableSpace.{0} (TheoremT.Continuum.Configuration N) _) _
                  (@OfNat.ofNat.{0} ENNReal (nat_lit 2) _)
                  (@MeasureTheory.MeasureSpace.volume.{0} (TheoremT.Continuum.Configuration N) _))
                x)
            (@DFunLike.coe.{1, 1, 1}
              (@ContinuousLinearMap.{0, 0, 0, 0} Real Real _ _ (@RingHom.id.{0} Real _)
                (@Subtype.{1}
                  (@MeasureTheory.AEEqFun.{0, 0} (TheoremT.Continuum.Configuration N) Complex _ _
                    (@MeasureTheory.MeasureSpace.volume.{0} (TheoremT.Continuum.Configuration N) _))
                  fun
                    (x :
                      @MeasureTheory.AEEqFun.{0, 0} (TheoremT.Continuum.Configuration N) Complex _ _
                        (@MeasureTheory.MeasureSpace.volume.{0} (TheoremT.Continuum.Configuration N) _)) =>
                  @Membership.mem.{0, 0}
                    (@MeasureTheory.AEEqFun.{0, 0} (TheoremT.Continuum.Configuration N) Complex _ _
                      (@MeasureTheory.MeasureSpace.volume.{0} (TheoremT.Continuum.Configuration N) _))
                    (@AddSubgroup.{0}
                      (@MeasureTheory.AEEqFun.{0, 0} (TheoremT.Continuum.Configuration N) Complex _ _
                        (@MeasureTheory.MeasureSpace.volume.{0} (TheoremT.Continuum.Configuration N) _))
                      _)
                    _ (TheoremT.Continuum.SpatialL2 N) x)
                _ _
                (@Subtype.{1}
                  (@MeasureTheory.AEEqFun.{0, 0} (TheoremT.Continuum.Configuration N) Complex _ _
                    (@MeasureTheory.MeasureSpace.volume.{0} (TheoremT.Continuum.Configuration N) _))
                  fun
                    (x :
                      @MeasureTheory.AEEqFun.{0, 0} (TheoremT.Continuum.Configuration N) Complex _ _
                        (@MeasureTheory.MeasureSpace.volume.{0} (TheoremT.Continuum.Configuration N) _)) =>
                  @Membership.mem.{0, 0}
                    (@MeasureTheory.AEEqFun.{0, 0} (TheoremT.Continuum.Configuration N) Complex _ _
                      (@MeasureTheory.MeasureSpace.volume.{0} (TheoremT.Continuum.Configuration N) _))
                    (@AddSubgroup.{0}
                      (@MeasureTheory.AEEqFun.{0, 0} (TheoremT.Continuum.Configuration N) Complex _ _
                        (@MeasureTheory.MeasureSpace.volume.{0} (TheoremT.Continuum.Configuration N) _))
                      _)
                    _ (TheoremT.Continuum.SpatialL2 N) x)
                _ _ _ _)
              (@Subtype.{1}
                (@MeasureTheory.AEEqFun.{0, 0} (TheoremT.Continuum.Configuration N) Complex _ _
                  (@MeasureTheory.MeasureSpace.volume.{0} (TheoremT.Continuum.Configuration N) _))
                fun
                  (x :
                    @MeasureTheory.AEEqFun.{0, 0} (TheoremT.Continuum.Configuration N) Complex _ _
                      (@MeasureTheory.MeasureSpace.volume.{0} (TheoremT.Continuum.Configuration N) _)) =>
                @Membership.mem.{0, 0}
                  (@MeasureTheory.AEEqFun.{0, 0} (TheoremT.Continuum.Configuration N) Complex _ _
                    (@MeasureTheory.MeasureSpace.volume.{0} (TheoremT.Continuum.Configuration N) _))
                  (@AddSubgroup.{0}
                    (@MeasureTheory.AEEqFun.{0, 0} (TheoremT.Continuum.Configuration N) Complex _ _
                      (@MeasureTheory.MeasureSpace.volume.{0} (TheoremT.Continuum.Configuration N) _))
                    _)
                  _ (TheoremT.Continuum.SpatialL2 N) x)
              (fun
                  (x :
                    @Subtype.{1}
                      (@MeasureTheory.AEEqFun.{0, 0} (TheoremT.Continuum.Configuration N) Complex _ _
                        (@MeasureTheory.MeasureSpace.volume.{0} (TheoremT.Continuum.Configuration N) _))
                      fun
                        (x :
                          @MeasureTheory.AEEqFun.{0, 0} (TheoremT.Continuum.Configuration N) Complex _ _
                            (@MeasureTheory.MeasureSpace.volume.{0} (TheoremT.Continuum.Configuration N) _)) =>
                      @Membership.mem.{0, 0}
                        (@MeasureTheory.AEEqFun.{0, 0} (TheoremT.Continuum.Configuration N) Complex _ _
                          (@MeasureTheory.MeasureSpace.volume.{0} (TheoremT.Continuum.Configuration N) _))
                        (@AddSubgroup.{0}
                          (@MeasureTheory.AEEqFun.{0, 0} (TheoremT.Continuum.Configuration N) Complex _ _
                            (@MeasureTheory.MeasureSpace.volume.{0} (TheoremT.Continuum.Configuration N) _))
                          _)
                        _ (TheoremT.Continuum.SpatialL2 N) x) =>
                @Subtype.{1}
                  (@MeasureTheory.AEEqFun.{0, 0} (TheoremT.Continuum.Configuration N) Complex _ _
                    (@MeasureTheory.MeasureSpace.volume.{0} (TheoremT.Continuum.Configuration N) _))
                  fun
                    (x :
                      @MeasureTheory.AEEqFun.{0, 0} (TheoremT.Continuum.Configuration N) Complex _ _
                        (@MeasureTheory.MeasureSpace.volume.{0} (TheoremT.Continuum.Configuration N) _)) =>
                  @Membership.mem.{0, 0}
                    (@MeasureTheory.AEEqFun.{0, 0} (TheoremT.Continuum.Configuration N) Complex _ _
                      (@MeasureTheory.MeasureSpace.volume.{0} (TheoremT.Continuum.Configuration N) _))
                    (@AddSubgroup.{0}
                      (@MeasureTheory.AEEqFun.{0, 0} (TheoremT.Continuum.Configuration N) Complex _ _
                        (@MeasureTheory.MeasureSpace.volume.{0} (TheoremT.Continuum.Configuration N) _))
                      _)
                    _ (TheoremT.Continuum.SpatialL2 N) x)
              _ (@TheoremT.Continuum.spatialConj N) f))
          x))
    (@DFunLike.coe.{1, 1, 1} (@RingHom.{0, 0} Complex Complex _ _) Complex (fun (x : Complex) => Complex) _
      (@starRingEnd.{0} Complex _ _)
      (@MeasureTheory.integral.{0, 0} (TheoremT.Continuum.Configuration N) Complex _ _
        (@MeasureTheory.MeasureSpace.toMeasurableSpace.{0} (TheoremT.Continuum.Configuration N) _)
        (@MeasureTheory.MeasureSpace.volume.{0} (TheoremT.Continuum.Configuration N) _)
        fun (x : TheoremT.Continuum.Configuration N) =>
        @HSMul.hSMul.{0, 0, 0} Real Complex Complex _ (φ x)
          (@MeasureTheory.AEEqFun.cast.{0, 0} (TheoremT.Continuum.Configuration N) Complex _
            (@MeasureTheory.MeasureSpace.volume.{0} (TheoremT.Continuum.Configuration N) _) _
            (@Subtype.val.{1}
              (@MeasureTheory.AEEqFun.{0, 0} (TheoremT.Continuum.Configuration N) Complex _ _
                (@MeasureTheory.MeasureSpace.volume.{0} (TheoremT.Continuum.Configuration N) _))
              (fun
                  (x :
                    @MeasureTheory.AEEqFun.{0, 0} (TheoremT.Continuum.Configuration N) Complex _ _
                      (@MeasureTheory.MeasureSpace.volume.{0} (TheoremT.Continuum.Configuration N) _)) =>
                @Membership.mem.{0, 0}
                  (@MeasureTheory.AEEqFun.{0, 0} (TheoremT.Continuum.Configuration N) Complex _ _
                    (@MeasureTheory.MeasureSpace.volume.{0} (TheoremT.Continuum.Configuration N) _))
                  (@AddSubgroup.{0}
                    (@MeasureTheory.AEEqFun.{0, 0} (TheoremT.Continuum.Configuration N) Complex _ _
                      (@MeasureTheory.MeasureSpace.volume.{0} (TheoremT.Continuum.Configuration N) _))
                    _)
                  _
                  (@MeasureTheory.Lp.{0, 0} (TheoremT.Continuum.Configuration N) Complex
                    (@MeasureTheory.MeasureSpace.toMeasurableSpace.{0} (TheoremT.Continuum.Configuration N) _) _
                    (@OfNat.ofNat.{0} ENNReal (nat_lit 2) _)
                    (@MeasureTheory.MeasureSpace.volume.{0} (TheoremT.Continuum.Configuration N) _))
                  x)
              f)
            x)))
@TheoremT.Continuum.weakPartial_conj : ∀ {N : Nat}
  {f d :
    @Subtype.{1}
      (@MeasureTheory.AEEqFun.{0, 0} (TheoremT.Continuum.Configuration N) Complex _ _
        (@MeasureTheory.MeasureSpace.volume.{0} (TheoremT.Continuum.Configuration N) _))
      fun
        (x :
          @MeasureTheory.AEEqFun.{0, 0} (TheoremT.Continuum.Configuration N) Complex _ _
            (@MeasureTheory.MeasureSpace.volume.{0} (TheoremT.Continuum.Configuration N) _)) =>
      @Membership.mem.{0, 0}
        (@MeasureTheory.AEEqFun.{0, 0} (TheoremT.Continuum.Configuration N) Complex _ _
          (@MeasureTheory.MeasureSpace.volume.{0} (TheoremT.Continuum.Configuration N) _))
        (@AddSubgroup.{0}
          (@MeasureTheory.AEEqFun.{0, 0} (TheoremT.Continuum.Configuration N) Complex _ _
            (@MeasureTheory.MeasureSpace.volume.{0} (TheoremT.Continuum.Configuration N) _))
          _)
        _ (TheoremT.Continuum.SpatialL2 N) x}
  {k : TheoremT.Continuum.Coordinate N} (h : @TheoremT.Continuum.WeakPartial N f d k),
  @TheoremT.Continuum.WeakPartial N
    (@DFunLike.coe.{1, 1, 1}
      (@ContinuousLinearMap.{0, 0, 0, 0} Real Real _ _ (@RingHom.id.{0} Real _)
        (@Subtype.{1}
          (@MeasureTheory.AEEqFun.{0, 0} (TheoremT.Continuum.Configuration N) Complex _ _
            (@MeasureTheory.MeasureSpace.volume.{0} (TheoremT.Continuum.Configuration N) _))
          fun
            (x :
              @MeasureTheory.AEEqFun.{0, 0} (TheoremT.Continuum.Configuration N) Complex _ _
                (@MeasureTheory.MeasureSpace.volume.{0} (TheoremT.Continuum.Configuration N) _)) =>
          @Membership.mem.{0, 0}
            (@MeasureTheory.AEEqFun.{0, 0} (TheoremT.Continuum.Configuration N) Complex _ _
              (@MeasureTheory.MeasureSpace.volume.{0} (TheoremT.Continuum.Configuration N) _))
            (@AddSubgroup.{0}
              (@MeasureTheory.AEEqFun.{0, 0} (TheoremT.Continuum.Configuration N) Complex _ _
                (@MeasureTheory.MeasureSpace.volume.{0} (TheoremT.Continuum.Configuration N) _))
              _)
            _ (TheoremT.Continuum.SpatialL2 N) x)
        _ _
        (@Subtype.{1}
          (@MeasureTheory.AEEqFun.{0, 0} (TheoremT.Continuum.Configuration N) Complex _ _
            (@MeasureTheory.MeasureSpace.volume.{0} (TheoremT.Continuum.Configuration N) _))
          fun
            (x :
              @MeasureTheory.AEEqFun.{0, 0} (TheoremT.Continuum.Configuration N) Complex _ _
                (@MeasureTheory.MeasureSpace.volume.{0} (TheoremT.Continuum.Configuration N) _)) =>
          @Membership.mem.{0, 0}
            (@MeasureTheory.AEEqFun.{0, 0} (TheoremT.Continuum.Configuration N) Complex _ _
              (@MeasureTheory.MeasureSpace.volume.{0} (TheoremT.Continuum.Configuration N) _))
            (@AddSubgroup.{0}
              (@MeasureTheory.AEEqFun.{0, 0} (TheoremT.Continuum.Configuration N) Complex _ _
                (@MeasureTheory.MeasureSpace.volume.{0} (TheoremT.Continuum.Configuration N) _))
              _)
            _ (TheoremT.Continuum.SpatialL2 N) x)
        _ _ _ _)
      (@Subtype.{1}
        (@MeasureTheory.AEEqFun.{0, 0} (TheoremT.Continuum.Configuration N) Complex _ _
          (@MeasureTheory.MeasureSpace.volume.{0} (TheoremT.Continuum.Configuration N) _))
        fun
          (x :
            @MeasureTheory.AEEqFun.{0, 0} (TheoremT.Continuum.Configuration N) Complex _ _
              (@MeasureTheory.MeasureSpace.volume.{0} (TheoremT.Continuum.Configuration N) _)) =>
        @Membership.mem.{0, 0}
          (@MeasureTheory.AEEqFun.{0, 0} (TheoremT.Continuum.Configuration N) Complex _ _
            (@MeasureTheory.MeasureSpace.volume.{0} (TheoremT.Continuum.Configuration N) _))
          (@AddSubgroup.{0}
            (@MeasureTheory.AEEqFun.{0, 0} (TheoremT.Continuum.Configuration N) Complex _ _
              (@MeasureTheory.MeasureSpace.volume.{0} (TheoremT.Continuum.Configuration N) _))
            _)
          _ (TheoremT.Continuum.SpatialL2 N) x)
      (fun
          (x :
            @Subtype.{1}
              (@MeasureTheory.AEEqFun.{0, 0} (TheoremT.Continuum.Configuration N) Complex _ _
                (@MeasureTheory.MeasureSpace.volume.{0} (TheoremT.Continuum.Configuration N) _))
              fun
                (x :
                  @MeasureTheory.AEEqFun.{0, 0} (TheoremT.Continuum.Configuration N) Complex _ _
                    (@MeasureTheory.MeasureSpace.volume.{0} (TheoremT.Continuum.Configuration N) _)) =>
              @Membership.mem.{0, 0}
                (@MeasureTheory.AEEqFun.{0, 0} (TheoremT.Continuum.Configuration N) Complex _ _
                  (@MeasureTheory.MeasureSpace.volume.{0} (TheoremT.Continuum.Configuration N) _))
                (@AddSubgroup.{0}
                  (@MeasureTheory.AEEqFun.{0, 0} (TheoremT.Continuum.Configuration N) Complex _ _
                    (@MeasureTheory.MeasureSpace.volume.{0} (TheoremT.Continuum.Configuration N) _))
                  _)
                _ (TheoremT.Continuum.SpatialL2 N) x) =>
        @Subtype.{1}
          (@MeasureTheory.AEEqFun.{0, 0} (TheoremT.Continuum.Configuration N) Complex _ _
            (@MeasureTheory.MeasureSpace.volume.{0} (TheoremT.Continuum.Configuration N) _))
          fun
            (x :
              @MeasureTheory.AEEqFun.{0, 0} (TheoremT.Continuum.Configuration N) Complex _ _
                (@MeasureTheory.MeasureSpace.volume.{0} (TheoremT.Continuum.Configuration N) _)) =>
          @Membership.mem.{0, 0}
            (@MeasureTheory.AEEqFun.{0, 0} (TheoremT.Continuum.Configuration N) Complex _ _
              (@MeasureTheory.MeasureSpace.volume.{0} (TheoremT.Continuum.Configuration N) _))
            (@AddSubgroup.{0}
              (@MeasureTheory.AEEqFun.{0, 0} (TheoremT.Continuum.Configuration N) Complex _ _
                (@MeasureTheory.MeasureSpace.volume.{0} (TheoremT.Continuum.Configuration N) _))
              _)
            _ (TheoremT.Continuum.SpatialL2 N) x)
      _ (@TheoremT.Continuum.spatialConj N) f)
    (@DFunLike.coe.{1, 1, 1}
      (@ContinuousLinearMap.{0, 0, 0, 0} Real Real _ _ (@RingHom.id.{0} Real _)
        (@Subtype.{1}
          (@MeasureTheory.AEEqFun.{0, 0} (TheoremT.Continuum.Configuration N) Complex _ _
            (@MeasureTheory.MeasureSpace.volume.{0} (TheoremT.Continuum.Configuration N) _))
          fun
            (x :
              @MeasureTheory.AEEqFun.{0, 0} (TheoremT.Continuum.Configuration N) Complex _ _
                (@MeasureTheory.MeasureSpace.volume.{0} (TheoremT.Continuum.Configuration N) _)) =>
          @Membership.mem.{0, 0}
            (@MeasureTheory.AEEqFun.{0, 0} (TheoremT.Continuum.Configuration N) Complex _ _
              (@MeasureTheory.MeasureSpace.volume.{0} (TheoremT.Continuum.Configuration N) _))
            (@AddSubgroup.{0}
              (@MeasureTheory.AEEqFun.{0, 0} (TheoremT.Continuum.Configuration N) Complex _ _
                (@MeasureTheory.MeasureSpace.volume.{0} (TheoremT.Continuum.Configuration N) _))
              _)
            _ (TheoremT.Continuum.SpatialL2 N) x)
        _ _
        (@Subtype.{1}
          (@MeasureTheory.AEEqFun.{0, 0} (TheoremT.Continuum.Configuration N) Complex _ _
            (@MeasureTheory.MeasureSpace.volume.{0} (TheoremT.Continuum.Configuration N) _))
          fun
            (x :
              @MeasureTheory.AEEqFun.{0, 0} (TheoremT.Continuum.Configuration N) Complex _ _
                (@MeasureTheory.MeasureSpace.volume.{0} (TheoremT.Continuum.Configuration N) _)) =>
          @Membership.mem.{0, 0}
            (@MeasureTheory.AEEqFun.{0, 0} (TheoremT.Continuum.Configuration N) Complex _ _
              (@MeasureTheory.MeasureSpace.volume.{0} (TheoremT.Continuum.Configuration N) _))
            (@AddSubgroup.{0}
              (@MeasureTheory.AEEqFun.{0, 0} (TheoremT.Continuum.Configuration N) Complex _ _
                (@MeasureTheory.MeasureSpace.volume.{0} (TheoremT.Continuum.Configuration N) _))
              _)
            _ (TheoremT.Continuum.SpatialL2 N) x)
        _ _ _ _)
      (@Subtype.{1}
        (@MeasureTheory.AEEqFun.{0, 0} (TheoremT.Continuum.Configuration N) Complex _ _
          (@MeasureTheory.MeasureSpace.volume.{0} (TheoremT.Continuum.Configuration N) _))
        fun
          (x :
            @MeasureTheory.AEEqFun.{0, 0} (TheoremT.Continuum.Configuration N) Complex _ _
              (@MeasureTheory.MeasureSpace.volume.{0} (TheoremT.Continuum.Configuration N) _)) =>
        @Membership.mem.{0, 0}
          (@MeasureTheory.AEEqFun.{0, 0} (TheoremT.Continuum.Configuration N) Complex _ _
            (@MeasureTheory.MeasureSpace.volume.{0} (TheoremT.Continuum.Configuration N) _))
          (@AddSubgroup.{0}
            (@MeasureTheory.AEEqFun.{0, 0} (TheoremT.Continuum.Configuration N) Complex _ _
              (@MeasureTheory.MeasureSpace.volume.{0} (TheoremT.Continuum.Configuration N) _))
            _)
          _ (TheoremT.Continuum.SpatialL2 N) x)
      (fun
          (x :
            @Subtype.{1}
              (@MeasureTheory.AEEqFun.{0, 0} (TheoremT.Continuum.Configuration N) Complex _ _
                (@MeasureTheory.MeasureSpace.volume.{0} (TheoremT.Continuum.Configuration N) _))
              fun
                (x :
                  @MeasureTheory.AEEqFun.{0, 0} (TheoremT.Continuum.Configuration N) Complex _ _
                    (@MeasureTheory.MeasureSpace.volume.{0} (TheoremT.Continuum.Configuration N) _)) =>
              @Membership.mem.{0, 0}
                (@MeasureTheory.AEEqFun.{0, 0} (TheoremT.Continuum.Configuration N) Complex _ _
                  (@MeasureTheory.MeasureSpace.volume.{0} (TheoremT.Continuum.Configuration N) _))
                (@AddSubgroup.{0}
                  (@MeasureTheory.AEEqFun.{0, 0} (TheoremT.Continuum.Configuration N) Complex _ _
                    (@MeasureTheory.MeasureSpace.volume.{0} (TheoremT.Continuum.Configuration N) _))
                  _)
                _ (TheoremT.Continuum.SpatialL2 N) x) =>
        @Subtype.{1}
          (@MeasureTheory.AEEqFun.{0, 0} (TheoremT.Continuum.Configuration N) Complex _ _
            (@MeasureTheory.MeasureSpace.volume.{0} (TheoremT.Continuum.Configuration N) _))
          fun
            (x :
              @MeasureTheory.AEEqFun.{0, 0} (TheoremT.Continuum.Configuration N) Complex _ _
                (@MeasureTheory.MeasureSpace.volume.{0} (TheoremT.Continuum.Configuration N) _)) =>
          @Membership.mem.{0, 0}
            (@MeasureTheory.AEEqFun.{0, 0} (TheoremT.Continuum.Configuration N) Complex _ _
              (@MeasureTheory.MeasureSpace.volume.{0} (TheoremT.Continuum.Configuration N) _))
            (@AddSubgroup.{0}
              (@MeasureTheory.AEEqFun.{0, 0} (TheoremT.Continuum.Configuration N) Complex _ _
                (@MeasureTheory.MeasureSpace.volume.{0} (TheoremT.Continuum.Configuration N) _))
              _)
            _ (TheoremT.Continuum.SpatialL2 N) x)
      _ (@TheoremT.Continuum.spatialConj N) d)
    k
@TheoremT.Continuum.scalar_graph_conj : ∀ {N : Nat} {Z : Real}
  {f h :
    @Subtype.{1}
      (@MeasureTheory.AEEqFun.{0, 0} (TheoremT.Continuum.Configuration N) Complex _ _
        (@MeasureTheory.MeasureSpace.volume.{0} (TheoremT.Continuum.Configuration N) _))
      fun
        (x :
          @MeasureTheory.AEEqFun.{0, 0} (TheoremT.Continuum.Configuration N) Complex _ _
            (@MeasureTheory.MeasureSpace.volume.{0} (TheoremT.Continuum.Configuration N) _)) =>
      @Membership.mem.{0, 0}
        (@MeasureTheory.AEEqFun.{0, 0} (TheoremT.Continuum.Configuration N) Complex _ _
          (@MeasureTheory.MeasureSpace.volume.{0} (TheoremT.Continuum.Configuration N) _))
        (@AddSubgroup.{0}
          (@MeasureTheory.AEEqFun.{0, 0} (TheoremT.Continuum.Configuration N) Complex _ _
            (@MeasureTheory.MeasureSpace.volume.{0} (TheoremT.Continuum.Configuration N) _))
          _)
        _ (TheoremT.Continuum.SpatialL2 N) x}
  (hg : TheoremT.Continuum.scalarHamiltonianGraph N Z f h),
  TheoremT.Continuum.scalarHamiltonianGraph N Z
    (@DFunLike.coe.{1, 1, 1}
      (@ContinuousLinearMap.{0, 0, 0, 0} Real Real _ _ (@RingHom.id.{0} Real _)
        (@Subtype.{1}
          (@MeasureTheory.AEEqFun.{0, 0} (TheoremT.Continuum.Configuration N) Complex _ _
            (@MeasureTheory.MeasureSpace.volume.{0} (TheoremT.Continuum.Configuration N) _))
          fun
            (x :
              @MeasureTheory.AEEqFun.{0, 0} (TheoremT.Continuum.Configuration N) Complex _ _
                (@MeasureTheory.MeasureSpace.volume.{0} (TheoremT.Continuum.Configuration N) _)) =>
          @Membership.mem.{0, 0}
            (@MeasureTheory.AEEqFun.{0, 0} (TheoremT.Continuum.Configuration N) Complex _ _
              (@MeasureTheory.MeasureSpace.volume.{0} (TheoremT.Continuum.Configuration N) _))
            (@AddSubgroup.{0}
              (@MeasureTheory.AEEqFun.{0, 0} (TheoremT.Continuum.Configuration N) Complex _ _
                (@MeasureTheory.MeasureSpace.volume.{0} (TheoremT.Continuum.Configuration N) _))
              _)
            _ (TheoremT.Continuum.SpatialL2 N) x)
        _ _
        (@Subtype.{1}
          (@MeasureTheory.AEEqFun.{0, 0} (TheoremT.Continuum.Configuration N) Complex _ _
            (@MeasureTheory.MeasureSpace.volume.{0} (TheoremT.Continuum.Configuration N) _))
          fun
            (x :
              @MeasureTheory.AEEqFun.{0, 0} (TheoremT.Continuum.Configuration N) Complex _ _
                (@MeasureTheory.MeasureSpace.volume.{0} (TheoremT.Continuum.Configuration N) _)) =>
          @Membership.mem.{0, 0}
            (@MeasureTheory.AEEqFun.{0, 0} (TheoremT.Continuum.Configuration N) Complex _ _
              (@MeasureTheory.MeasureSpace.volume.{0} (TheoremT.Continuum.Configuration N) _))
            (@AddSubgroup.{0}
              (@MeasureTheory.AEEqFun.{0, 0} (TheoremT.Continuum.Configuration N) Complex _ _
                (@MeasureTheory.MeasureSpace.volume.{0} (TheoremT.Continuum.Configuration N) _))
              _)
            _ (TheoremT.Continuum.SpatialL2 N) x)
        _ _ _ _)
      (@Subtype.{1}
        (@MeasureTheory.AEEqFun.{0, 0} (TheoremT.Continuum.Configuration N) Complex _ _
          (@MeasureTheory.MeasureSpace.volume.{0} (TheoremT.Continuum.Configuration N) _))
        fun
          (x :
            @MeasureTheory.AEEqFun.{0, 0} (TheoremT.Continuum.Configuration N) Complex _ _
              (@MeasureTheory.MeasureSpace.volume.{0} (TheoremT.Continuum.Configuration N) _)) =>
        @Membership.mem.{0, 0}
          (@MeasureTheory.AEEqFun.{0, 0} (TheoremT.Continuum.Configuration N) Complex _ _
            (@MeasureTheory.MeasureSpace.volume.{0} (TheoremT.Continuum.Configuration N) _))
          (@AddSubgroup.{0}
            (@MeasureTheory.AEEqFun.{0, 0} (TheoremT.Continuum.Configuration N) Complex _ _
              (@MeasureTheory.MeasureSpace.volume.{0} (TheoremT.Continuum.Configuration N) _))
            _)
          _ (TheoremT.Continuum.SpatialL2 N) x)
      (fun
          (x :
            @Subtype.{1}
              (@MeasureTheory.AEEqFun.{0, 0} (TheoremT.Continuum.Configuration N) Complex _ _
                (@MeasureTheory.MeasureSpace.volume.{0} (TheoremT.Continuum.Configuration N) _))
              fun
                (x :
                  @MeasureTheory.AEEqFun.{0, 0} (TheoremT.Continuum.Configuration N) Complex _ _
                    (@MeasureTheory.MeasureSpace.volume.{0} (TheoremT.Continuum.Configuration N) _)) =>
              @Membership.mem.{0, 0}
                (@MeasureTheory.AEEqFun.{0, 0} (TheoremT.Continuum.Configuration N) Complex _ _
                  (@MeasureTheory.MeasureSpace.volume.{0} (TheoremT.Continuum.Configuration N) _))
                (@AddSubgroup.{0}
                  (@MeasureTheory.AEEqFun.{0, 0} (TheoremT.Continuum.Configuration N) Complex _ _
                    (@MeasureTheory.MeasureSpace.volume.{0} (TheoremT.Continuum.Configuration N) _))
                  _)
                _ (TheoremT.Continuum.SpatialL2 N) x) =>
        @Subtype.{1}
          (@MeasureTheory.AEEqFun.{0, 0} (TheoremT.Continuum.Configuration N) Complex _ _
            (@MeasureTheory.MeasureSpace.volume.{0} (TheoremT.Continuum.Configuration N) _))
          fun
            (x :
              @MeasureTheory.AEEqFun.{0, 0} (TheoremT.Continuum.Configuration N) Complex _ _
                (@MeasureTheory.MeasureSpace.volume.{0} (TheoremT.Continuum.Configuration N) _)) =>
          @Membership.mem.{0, 0}
            (@MeasureTheory.AEEqFun.{0, 0} (TheoremT.Continuum.Configuration N) Complex _ _
              (@MeasureTheory.MeasureSpace.volume.{0} (TheoremT.Continuum.Configuration N) _))
            (@AddSubgroup.{0}
              (@MeasureTheory.AEEqFun.{0, 0} (TheoremT.Continuum.Configuration N) Complex _ _
                (@MeasureTheory.MeasureSpace.volume.{0} (TheoremT.Continuum.Configuration N) _))
              _)
            _ (TheoremT.Continuum.SpatialL2 N) x)
      _ (@TheoremT.Continuum.spatialConj N) f)
    (@DFunLike.coe.{1, 1, 1}
      (@ContinuousLinearMap.{0, 0, 0, 0} Real Real _ _ (@RingHom.id.{0} Real _)
        (@Subtype.{1}
          (@MeasureTheory.AEEqFun.{0, 0} (TheoremT.Continuum.Configuration N) Complex _ _
            (@MeasureTheory.MeasureSpace.volume.{0} (TheoremT.Continuum.Configuration N) _))
          fun
            (x :
              @MeasureTheory.AEEqFun.{0, 0} (TheoremT.Continuum.Configuration N) Complex _ _
                (@MeasureTheory.MeasureSpace.volume.{0} (TheoremT.Continuum.Configuration N) _)) =>
          @Membership.mem.{0, 0}
            (@MeasureTheory.AEEqFun.{0, 0} (TheoremT.Continuum.Configuration N) Complex _ _
              (@MeasureTheory.MeasureSpace.volume.{0} (TheoremT.Continuum.Configuration N) _))
            (@AddSubgroup.{0}
              (@MeasureTheory.AEEqFun.{0, 0} (TheoremT.Continuum.Configuration N) Complex _ _
                (@MeasureTheory.MeasureSpace.volume.{0} (TheoremT.Continuum.Configuration N) _))
              _)
            _ (TheoremT.Continuum.SpatialL2 N) x)
        _ _
        (@Subtype.{1}
          (@MeasureTheory.AEEqFun.{0, 0} (TheoremT.Continuum.Configuration N) Complex _ _
            (@MeasureTheory.MeasureSpace.volume.{0} (TheoremT.Continuum.Configuration N) _))
          fun
            (x :
              @MeasureTheory.AEEqFun.{0, 0} (TheoremT.Continuum.Configuration N) Complex _ _
                (@MeasureTheory.MeasureSpace.volume.{0} (TheoremT.Continuum.Configuration N) _)) =>
          @Membership.mem.{0, 0}
            (@MeasureTheory.AEEqFun.{0, 0} (TheoremT.Continuum.Configuration N) Complex _ _
              (@MeasureTheory.MeasureSpace.volume.{0} (TheoremT.Continuum.Configuration N) _))
            (@AddSubgroup.{0}
              (@MeasureTheory.AEEqFun.{0, 0} (TheoremT.Continuum.Configuration N) Complex _ _
                (@MeasureTheory.MeasureSpace.volume.{0} (TheoremT.Continuum.Configuration N) _))
              _)
            _ (TheoremT.Continuum.SpatialL2 N) x)
        _ _ _ _)
      (@Subtype.{1}
        (@MeasureTheory.AEEqFun.{0, 0} (TheoremT.Continuum.Configuration N) Complex _ _
          (@MeasureTheory.MeasureSpace.volume.{0} (TheoremT.Continuum.Configuration N) _))
        fun
          (x :
            @MeasureTheory.AEEqFun.{0, 0} (TheoremT.Continuum.Configuration N) Complex _ _
              (@MeasureTheory.MeasureSpace.volume.{0} (TheoremT.Continuum.Configuration N) _)) =>
        @Membership.mem.{0, 0}
          (@MeasureTheory.AEEqFun.{0, 0} (TheoremT.Continuum.Configuration N) Complex _ _
            (@MeasureTheory.MeasureSpace.volume.{0} (TheoremT.Continuum.Configuration N) _))
          (@AddSubgroup.{0}
            (@MeasureTheory.AEEqFun.{0, 0} (TheoremT.Continuum.Configuration N) Complex _ _
              (@MeasureTheory.MeasureSpace.volume.{0} (TheoremT.Continuum.Configuration N) _))
            _)
          _ (TheoremT.Continuum.SpatialL2 N) x)
      (fun
          (x :
            @Subtype.{1}
              (@MeasureTheory.AEEqFun.{0, 0} (TheoremT.Continuum.Configuration N) Complex _ _
                (@MeasureTheory.MeasureSpace.volume.{0} (TheoremT.Continuum.Configuration N) _))
              fun
                (x :
                  @MeasureTheory.AEEqFun.{0, 0} (TheoremT.Continuum.Configuration N) Complex _ _
                    (@MeasureTheory.MeasureSpace.volume.{0} (TheoremT.Continuum.Configuration N) _)) =>
              @Membership.mem.{0, 0}
                (@MeasureTheory.AEEqFun.{0, 0} (TheoremT.Continuum.Configuration N) Complex _ _
                  (@MeasureTheory.MeasureSpace.volume.{0} (TheoremT.Continuum.Configuration N) _))
                (@AddSubgroup.{0}
                  (@MeasureTheory.AEEqFun.{0, 0} (TheoremT.Continuum.Configuration N) Complex _ _
                    (@MeasureTheory.MeasureSpace.volume.{0} (TheoremT.Continuum.Configuration N) _))
                  _)
                _ (TheoremT.Continuum.SpatialL2 N) x) =>
        @Subtype.{1}
          (@MeasureTheory.AEEqFun.{0, 0} (TheoremT.Continuum.Configuration N) Complex _ _
            (@MeasureTheory.MeasureSpace.volume.{0} (TheoremT.Continuum.Configuration N) _))
          fun
            (x :
              @MeasureTheory.AEEqFun.{0, 0} (TheoremT.Continuum.Configuration N) Complex _ _
                (@MeasureTheory.MeasureSpace.volume.{0} (TheoremT.Continuum.Configuration N) _)) =>
          @Membership.mem.{0, 0}
            (@MeasureTheory.AEEqFun.{0, 0} (TheoremT.Continuum.Configuration N) Complex _ _
              (@MeasureTheory.MeasureSpace.volume.{0} (TheoremT.Continuum.Configuration N) _))
            (@AddSubgroup.{0}
              (@MeasureTheory.AEEqFun.{0, 0} (TheoremT.Continuum.Configuration N) Complex _ _
                (@MeasureTheory.MeasureSpace.volume.{0} (TheoremT.Continuum.Configuration N) _))
              _)
            _ (TheoremT.Continuum.SpatialL2 N) x)
      _ (@TheoremT.Continuum.spatialConj N) h)
@TheoremT.Continuum.spatialConj_fixed_im_zero : ∀ {N : Nat}
  {f :
    @Subtype.{1}
      (@MeasureTheory.AEEqFun.{0, 0} (TheoremT.Continuum.Configuration N) Complex _ _
        (@MeasureTheory.MeasureSpace.volume.{0} (TheoremT.Continuum.Configuration N) _))
      fun
        (x :
          @MeasureTheory.AEEqFun.{0, 0} (TheoremT.Continuum.Configuration N) Complex _ _
            (@MeasureTheory.MeasureSpace.volume.{0} (TheoremT.Continuum.Configuration N) _)) =>
      @Membership.mem.{0, 0}
        (@MeasureTheory.AEEqFun.{0, 0} (TheoremT.Continuum.Configuration N) Complex _ _
          (@MeasureTheory.MeasureSpace.volume.{0} (TheoremT.Continuum.Configuration N) _))
        (@AddSubgroup.{0}
          (@MeasureTheory.AEEqFun.{0, 0} (TheoremT.Continuum.Configuration N) Complex _ _
            (@MeasureTheory.MeasureSpace.volume.{0} (TheoremT.Continuum.Configuration N) _))
          _)
        _ (TheoremT.Continuum.SpatialL2 N) x}
  (h :
    @Eq.{1}
      (@Subtype.{1}
        (@MeasureTheory.AEEqFun.{0, 0} (TheoremT.Continuum.Configuration N) Complex _ _
          (@MeasureTheory.MeasureSpace.volume.{0} (TheoremT.Continuum.Configuration N) _))
        fun
          (x :
            @MeasureTheory.AEEqFun.{0, 0} (TheoremT.Continuum.Configuration N) Complex _ _
              (@MeasureTheory.MeasureSpace.volume.{0} (TheoremT.Continuum.Configuration N) _)) =>
        @Membership.mem.{0, 0}
          (@MeasureTheory.AEEqFun.{0, 0} (TheoremT.Continuum.Configuration N) Complex _ _
            (@MeasureTheory.MeasureSpace.volume.{0} (TheoremT.Continuum.Configuration N) _))
          (@AddSubgroup.{0}
            (@MeasureTheory.AEEqFun.{0, 0} (TheoremT.Continuum.Configuration N) Complex _ _
              (@MeasureTheory.MeasureSpace.volume.{0} (TheoremT.Continuum.Configuration N) _))
            _)
          _ (TheoremT.Continuum.SpatialL2 N) x)
      (@DFunLike.coe.{1, 1, 1}
        (@ContinuousLinearMap.{0, 0, 0, 0} Real Real _ _ (@RingHom.id.{0} Real _)
          (@Subtype.{1}
            (@MeasureTheory.AEEqFun.{0, 0} (TheoremT.Continuum.Configuration N) Complex _ _
              (@MeasureTheory.MeasureSpace.volume.{0} (TheoremT.Continuum.Configuration N) _))
            fun
              (x :
                @MeasureTheory.AEEqFun.{0, 0} (TheoremT.Continuum.Configuration N) Complex _ _
                  (@MeasureTheory.MeasureSpace.volume.{0} (TheoremT.Continuum.Configuration N) _)) =>
            @Membership.mem.{0, 0}
              (@MeasureTheory.AEEqFun.{0, 0} (TheoremT.Continuum.Configuration N) Complex _ _
                (@MeasureTheory.MeasureSpace.volume.{0} (TheoremT.Continuum.Configuration N) _))
              (@AddSubgroup.{0}
                (@MeasureTheory.AEEqFun.{0, 0} (TheoremT.Continuum.Configuration N) Complex _ _
                  (@MeasureTheory.MeasureSpace.volume.{0} (TheoremT.Continuum.Configuration N) _))
                _)
              _ (TheoremT.Continuum.SpatialL2 N) x)
          _ _
          (@Subtype.{1}
            (@MeasureTheory.AEEqFun.{0, 0} (TheoremT.Continuum.Configuration N) Complex _ _
              (@MeasureTheory.MeasureSpace.volume.{0} (TheoremT.Continuum.Configuration N) _))
            fun
              (x :
                @MeasureTheory.AEEqFun.{0, 0} (TheoremT.Continuum.Configuration N) Complex _ _
                  (@MeasureTheory.MeasureSpace.volume.{0} (TheoremT.Continuum.Configuration N) _)) =>
            @Membership.mem.{0, 0}
              (@MeasureTheory.AEEqFun.{0, 0} (TheoremT.Continuum.Configuration N) Complex _ _
                (@MeasureTheory.MeasureSpace.volume.{0} (TheoremT.Continuum.Configuration N) _))
              (@AddSubgroup.{0}
                (@MeasureTheory.AEEqFun.{0, 0} (TheoremT.Continuum.Configuration N) Complex _ _
                  (@MeasureTheory.MeasureSpace.volume.{0} (TheoremT.Continuum.Configuration N) _))
                _)
              _ (TheoremT.Continuum.SpatialL2 N) x)
          _ _ _ _)
        (@Subtype.{1}
          (@MeasureTheory.AEEqFun.{0, 0} (TheoremT.Continuum.Configuration N) Complex _ _
            (@MeasureTheory.MeasureSpace.volume.{0} (TheoremT.Continuum.Configuration N) _))
          fun
            (x :
              @MeasureTheory.AEEqFun.{0, 0} (TheoremT.Continuum.Configuration N) Complex _ _
                (@MeasureTheory.MeasureSpace.volume.{0} (TheoremT.Continuum.Configuration N) _)) =>
          @Membership.mem.{0, 0}
            (@MeasureTheory.AEEqFun.{0, 0} (TheoremT.Continuum.Configuration N) Complex _ _
              (@MeasureTheory.MeasureSpace.volume.{0} (TheoremT.Continuum.Configuration N) _))
            (@AddSubgroup.{0}
              (@MeasureTheory.AEEqFun.{0, 0} (TheoremT.Continuum.Configuration N) Complex _ _
                (@MeasureTheory.MeasureSpace.volume.{0} (TheoremT.Continuum.Configuration N) _))
              _)
            _ (TheoremT.Continuum.SpatialL2 N) x)
        (fun
            (x :
              @Subtype.{1}
                (@MeasureTheory.AEEqFun.{0, 0} (TheoremT.Continuum.Configuration N) Complex _ _
                  (@MeasureTheory.MeasureSpace.volume.{0} (TheoremT.Continuum.Configuration N) _))
                fun
                  (x :
                    @MeasureTheory.AEEqFun.{0, 0} (TheoremT.Continuum.Configuration N) Complex _ _
                      (@MeasureTheory.MeasureSpace.volume.{0} (TheoremT.Continuum.Configuration N) _)) =>
                @Membership.mem.{0, 0}
                  (@MeasureTheory.AEEqFun.{0, 0} (TheoremT.Continuum.Configuration N) Complex _ _
                    (@MeasureTheory.MeasureSpace.volume.{0} (TheoremT.Continuum.Configuration N) _))
                  (@AddSubgroup.{0}
                    (@MeasureTheory.AEEqFun.{0, 0} (TheoremT.Continuum.Configuration N) Complex _ _
                      (@MeasureTheory.MeasureSpace.volume.{0} (TheoremT.Continuum.Configuration N) _))
                    _)
                  _ (TheoremT.Continuum.SpatialL2 N) x) =>
          @Subtype.{1}
            (@MeasureTheory.AEEqFun.{0, 0} (TheoremT.Continuum.Configuration N) Complex _ _
              (@MeasureTheory.MeasureSpace.volume.{0} (TheoremT.Continuum.Configuration N) _))
            fun
              (x :
                @MeasureTheory.AEEqFun.{0, 0} (TheoremT.Continuum.Configuration N) Complex _ _
                  (@MeasureTheory.MeasureSpace.volume.{0} (TheoremT.Continuum.Configuration N) _)) =>
            @Membership.mem.{0, 0}
              (@MeasureTheory.AEEqFun.{0, 0} (TheoremT.Continuum.Configuration N) Complex _ _
                (@MeasureTheory.MeasureSpace.volume.{0} (TheoremT.Continuum.Configuration N) _))
              (@AddSubgroup.{0}
                (@MeasureTheory.AEEqFun.{0, 0} (TheoremT.Continuum.Configuration N) Complex _ _
                  (@MeasureTheory.MeasureSpace.volume.{0} (TheoremT.Continuum.Configuration N) _))
                _)
              _ (TheoremT.Continuum.SpatialL2 N) x)
        _ (@TheoremT.Continuum.spatialConj N) f)
      f),
  @Filter.Eventually.{0} (TheoremT.Continuum.Configuration N)
    (fun (x : TheoremT.Continuum.Configuration N) =>
      @Eq.{1} Real
        (Complex.im
          (@MeasureTheory.AEEqFun.cast.{0, 0} (TheoremT.Continuum.Configuration N) Complex _
            (@MeasureTheory.MeasureSpace.volume.{0} (TheoremT.Continuum.Configuration N) _) _
            (@Subtype.val.{1}
              (@MeasureTheory.AEEqFun.{0, 0} (TheoremT.Continuum.Configuration N) Complex _ _
                (@MeasureTheory.MeasureSpace.volume.{0} (TheoremT.Continuum.Configuration N) _))
              (fun
                  (x :
                    @MeasureTheory.AEEqFun.{0, 0} (TheoremT.Continuum.Configuration N) Complex _ _
                      (@MeasureTheory.MeasureSpace.volume.{0} (TheoremT.Continuum.Configuration N) _)) =>
                @Membership.mem.{0, 0}
                  (@MeasureTheory.AEEqFun.{0, 0} (TheoremT.Continuum.Configuration N) Complex _ _
                    (@MeasureTheory.MeasureSpace.volume.{0} (TheoremT.Continuum.Configuration N) _))
                  (@AddSubgroup.{0}
                    (@MeasureTheory.AEEqFun.{0, 0} (TheoremT.Continuum.Configuration N) Complex _ _
                      (@MeasureTheory.MeasureSpace.volume.{0} (TheoremT.Continuum.Configuration N) _))
                    _)
                  _
                  (@MeasureTheory.Lp.{0, 0} (TheoremT.Continuum.Configuration N) Complex
                    (@MeasureTheory.MeasureSpace.toMeasurableSpace.{0} (TheoremT.Continuum.Configuration N) _) _
                    (@OfNat.ofNat.{0} ENNReal (nat_lit 2) _)
                    (@MeasureTheory.MeasureSpace.volume.{0} (TheoremT.Continuum.Configuration N) _))
                  x)
              f)
            x))
        (@OfNat.ofNat.{0} Real (nat_lit 0) _))
    (@MeasureTheory.ae.{0, 0} (TheoremT.Continuum.Configuration N)
      (@MeasureTheory.Measure.{0} (TheoremT.Continuum.Configuration N) _) _ _
      (@MeasureTheory.MeasureSpace.volume.{0} (TheoremT.Continuum.Configuration N) _))
@TheoremT.Continuum.symmetric_eigen_has_real_nonzero : ∀ {Z E : Real}
  {f :
    @Subtype.{1}
      (@MeasureTheory.AEEqFun.{0, 0} (TheoremT.Continuum.Configuration (@OfNat.ofNat.{0} Nat (nat_lit 2) _)) Complex _ _
        (@MeasureTheory.MeasureSpace.volume.{0} (TheoremT.Continuum.Configuration (@OfNat.ofNat.{0} Nat (nat_lit 2) _))
          _))
      fun
        (x :
          @MeasureTheory.AEEqFun.{0, 0} (TheoremT.Continuum.Configuration (@OfNat.ofNat.{0} Nat (nat_lit 2) _)) Complex
            _ _
            (@MeasureTheory.MeasureSpace.volume.{0}
              (TheoremT.Continuum.Configuration (@OfNat.ofNat.{0} Nat (nat_lit 2) _)) _)) =>
      @Membership.mem.{0, 0}
        (@MeasureTheory.AEEqFun.{0, 0} (TheoremT.Continuum.Configuration (@OfNat.ofNat.{0} Nat (nat_lit 2) _)) Complex _
          _
          (@MeasureTheory.MeasureSpace.volume.{0}
            (TheoremT.Continuum.Configuration (@OfNat.ofNat.{0} Nat (nat_lit 2) _)) _))
        (@AddSubgroup.{0}
          (@MeasureTheory.AEEqFun.{0, 0} (TheoremT.Continuum.Configuration (@OfNat.ofNat.{0} Nat (nat_lit 2) _)) Complex
            _ _
            (@MeasureTheory.MeasureSpace.volume.{0}
              (TheoremT.Continuum.Configuration (@OfNat.ofNat.{0} Nat (nat_lit 2) _)) _))
          _)
        _ (TheoremT.Continuum.SpatialL2 (@OfNat.ofNat.{0} Nat (nat_lit 2) _)) x}
  (hf :
    @Ne.{1}
      (@Subtype.{1}
        (@MeasureTheory.AEEqFun.{0, 0} (TheoremT.Continuum.Configuration (@OfNat.ofNat.{0} Nat (nat_lit 2) _)) Complex _
          _
          (@MeasureTheory.MeasureSpace.volume.{0}
            (TheoremT.Continuum.Configuration (@OfNat.ofNat.{0} Nat (nat_lit 2) _)) _))
        fun
          (x :
            @MeasureTheory.AEEqFun.{0, 0} (TheoremT.Continuum.Configuration (@OfNat.ofNat.{0} Nat (nat_lit 2) _))
              Complex _ _
              (@MeasureTheory.MeasureSpace.volume.{0}
                (TheoremT.Continuum.Configuration (@OfNat.ofNat.{0} Nat (nat_lit 2) _)) _)) =>
        @Membership.mem.{0, 0}
          (@MeasureTheory.AEEqFun.{0, 0} (TheoremT.Continuum.Configuration (@OfNat.ofNat.{0} Nat (nat_lit 2) _)) Complex
            _ _
            (@MeasureTheory.MeasureSpace.volume.{0}
              (TheoremT.Continuum.Configuration (@OfNat.ofNat.{0} Nat (nat_lit 2) _)) _))
          (@AddSubgroup.{0}
            (@MeasureTheory.AEEqFun.{0, 0} (TheoremT.Continuum.Configuration (@OfNat.ofNat.{0} Nat (nat_lit 2) _))
              Complex _ _
              (@MeasureTheory.MeasureSpace.volume.{0}
                (TheoremT.Continuum.Configuration (@OfNat.ofNat.{0} Nat (nat_lit 2) _)) _))
            _)
          _ (TheoremT.Continuum.SpatialL2 (@OfNat.ofNat.{0} Nat (nat_lit 2) _)) x)
      f
      (@OfNat.ofNat.{0}
        (@Subtype.{1}
          (@MeasureTheory.AEEqFun.{0, 0} (TheoremT.Continuum.Configuration (@OfNat.ofNat.{0} Nat (nat_lit 2) _)) Complex
            _ _
            (@MeasureTheory.MeasureSpace.volume.{0}
              (TheoremT.Continuum.Configuration (@OfNat.ofNat.{0} Nat (nat_lit 2) _)) _))
          fun
            (x :
              @MeasureTheory.AEEqFun.{0, 0} (TheoremT.Continuum.Configuration (@OfNat.ofNat.{0} Nat (nat_lit 2) _))
                Complex _ _
                (@MeasureTheory.MeasureSpace.volume.{0}
                  (TheoremT.Continuum.Configuration (@OfNat.ofNat.{0} Nat (nat_lit 2) _)) _)) =>
          @Membership.mem.{0, 0}
            (@MeasureTheory.AEEqFun.{0, 0} (TheoremT.Continuum.Configuration (@OfNat.ofNat.{0} Nat (nat_lit 2) _))
              Complex _ _
              (@MeasureTheory.MeasureSpace.volume.{0}
                (TheoremT.Continuum.Configuration (@OfNat.ofNat.{0} Nat (nat_lit 2) _)) _))
            (@AddSubgroup.{0}
              (@MeasureTheory.AEEqFun.{0, 0} (TheoremT.Continuum.Configuration (@OfNat.ofNat.{0} Nat (nat_lit 2) _))
                Complex _ _
                (@MeasureTheory.MeasureSpace.volume.{0}
                  (TheoremT.Continuum.Configuration (@OfNat.ofNat.{0} Nat (nat_lit 2) _)) _))
              _)
            _ (TheoremT.Continuum.SpatialL2 (@OfNat.ofNat.{0} Nat (nat_lit 2) _)) x)
        (nat_lit 0) _))
  (hs :
    @Eq.{1}
      (@Subtype.{1}
        (@MeasureTheory.AEEqFun.{0, 0} (TheoremT.Continuum.Configuration (@OfNat.ofNat.{0} Nat (nat_lit 2) _)) Complex _
          _
          (@MeasureTheory.MeasureSpace.volume.{0}
            (TheoremT.Continuum.Configuration (@OfNat.ofNat.{0} Nat (nat_lit 2) _)) _))
        fun
          (x :
            @MeasureTheory.AEEqFun.{0, 0} (TheoremT.Continuum.Configuration (@OfNat.ofNat.{0} Nat (nat_lit 2) _))
              Complex _ _
              (@MeasureTheory.MeasureSpace.volume.{0}
                (TheoremT.Continuum.Configuration (@OfNat.ofNat.{0} Nat (nat_lit 2) _)) _)) =>
        @Membership.mem.{0, 0}
          (@MeasureTheory.AEEqFun.{0, 0} (TheoremT.Continuum.Configuration (@OfNat.ofNat.{0} Nat (nat_lit 2) _)) Complex
            _ _
            (@MeasureTheory.MeasureSpace.volume.{0}
              (TheoremT.Continuum.Configuration (@OfNat.ofNat.{0} Nat (nat_lit 2) _)) _))
          (@AddSubgroup.{0}
            (@MeasureTheory.AEEqFun.{0, 0} (TheoremT.Continuum.Configuration (@OfNat.ofNat.{0} Nat (nat_lit 2) _))
              Complex _ _
              (@MeasureTheory.MeasureSpace.volume.{0}
                (TheoremT.Continuum.Configuration (@OfNat.ofNat.{0} Nat (nat_lit 2) _)) _))
            _)
          _ (TheoremT.Continuum.SpatialL2 (@OfNat.ofNat.{0} Nat (nat_lit 2) _)) x)
      (@DFunLike.coe.{1, 1, 1}
        (@LinearMap.{0, 0, 0, 0} Complex Complex _ _ (@RingHom.id.{0} Complex _)
          (@Subtype.{1}
            (@MeasureTheory.AEEqFun.{0, 0} (TheoremT.Continuum.Configuration (@OfNat.ofNat.{0} Nat (nat_lit 2) _))
              Complex _ _
              (@MeasureTheory.MeasureSpace.volume.{0}
                (TheoremT.Continuum.Configuration (@OfNat.ofNat.{0} Nat (nat_lit 2) _)) _))
            fun
              (x :
                @MeasureTheory.AEEqFun.{0, 0} (TheoremT.Continuum.Configuration (@OfNat.ofNat.{0} Nat (nat_lit 2) _))
                  Complex _ _
                  (@MeasureTheory.MeasureSpace.volume.{0}
                    (TheoremT.Continuum.Configuration (@OfNat.ofNat.{0} Nat (nat_lit 2) _)) _)) =>
            @Membership.mem.{0, 0}
              (@MeasureTheory.AEEqFun.{0, 0} (TheoremT.Continuum.Configuration (@OfNat.ofNat.{0} Nat (nat_lit 2) _))
                Complex _ _
                (@MeasureTheory.MeasureSpace.volume.{0}
                  (TheoremT.Continuum.Configuration (@OfNat.ofNat.{0} Nat (nat_lit 2) _)) _))
              (@AddSubgroup.{0}
                (@MeasureTheory.AEEqFun.{0, 0} (TheoremT.Continuum.Configuration (@OfNat.ofNat.{0} Nat (nat_lit 2) _))
                  Complex _ _
                  (@MeasureTheory.MeasureSpace.volume.{0}
                    (TheoremT.Continuum.Configuration (@OfNat.ofNat.{0} Nat (nat_lit 2) _)) _))
                _)
              _ (TheoremT.Continuum.SpatialL2 (@OfNat.ofNat.{0} Nat (nat_lit 2) _)) x)
          (@Subtype.{1}
            (@MeasureTheory.AEEqFun.{0, 0} (TheoremT.Continuum.Configuration (@OfNat.ofNat.{0} Nat (nat_lit 2) _))
              Complex _ _
              (@MeasureTheory.MeasureSpace.volume.{0}
                (TheoremT.Continuum.Configuration (@OfNat.ofNat.{0} Nat (nat_lit 2) _)) _))
            fun
              (x :
                @MeasureTheory.AEEqFun.{0, 0} (TheoremT.Continuum.Configuration (@OfNat.ofNat.{0} Nat (nat_lit 2) _))
                  Complex _ _
                  (@MeasureTheory.MeasureSpace.volume.{0}
                    (TheoremT.Continuum.Configuration (@OfNat.ofNat.{0} Nat (nat_lit 2) _)) _)) =>
            @Membership.mem.{0, 0}
              (@MeasureTheory.AEEqFun.{0, 0} (TheoremT.Continuum.Configuration (@OfNat.ofNat.{0} Nat (nat_lit 2) _))
                Complex _ _
                (@MeasureTheory.MeasureSpace.volume.{0}
                  (TheoremT.Continuum.Configuration (@OfNat.ofNat.{0} Nat (nat_lit 2) _)) _))
              (@AddSubgroup.{0}
                (@MeasureTheory.AEEqFun.{0, 0} (TheoremT.Continuum.Configuration (@OfNat.ofNat.{0} Nat (nat_lit 2) _))
                  Complex _ _
                  (@MeasureTheory.MeasureSpace.volume.{0}
                    (TheoremT.Continuum.Configuration (@OfNat.ofNat.{0} Nat (nat_lit 2) _)) _))
                _)
              _ (TheoremT.Continuum.SpatialL2 (@OfNat.ofNat.{0} Nat (nat_lit 2) _)) x)
          _ _ _ _)
        (@Subtype.{1}
          (@MeasureTheory.AEEqFun.{0, 0} (TheoremT.Continuum.Configuration (@OfNat.ofNat.{0} Nat (nat_lit 2) _)) Complex
            _ _
            (@MeasureTheory.MeasureSpace.volume.{0}
              (TheoremT.Continuum.Configuration (@OfNat.ofNat.{0} Nat (nat_lit 2) _)) _))
          fun
            (x :
              @MeasureTheory.AEEqFun.{0, 0} (TheoremT.Continuum.Configuration (@OfNat.ofNat.{0} Nat (nat_lit 2) _))
                Complex _ _
                (@MeasureTheory.MeasureSpace.volume.{0}
                  (TheoremT.Continuum.Configuration (@OfNat.ofNat.{0} Nat (nat_lit 2) _)) _)) =>
          @Membership.mem.{0, 0}
            (@MeasureTheory.AEEqFun.{0, 0} (TheoremT.Continuum.Configuration (@OfNat.ofNat.{0} Nat (nat_lit 2) _))
              Complex _ _
              (@MeasureTheory.MeasureSpace.volume.{0}
                (TheoremT.Continuum.Configuration (@OfNat.ofNat.{0} Nat (nat_lit 2) _)) _))
            (@AddSubgroup.{0}
              (@MeasureTheory.AEEqFun.{0, 0} (TheoremT.Continuum.Configuration (@OfNat.ofNat.{0} Nat (nat_lit 2) _))
                Complex _ _
                (@MeasureTheory.MeasureSpace.volume.{0}
                  (TheoremT.Continuum.Configuration (@OfNat.ofNat.{0} Nat (nat_lit 2) _)) _))
              _)
            _ (TheoremT.Continuum.SpatialL2 (@OfNat.ofNat.{0} Nat (nat_lit 2) _)) x)
        (fun
            (x :
              @Subtype.{1}
                (@MeasureTheory.AEEqFun.{0, 0} (TheoremT.Continuum.Configuration (@OfNat.ofNat.{0} Nat (nat_lit 2) _))
                  Complex _ _
                  (@MeasureTheory.MeasureSpace.volume.{0}
                    (TheoremT.Continuum.Configuration (@OfNat.ofNat.{0} Nat (nat_lit 2) _)) _))
                fun
                  (x :
                    @MeasureTheory.AEEqFun.{0, 0}
                      (TheoremT.Continuum.Configuration (@OfNat.ofNat.{0} Nat (nat_lit 2) _)) Complex _ _
                      (@MeasureTheory.MeasureSpace.volume.{0}
                        (TheoremT.Continuum.Configuration (@OfNat.ofNat.{0} Nat (nat_lit 2) _)) _)) =>
                @Membership.mem.{0, 0}
                  (@MeasureTheory.AEEqFun.{0, 0} (TheoremT.Continuum.Configuration (@OfNat.ofNat.{0} Nat (nat_lit 2) _))
                    Complex _ _
                    (@MeasureTheory.MeasureSpace.volume.{0}
                      (TheoremT.Continuum.Configuration (@OfNat.ofNat.{0} Nat (nat_lit 2) _)) _))
                  (@AddSubgroup.{0}
                    (@MeasureTheory.AEEqFun.{0, 0}
                      (TheoremT.Continuum.Configuration (@OfNat.ofNat.{0} Nat (nat_lit 2) _)) Complex _ _
                      (@MeasureTheory.MeasureSpace.volume.{0}
                        (TheoremT.Continuum.Configuration (@OfNat.ofNat.{0} Nat (nat_lit 2) _)) _))
                    _)
                  _ (TheoremT.Continuum.SpatialL2 (@OfNat.ofNat.{0} Nat (nat_lit 2) _)) x) =>
          @Subtype.{1}
            (@MeasureTheory.AEEqFun.{0, 0} (TheoremT.Continuum.Configuration (@OfNat.ofNat.{0} Nat (nat_lit 2) _))
              Complex _ _
              (@MeasureTheory.MeasureSpace.volume.{0}
                (TheoremT.Continuum.Configuration (@OfNat.ofNat.{0} Nat (nat_lit 2) _)) _))
            fun
              (x :
                @MeasureTheory.AEEqFun.{0, 0} (TheoremT.Continuum.Configuration (@OfNat.ofNat.{0} Nat (nat_lit 2) _))
                  Complex _ _
                  (@MeasureTheory.MeasureSpace.volume.{0}
                    (TheoremT.Continuum.Configuration (@OfNat.ofNat.{0} Nat (nat_lit 2) _)) _)) =>
            @Membership.mem.{0, 0}
              (@MeasureTheory.AEEqFun.{0, 0} (TheoremT.Continuum.Configuration (@OfNat.ofNat.{0} Nat (nat_lit 2) _))
                Complex _ _
                (@MeasureTheory.MeasureSpace.volume.{0}
                  (TheoremT.Continuum.Configuration (@OfNat.ofNat.{0} Nat (nat_lit 2) _)) _))
              (@AddSubgroup.{0}
                (@MeasureTheory.AEEqFun.{0, 0} (TheoremT.Continuum.Configuration (@OfNat.ofNat.{0} Nat (nat_lit 2) _))
                  Complex _ _
                  (@MeasureTheory.MeasureSpace.volume.{0}
                    (TheoremT.Continuum.Configuration (@OfNat.ofNat.{0} Nat (nat_lit 2) _)) _))
                _)
              _ (TheoremT.Continuum.SpatialL2 (@OfNat.ofNat.{0} Nat (nat_lit 2) _)) x)
        _ (@TheoremT.Continuum.pullback (@OfNat.ofNat.{0} Nat (nat_lit 2) _) TheoremT.Continuum.twoElectronSwap) f)
      f)
  (hg :
    TheoremT.Continuum.scalarHamiltonianGraph (@OfNat.ofNat.{0} Nat (nat_lit 2) _) Z f
      (@HSMul.hSMul.{0, 0, 0} Complex
        (@Subtype.{1}
          (@MeasureTheory.AEEqFun.{0, 0} (TheoremT.Continuum.Configuration (@OfNat.ofNat.{0} Nat (nat_lit 2) _)) Complex
            _ _
            (@MeasureTheory.MeasureSpace.volume.{0}
              (TheoremT.Continuum.Configuration (@OfNat.ofNat.{0} Nat (nat_lit 2) _)) _))
          fun
            (x :
              @MeasureTheory.AEEqFun.{0, 0} (TheoremT.Continuum.Configuration (@OfNat.ofNat.{0} Nat (nat_lit 2) _))
                Complex _ _
                (@MeasureTheory.MeasureSpace.volume.{0}
                  (TheoremT.Continuum.Configuration (@OfNat.ofNat.{0} Nat (nat_lit 2) _)) _)) =>
          @Membership.mem.{0, 0}
            (@MeasureTheory.AEEqFun.{0, 0} (TheoremT.Continuum.Configuration (@OfNat.ofNat.{0} Nat (nat_lit 2) _))
              Complex _ _
              (@MeasureTheory.MeasureSpace.volume.{0}
                (TheoremT.Continuum.Configuration (@OfNat.ofNat.{0} Nat (nat_lit 2) _)) _))
            (@AddSubgroup.{0}
              (@MeasureTheory.AEEqFun.{0, 0} (TheoremT.Continuum.Configuration (@OfNat.ofNat.{0} Nat (nat_lit 2) _))
                Complex _ _
                (@MeasureTheory.MeasureSpace.volume.{0}
                  (TheoremT.Continuum.Configuration (@OfNat.ofNat.{0} Nat (nat_lit 2) _)) _))
              _)
            _ (TheoremT.Continuum.SpatialL2 (@OfNat.ofNat.{0} Nat (nat_lit 2) _)) x)
        (@Subtype.{1}
          (@MeasureTheory.AEEqFun.{0, 0} (TheoremT.Continuum.Configuration (@OfNat.ofNat.{0} Nat (nat_lit 2) _)) Complex
            _ _
            (@MeasureTheory.MeasureSpace.volume.{0}
              (TheoremT.Continuum.Configuration (@OfNat.ofNat.{0} Nat (nat_lit 2) _)) _))
          fun
            (x :
              @MeasureTheory.AEEqFun.{0, 0} (TheoremT.Continuum.Configuration (@OfNat.ofNat.{0} Nat (nat_lit 2) _))
                Complex _ _
                (@MeasureTheory.MeasureSpace.volume.{0}
                  (TheoremT.Continuum.Configuration (@OfNat.ofNat.{0} Nat (nat_lit 2) _)) _)) =>
          @Membership.mem.{0, 0}
            (@MeasureTheory.AEEqFun.{0, 0} (TheoremT.Continuum.Configuration (@OfNat.ofNat.{0} Nat (nat_lit 2) _))
              Complex _ _
              (@MeasureTheory.MeasureSpace.volume.{0}
                (TheoremT.Continuum.Configuration (@OfNat.ofNat.{0} Nat (nat_lit 2) _)) _))
            (@AddSubgroup.{0}
              (@MeasureTheory.AEEqFun.{0, 0} (TheoremT.Continuum.Configuration (@OfNat.ofNat.{0} Nat (nat_lit 2) _))
                Complex _ _
                (@MeasureTheory.MeasureSpace.volume.{0}
                  (TheoremT.Continuum.Configuration (@OfNat.ofNat.{0} Nat (nat_lit 2) _)) _))
              _)
            _ (TheoremT.Continuum.SpatialL2 (@OfNat.ofNat.{0} Nat (nat_lit 2) _)) x)
        _ (Complex.ofReal E) f)),
  @Exists.{1}
    (@Subtype.{1}
      (@MeasureTheory.AEEqFun.{0, 0} (TheoremT.Continuum.Configuration (@OfNat.ofNat.{0} Nat (nat_lit 2) _)) Complex _ _
        (@MeasureTheory.MeasureSpace.volume.{0} (TheoremT.Continuum.Configuration (@OfNat.ofNat.{0} Nat (nat_lit 2) _))
          _))
      fun
        (x :
          @MeasureTheory.AEEqFun.{0, 0} (TheoremT.Continuum.Configuration (@OfNat.ofNat.{0} Nat (nat_lit 2) _)) Complex
            _ _
            (@MeasureTheory.MeasureSpace.volume.{0}
              (TheoremT.Continuum.Configuration (@OfNat.ofNat.{0} Nat (nat_lit 2) _)) _)) =>
      @Membership.mem.{0, 0}
        (@MeasureTheory.AEEqFun.{0, 0} (TheoremT.Continuum.Configuration (@OfNat.ofNat.{0} Nat (nat_lit 2) _)) Complex _
          _
          (@MeasureTheory.MeasureSpace.volume.{0}
            (TheoremT.Continuum.Configuration (@OfNat.ofNat.{0} Nat (nat_lit 2) _)) _))
        (@AddSubgroup.{0}
          (@MeasureTheory.AEEqFun.{0, 0} (TheoremT.Continuum.Configuration (@OfNat.ofNat.{0} Nat (nat_lit 2) _)) Complex
            _ _
            (@MeasureTheory.MeasureSpace.volume.{0}
              (TheoremT.Continuum.Configuration (@OfNat.ofNat.{0} Nat (nat_lit 2) _)) _))
          _)
        _ (TheoremT.Continuum.SpatialL2 (@OfNat.ofNat.{0} Nat (nat_lit 2) _)) x)
    fun
      (w :
        @Subtype.{1}
          (@MeasureTheory.AEEqFun.{0, 0} (TheoremT.Continuum.Configuration (@OfNat.ofNat.{0} Nat (nat_lit 2) _)) Complex
            _ _
            (@MeasureTheory.MeasureSpace.volume.{0}
              (TheoremT.Continuum.Configuration (@OfNat.ofNat.{0} Nat (nat_lit 2) _)) _))
          fun
            (x :
              @MeasureTheory.AEEqFun.{0, 0} (TheoremT.Continuum.Configuration (@OfNat.ofNat.{0} Nat (nat_lit 2) _))
                Complex _ _
                (@MeasureTheory.MeasureSpace.volume.{0}
                  (TheoremT.Continuum.Configuration (@OfNat.ofNat.{0} Nat (nat_lit 2) _)) _)) =>
          @Membership.mem.{0, 0}
            (@MeasureTheory.AEEqFun.{0, 0} (TheoremT.Continuum.Configuration (@OfNat.ofNat.{0} Nat (nat_lit 2) _))
              Complex _ _
              (@MeasureTheory.MeasureSpace.volume.{0}
                (TheoremT.Continuum.Configuration (@OfNat.ofNat.{0} Nat (nat_lit 2) _)) _))
            (@AddSubgroup.{0}
              (@MeasureTheory.AEEqFun.{0, 0} (TheoremT.Continuum.Configuration (@OfNat.ofNat.{0} Nat (nat_lit 2) _))
                Complex _ _
                (@MeasureTheory.MeasureSpace.volume.{0}
                  (TheoremT.Continuum.Configuration (@OfNat.ofNat.{0} Nat (nat_lit 2) _)) _))
              _)
            _ (TheoremT.Continuum.SpatialL2 (@OfNat.ofNat.{0} Nat (nat_lit 2) _)) x) =>
    And
      (@Ne.{1}
        (@Subtype.{1}
          (@MeasureTheory.AEEqFun.{0, 0} (TheoremT.Continuum.Configuration (@OfNat.ofNat.{0} Nat (nat_lit 2) _)) Complex
            _ _
            (@MeasureTheory.MeasureSpace.volume.{0}
              (TheoremT.Continuum.Configuration (@OfNat.ofNat.{0} Nat (nat_lit 2) _)) _))
          fun
            (x :
              @MeasureTheory.AEEqFun.{0, 0} (TheoremT.Continuum.Configuration (@OfNat.ofNat.{0} Nat (nat_lit 2) _))
                Complex _ _
                (@MeasureTheory.MeasureSpace.volume.{0}
                  (TheoremT.Continuum.Configuration (@OfNat.ofNat.{0} Nat (nat_lit 2) _)) _)) =>
          @Membership.mem.{0, 0}
            (@MeasureTheory.AEEqFun.{0, 0} (TheoremT.Continuum.Configuration (@OfNat.ofNat.{0} Nat (nat_lit 2) _))
              Complex _ _
              (@MeasureTheory.MeasureSpace.volume.{0}
                (TheoremT.Continuum.Configuration (@OfNat.ofNat.{0} Nat (nat_lit 2) _)) _))
            (@AddSubgroup.{0}
              (@MeasureTheory.AEEqFun.{0, 0} (TheoremT.Continuum.Configuration (@OfNat.ofNat.{0} Nat (nat_lit 2) _))
                Complex _ _
                (@MeasureTheory.MeasureSpace.volume.{0}
                  (TheoremT.Continuum.Configuration (@OfNat.ofNat.{0} Nat (nat_lit 2) _)) _))
              _)
            _ (TheoremT.Continuum.SpatialL2 (@OfNat.ofNat.{0} Nat (nat_lit 2) _)) x)
        w
        (@OfNat.ofNat.{0}
          (@Subtype.{1}
            (@MeasureTheory.AEEqFun.{0, 0} (TheoremT.Continuum.Configuration (@OfNat.ofNat.{0} Nat (nat_lit 2) _))
              Complex _ _
              (@MeasureTheory.MeasureSpace.volume.{0}
                (TheoremT.Continuum.Configuration (@OfNat.ofNat.{0} Nat (nat_lit 2) _)) _))
            fun
              (x :
                @MeasureTheory.AEEqFun.{0, 0} (TheoremT.Continuum.Configuration (@OfNat.ofNat.{0} Nat (nat_lit 2) _))
                  Complex _ _
                  (@MeasureTheory.MeasureSpace.volume.{0}
                    (TheoremT.Continuum.Configuration (@OfNat.ofNat.{0} Nat (nat_lit 2) _)) _)) =>
            @Membership.mem.{0, 0}
              (@MeasureTheory.AEEqFun.{0, 0} (TheoremT.Continuum.Configuration (@OfNat.ofNat.{0} Nat (nat_lit 2) _))
                Complex _ _
                (@MeasureTheory.MeasureSpace.volume.{0}
                  (TheoremT.Continuum.Configuration (@OfNat.ofNat.{0} Nat (nat_lit 2) _)) _))
              (@AddSubgroup.{0}
                (@MeasureTheory.AEEqFun.{0, 0} (TheoremT.Continuum.Configuration (@OfNat.ofNat.{0} Nat (nat_lit 2) _))
                  Complex _ _
                  (@MeasureTheory.MeasureSpace.volume.{0}
                    (TheoremT.Continuum.Configuration (@OfNat.ofNat.{0} Nat (nat_lit 2) _)) _))
                _)
              _ (TheoremT.Continuum.SpatialL2 (@OfNat.ofNat.{0} Nat (nat_lit 2) _)) x)
          (nat_lit 0) _))
      (And
        (@Eq.{1}
          (@Subtype.{1}
            (@MeasureTheory.AEEqFun.{0, 0} (TheoremT.Continuum.Configuration (@OfNat.ofNat.{0} Nat (nat_lit 2) _))
              Complex _ _
              (@MeasureTheory.MeasureSpace.volume.{0}
                (TheoremT.Continuum.Configuration (@OfNat.ofNat.{0} Nat (nat_lit 2) _)) _))
            fun
              (x :
                @MeasureTheory.AEEqFun.{0, 0} (TheoremT.Continuum.Configuration (@OfNat.ofNat.{0} Nat (nat_lit 2) _))
                  Complex _ _
                  (@MeasureTheory.MeasureSpace.volume.{0}
                    (TheoremT.Continuum.Configuration (@OfNat.ofNat.{0} Nat (nat_lit 2) _)) _)) =>
            @Membership.mem.{0, 0}
              (@MeasureTheory.AEEqFun.{0, 0} (TheoremT.Continuum.Configuration (@OfNat.ofNat.{0} Nat (nat_lit 2) _))
                Complex _ _
                (@MeasureTheory.MeasureSpace.volume.{0}
                  (TheoremT.Continuum.Configuration (@OfNat.ofNat.{0} Nat (nat_lit 2) _)) _))
              (@AddSubgroup.{0}
                (@MeasureTheory.AEEqFun.{0, 0} (TheoremT.Continuum.Configuration (@OfNat.ofNat.{0} Nat (nat_lit 2) _))
                  Complex _ _
                  (@MeasureTheory.MeasureSpace.volume.{0}
                    (TheoremT.Continuum.Configuration (@OfNat.ofNat.{0} Nat (nat_lit 2) _)) _))
                _)
              _ (TheoremT.Continuum.SpatialL2 (@OfNat.ofNat.{0} Nat (nat_lit 2) _)) x)
          (@DFunLike.coe.{1, 1, 1}
            (@ContinuousLinearMap.{0, 0, 0, 0} Real Real _ _ (@RingHom.id.{0} Real _)
              (@Subtype.{1}
                (@MeasureTheory.AEEqFun.{0, 0} (TheoremT.Continuum.Configuration (@OfNat.ofNat.{0} Nat (nat_lit 2) _))
                  Complex _ _
                  (@MeasureTheory.MeasureSpace.volume.{0}
                    (TheoremT.Continuum.Configuration (@OfNat.ofNat.{0} Nat (nat_lit 2) _)) _))
                fun
                  (x :
                    @MeasureTheory.AEEqFun.{0, 0}
                      (TheoremT.Continuum.Configuration (@OfNat.ofNat.{0} Nat (nat_lit 2) _)) Complex _ _
                      (@MeasureTheory.MeasureSpace.volume.{0}
                        (TheoremT.Continuum.Configuration (@OfNat.ofNat.{0} Nat (nat_lit 2) _)) _)) =>
                @Membership.mem.{0, 0}
                  (@MeasureTheory.AEEqFun.{0, 0} (TheoremT.Continuum.Configuration (@OfNat.ofNat.{0} Nat (nat_lit 2) _))
                    Complex _ _
                    (@MeasureTheory.MeasureSpace.volume.{0}
                      (TheoremT.Continuum.Configuration (@OfNat.ofNat.{0} Nat (nat_lit 2) _)) _))
                  (@AddSubgroup.{0}
                    (@MeasureTheory.AEEqFun.{0, 0}
                      (TheoremT.Continuum.Configuration (@OfNat.ofNat.{0} Nat (nat_lit 2) _)) Complex _ _
                      (@MeasureTheory.MeasureSpace.volume.{0}
                        (TheoremT.Continuum.Configuration (@OfNat.ofNat.{0} Nat (nat_lit 2) _)) _))
                    _)
                  _ (TheoremT.Continuum.SpatialL2 (@OfNat.ofNat.{0} Nat (nat_lit 2) _)) x)
              _ _
              (@Subtype.{1}
                (@MeasureTheory.AEEqFun.{0, 0} (TheoremT.Continuum.Configuration (@OfNat.ofNat.{0} Nat (nat_lit 2) _))
                  Complex _ _
                  (@MeasureTheory.MeasureSpace.volume.{0}
                    (TheoremT.Continuum.Configuration (@OfNat.ofNat.{0} Nat (nat_lit 2) _)) _))
                fun
                  (x :
                    @MeasureTheory.AEEqFun.{0, 0}
                      (TheoremT.Continuum.Configuration (@OfNat.ofNat.{0} Nat (nat_lit 2) _)) Complex _ _
                      (@MeasureTheory.MeasureSpace.volume.{0}
                        (TheoremT.Continuum.Configuration (@OfNat.ofNat.{0} Nat (nat_lit 2) _)) _)) =>
                @Membership.mem.{0, 0}
                  (@MeasureTheory.AEEqFun.{0, 0} (TheoremT.Continuum.Configuration (@OfNat.ofNat.{0} Nat (nat_lit 2) _))
                    Complex _ _
                    (@MeasureTheory.MeasureSpace.volume.{0}
                      (TheoremT.Continuum.Configuration (@OfNat.ofNat.{0} Nat (nat_lit 2) _)) _))
                  (@AddSubgroup.{0}
                    (@MeasureTheory.AEEqFun.{0, 0}
                      (TheoremT.Continuum.Configuration (@OfNat.ofNat.{0} Nat (nat_lit 2) _)) Complex _ _
                      (@MeasureTheory.MeasureSpace.volume.{0}
                        (TheoremT.Continuum.Configuration (@OfNat.ofNat.{0} Nat (nat_lit 2) _)) _))
                    _)
                  _ (TheoremT.Continuum.SpatialL2 (@OfNat.ofNat.{0} Nat (nat_lit 2) _)) x)
              _ _ _ _)
            (@Subtype.{1}
              (@MeasureTheory.AEEqFun.{0, 0} (TheoremT.Continuum.Configuration (@OfNat.ofNat.{0} Nat (nat_lit 2) _))
                Complex _ _
                (@MeasureTheory.MeasureSpace.volume.{0}
                  (TheoremT.Continuum.Configuration (@OfNat.ofNat.{0} Nat (nat_lit 2) _)) _))
              fun
                (x :
                  @MeasureTheory.AEEqFun.{0, 0} (TheoremT.Continuum.Configuration (@OfNat.ofNat.{0} Nat (nat_lit 2) _))
                    Complex _ _
                    (@MeasureTheory.MeasureSpace.volume.{0}
                      (TheoremT.Continuum.Configuration (@OfNat.ofNat.{0} Nat (nat_lit 2) _)) _)) =>
              @Membership.mem.{0, 0}
                (@MeasureTheory.AEEqFun.{0, 0} (TheoremT.Continuum.Configuration (@OfNat.ofNat.{0} Nat (nat_lit 2) _))
                  Complex _ _
                  (@MeasureTheory.MeasureSpace.volume.{0}
                    (TheoremT.Continuum.Configuration (@OfNat.ofNat.{0} Nat (nat_lit 2) _)) _))
                (@AddSubgroup.{0}
                  (@MeasureTheory.AEEqFun.{0, 0} (TheoremT.Continuum.Configuration (@OfNat.ofNat.{0} Nat (nat_lit 2) _))
                    Complex _ _
                    (@MeasureTheory.MeasureSpace.volume.{0}
                      (TheoremT.Continuum.Configuration (@OfNat.ofNat.{0} Nat (nat_lit 2) _)) _))
                  _)
                _ (TheoremT.Continuum.SpatialL2 (@OfNat.ofNat.{0} Nat (nat_lit 2) _)) x)
            (fun
                (x :
                  @Subtype.{1}
                    (@MeasureTheory.AEEqFun.{0, 0}
                      (TheoremT.Continuum.Configuration (@OfNat.ofNat.{0} Nat (nat_lit 2) _)) Complex _ _
                      (@MeasureTheory.MeasureSpace.volume.{0}
                        (TheoremT.Continuum.Configuration (@OfNat.ofNat.{0} Nat (nat_lit 2) _)) _))
                    fun
                      (x :
                        @MeasureTheory.AEEqFun.{0, 0}
                          (TheoremT.Continuum.Configuration (@OfNat.ofNat.{0} Nat (nat_lit 2) _)) Complex _ _
                          (@MeasureTheory.MeasureSpace.volume.{0}
                            (TheoremT.Continuum.Configuration (@OfNat.ofNat.{0} Nat (nat_lit 2) _)) _)) =>
                    @Membership.mem.{0, 0}
                      (@MeasureTheory.AEEqFun.{0, 0}
                        (TheoremT.Continuum.Configuration (@OfNat.ofNat.{0} Nat (nat_lit 2) _)) Complex _ _
                        (@MeasureTheory.MeasureSpace.volume.{0}
                          (TheoremT.Continuum.Configuration (@OfNat.ofNat.{0} Nat (nat_lit 2) _)) _))
                      (@AddSubgroup.{0}
                        (@MeasureTheory.AEEqFun.{0, 0}
                          (TheoremT.Continuum.Configuration (@OfNat.ofNat.{0} Nat (nat_lit 2) _)) Complex _ _
                          (@MeasureTheory.MeasureSpace.volume.{0}
                            (TheoremT.Continuum.Configuration (@OfNat.ofNat.{0} Nat (nat_lit 2) _)) _))
                        _)
                      _ (TheoremT.Continuum.SpatialL2 (@OfNat.ofNat.{0} Nat (nat_lit 2) _)) x) =>
              @Subtype.{1}
                (@MeasureTheory.AEEqFun.{0, 0} (TheoremT.Continuum.Configuration (@OfNat.ofNat.{0} Nat (nat_lit 2) _))
                  Complex _ _
                  (@MeasureTheory.MeasureSpace.volume.{0}
                    (TheoremT.Continuum.Configuration (@OfNat.ofNat.{0} Nat (nat_lit 2) _)) _))
                fun
                  (x :
                    @MeasureTheory.AEEqFun.{0, 0}
                      (TheoremT.Continuum.Configuration (@OfNat.ofNat.{0} Nat (nat_lit 2) _)) Complex _ _
                      (@MeasureTheory.MeasureSpace.volume.{0}
                        (TheoremT.Continuum.Configuration (@OfNat.ofNat.{0} Nat (nat_lit 2) _)) _)) =>
                @Membership.mem.{0, 0}
                  (@MeasureTheory.AEEqFun.{0, 0} (TheoremT.Continuum.Configuration (@OfNat.ofNat.{0} Nat (nat_lit 2) _))
                    Complex _ _
                    (@MeasureTheory.MeasureSpace.volume.{0}
                      (TheoremT.Continuum.Configuration (@OfNat.ofNat.{0} Nat (nat_lit 2) _)) _))
                  (@AddSubgroup.{0}
                    (@MeasureTheory.AEEqFun.{0, 0}
                      (TheoremT.Continuum.Configuration (@OfNat.ofNat.{0} Nat (nat_lit 2) _)) Complex _ _
                      (@MeasureTheory.MeasureSpace.volume.{0}
                        (TheoremT.Continuum.Configuration (@OfNat.ofNat.{0} Nat (nat_lit 2) _)) _))
                    _)
                  _ (TheoremT.Continuum.SpatialL2 (@OfNat.ofNat.{0} Nat (nat_lit 2) _)) x)
            _ (@TheoremT.Continuum.spatialConj (@OfNat.ofNat.{0} Nat (nat_lit 2) _)) w)
          w)
        (And
          (@Eq.{1}
            (@Subtype.{1}
              (@MeasureTheory.AEEqFun.{0, 0} (TheoremT.Continuum.Configuration (@OfNat.ofNat.{0} Nat (nat_lit 2) _))
                Complex _ _
                (@MeasureTheory.MeasureSpace.volume.{0}
                  (TheoremT.Continuum.Configuration (@OfNat.ofNat.{0} Nat (nat_lit 2) _)) _))
              fun
                (x :
                  @MeasureTheory.AEEqFun.{0, 0} (TheoremT.Continuum.Configuration (@OfNat.ofNat.{0} Nat (nat_lit 2) _))
                    Complex _ _
                    (@MeasureTheory.MeasureSpace.volume.{0}
                      (TheoremT.Continuum.Configuration (@OfNat.ofNat.{0} Nat (nat_lit 2) _)) _)) =>
              @Membership.mem.{0, 0}
                (@MeasureTheory.AEEqFun.{0, 0} (TheoremT.Continuum.Configuration (@OfNat.ofNat.{0} Nat (nat_lit 2) _))
                  Complex _ _
                  (@MeasureTheory.MeasureSpace.volume.{0}
                    (TheoremT.Continuum.Configuration (@OfNat.ofNat.{0} Nat (nat_lit 2) _)) _))
                (@AddSubgroup.{0}
                  (@MeasureTheory.AEEqFun.{0, 0} (TheoremT.Continuum.Configuration (@OfNat.ofNat.{0} Nat (nat_lit 2) _))
                    Complex _ _
                    (@MeasureTheory.MeasureSpace.volume.{0}
                      (TheoremT.Continuum.Configuration (@OfNat.ofNat.{0} Nat (nat_lit 2) _)) _))
                  _)
                _ (TheoremT.Continuum.SpatialL2 (@OfNat.ofNat.{0} Nat (nat_lit 2) _)) x)
            (@DFunLike.coe.{1, 1, 1}
              (@LinearMap.{0, 0, 0, 0} Complex Complex _ _ (@RingHom.id.{0} Complex _)
                (@Subtype.{1}
                  (@MeasureTheory.AEEqFun.{0, 0} (TheoremT.Continuum.Configuration (@OfNat.ofNat.{0} Nat (nat_lit 2) _))
                    Complex _ _
                    (@MeasureTheory.MeasureSpace.volume.{0}
                      (TheoremT.Continuum.Configuration (@OfNat.ofNat.{0} Nat (nat_lit 2) _)) _))
                  fun
                    (x :
                      @MeasureTheory.AEEqFun.{0, 0}
                        (TheoremT.Continuum.Configuration (@OfNat.ofNat.{0} Nat (nat_lit 2) _)) Complex _ _
                        (@MeasureTheory.MeasureSpace.volume.{0}
                          (TheoremT.Continuum.Configuration (@OfNat.ofNat.{0} Nat (nat_lit 2) _)) _)) =>
                  @Membership.mem.{0, 0}
                    (@MeasureTheory.AEEqFun.{0, 0}
                      (TheoremT.Continuum.Configuration (@OfNat.ofNat.{0} Nat (nat_lit 2) _)) Complex _ _
                      (@MeasureTheory.MeasureSpace.volume.{0}
                        (TheoremT.Continuum.Configuration (@OfNat.ofNat.{0} Nat (nat_lit 2) _)) _))
                    (@AddSubgroup.{0}
                      (@MeasureTheory.AEEqFun.{0, 0}
                        (TheoremT.Continuum.Configuration (@OfNat.ofNat.{0} Nat (nat_lit 2) _)) Complex _ _
                        (@MeasureTheory.MeasureSpace.volume.{0}
                          (TheoremT.Continuum.Configuration (@OfNat.ofNat.{0} Nat (nat_lit 2) _)) _))
                      _)
                    _ (TheoremT.Continuum.SpatialL2 (@OfNat.ofNat.{0} Nat (nat_lit 2) _)) x)
                (@Subtype.{1}
                  (@MeasureTheory.AEEqFun.{0, 0} (TheoremT.Continuum.Configuration (@OfNat.ofNat.{0} Nat (nat_lit 2) _))
                    Complex _ _
                    (@MeasureTheory.MeasureSpace.volume.{0}
                      (TheoremT.Continuum.Configuration (@OfNat.ofNat.{0} Nat (nat_lit 2) _)) _))
                  fun
                    (x :
                      @MeasureTheory.AEEqFun.{0, 0}
                        (TheoremT.Continuum.Configuration (@OfNat.ofNat.{0} Nat (nat_lit 2) _)) Complex _ _
                        (@MeasureTheory.MeasureSpace.volume.{0}
                          (TheoremT.Continuum.Configuration (@OfNat.ofNat.{0} Nat (nat_lit 2) _)) _)) =>
                  @Membership.mem.{0, 0}
                    (@MeasureTheory.AEEqFun.{0, 0}
                      (TheoremT.Continuum.Configuration (@OfNat.ofNat.{0} Nat (nat_lit 2) _)) Complex _ _
                      (@MeasureTheory.MeasureSpace.volume.{0}
                        (TheoremT.Continuum.Configuration (@OfNat.ofNat.{0} Nat (nat_lit 2) _)) _))
                    (@AddSubgroup.{0}
                      (@MeasureTheory.AEEqFun.{0, 0}
                        (TheoremT.Continuum.Configuration (@OfNat.ofNat.{0} Nat (nat_lit 2) _)) Complex _ _
                        (@MeasureTheory.MeasureSpace.volume.{0}
                          (TheoremT.Continuum.Configuration (@OfNat.ofNat.{0} Nat (nat_lit 2) _)) _))
                      _)
                    _ (TheoremT.Continuum.SpatialL2 (@OfNat.ofNat.{0} Nat (nat_lit 2) _)) x)
                _ _ _ _)
              (@Subtype.{1}
                (@MeasureTheory.AEEqFun.{0, 0} (TheoremT.Continuum.Configuration (@OfNat.ofNat.{0} Nat (nat_lit 2) _))
                  Complex _ _
                  (@MeasureTheory.MeasureSpace.volume.{0}
                    (TheoremT.Continuum.Configuration (@OfNat.ofNat.{0} Nat (nat_lit 2) _)) _))
                fun
                  (x :
                    @MeasureTheory.AEEqFun.{0, 0}
                      (TheoremT.Continuum.Configuration (@OfNat.ofNat.{0} Nat (nat_lit 2) _)) Complex _ _
                      (@MeasureTheory.MeasureSpace.volume.{0}
                        (TheoremT.Continuum.Configuration (@OfNat.ofNat.{0} Nat (nat_lit 2) _)) _)) =>
                @Membership.mem.{0, 0}
                  (@MeasureTheory.AEEqFun.{0, 0} (TheoremT.Continuum.Configuration (@OfNat.ofNat.{0} Nat (nat_lit 2) _))
                    Complex _ _
                    (@MeasureTheory.MeasureSpace.volume.{0}
                      (TheoremT.Continuum.Configuration (@OfNat.ofNat.{0} Nat (nat_lit 2) _)) _))
                  (@AddSubgroup.{0}
                    (@MeasureTheory.AEEqFun.{0, 0}
                      (TheoremT.Continuum.Configuration (@OfNat.ofNat.{0} Nat (nat_lit 2) _)) Complex _ _
                      (@MeasureTheory.MeasureSpace.volume.{0}
                        (TheoremT.Continuum.Configuration (@OfNat.ofNat.{0} Nat (nat_lit 2) _)) _))
                    _)
                  _ (TheoremT.Continuum.SpatialL2 (@OfNat.ofNat.{0} Nat (nat_lit 2) _)) x)
              (fun
                  (x :
                    @Subtype.{1}
                      (@MeasureTheory.AEEqFun.{0, 0}
                        (TheoremT.Continuum.Configuration (@OfNat.ofNat.{0} Nat (nat_lit 2) _)) Complex _ _
                        (@MeasureTheory.MeasureSpace.volume.{0}
                          (TheoremT.Continuum.Configuration (@OfNat.ofNat.{0} Nat (nat_lit 2) _)) _))
                      fun
                        (x :
                          @MeasureTheory.AEEqFun.{0, 0}
                            (TheoremT.Continuum.Configuration (@OfNat.ofNat.{0} Nat (nat_lit 2) _)) Complex _ _
                            (@MeasureTheory.MeasureSpace.volume.{0}
                              (TheoremT.Continuum.Configuration (@OfNat.ofNat.{0} Nat (nat_lit 2) _)) _)) =>
                      @Membership.mem.{0, 0}
                        (@MeasureTheory.AEEqFun.{0, 0}
                          (TheoremT.Continuum.Configuration (@OfNat.ofNat.{0} Nat (nat_lit 2) _)) Complex _ _
                          (@MeasureTheory.MeasureSpace.volume.{0}
                            (TheoremT.Continuum.Configuration (@OfNat.ofNat.{0} Nat (nat_lit 2) _)) _))
                        (@AddSubgroup.{0}
                          (@MeasureTheory.AEEqFun.{0, 0}
                            (TheoremT.Continuum.Configuration (@OfNat.ofNat.{0} Nat (nat_lit 2) _)) Complex _ _
                            (@MeasureTheory.MeasureSpace.volume.{0}
                              (TheoremT.Continuum.Configuration (@OfNat.ofNat.{0} Nat (nat_lit 2) _)) _))
                          _)
                        _ (TheoremT.Continuum.SpatialL2 (@OfNat.ofNat.{0} Nat (nat_lit 2) _)) x) =>
                @Subtype.{1}
                  (@MeasureTheory.AEEqFun.{0, 0} (TheoremT.Continuum.Configuration (@OfNat.ofNat.{0} Nat (nat_lit 2) _))
                    Complex _ _
                    (@MeasureTheory.MeasureSpace.volume.{0}
                      (TheoremT.Continuum.Configuration (@OfNat.ofNat.{0} Nat (nat_lit 2) _)) _))
                  fun
                    (x :
                      @MeasureTheory.AEEqFun.{0, 0}
                        (TheoremT.Continuum.Configuration (@OfNat.ofNat.{0} Nat (nat_lit 2) _)) Complex _ _
                        (@MeasureTheory.MeasureSpace.volume.{0}
                          (TheoremT.Continuum.Configuration (@OfNat.ofNat.{0} Nat (nat_lit 2) _)) _)) =>
                  @Membership.mem.{0, 0}
                    (@MeasureTheory.AEEqFun.{0, 0}
                      (TheoremT.Continuum.Configuration (@OfNat.ofNat.{0} Nat (nat_lit 2) _)) Complex _ _
                      (@MeasureTheory.MeasureSpace.volume.{0}
                        (TheoremT.Continuum.Configuration (@OfNat.ofNat.{0} Nat (nat_lit 2) _)) _))
                    (@AddSubgroup.{0}
                      (@MeasureTheory.AEEqFun.{0, 0}
                        (TheoremT.Continuum.Configuration (@OfNat.ofNat.{0} Nat (nat_lit 2) _)) Complex _ _
                        (@MeasureTheory.MeasureSpace.volume.{0}
                          (TheoremT.Continuum.Configuration (@OfNat.ofNat.{0} Nat (nat_lit 2) _)) _))
                      _)
                    _ (TheoremT.Continuum.SpatialL2 (@OfNat.ofNat.{0} Nat (nat_lit 2) _)) x)
              _ (@TheoremT.Continuum.pullback (@OfNat.ofNat.{0} Nat (nat_lit 2) _) TheoremT.Continuum.twoElectronSwap)
              w)
            w)
          (TheoremT.Continuum.scalarHamiltonianGraph (@OfNat.ofNat.{0} Nat (nat_lit 2) _) Z w
            (@HSMul.hSMul.{0, 0, 0} Complex
              (@Subtype.{1}
                (@MeasureTheory.AEEqFun.{0, 0} (TheoremT.Continuum.Configuration (@OfNat.ofNat.{0} Nat (nat_lit 2) _))
                  Complex _ _
                  (@MeasureTheory.MeasureSpace.volume.{0}
                    (TheoremT.Continuum.Configuration (@OfNat.ofNat.{0} Nat (nat_lit 2) _)) _))
                fun
                  (x :
                    @MeasureTheory.AEEqFun.{0, 0}
                      (TheoremT.Continuum.Configuration (@OfNat.ofNat.{0} Nat (nat_lit 2) _)) Complex _ _
                      (@MeasureTheory.MeasureSpace.volume.{0}
                        (TheoremT.Continuum.Configuration (@OfNat.ofNat.{0} Nat (nat_lit 2) _)) _)) =>
                @Membership.mem.{0, 0}
                  (@MeasureTheory.AEEqFun.{0, 0} (TheoremT.Continuum.Configuration (@OfNat.ofNat.{0} Nat (nat_lit 2) _))
                    Complex _ _
                    (@MeasureTheory.MeasureSpace.volume.{0}
                      (TheoremT.Continuum.Configuration (@OfNat.ofNat.{0} Nat (nat_lit 2) _)) _))
                  (@AddSubgroup.{0}
                    (@MeasureTheory.AEEqFun.{0, 0}
                      (TheoremT.Continuum.Configuration (@OfNat.ofNat.{0} Nat (nat_lit 2) _)) Complex _ _
                      (@MeasureTheory.MeasureSpace.volume.{0}
                        (TheoremT.Continuum.Configuration (@OfNat.ofNat.{0} Nat (nat_lit 2) _)) _))
                    _)
                  _ (TheoremT.Continuum.SpatialL2 (@OfNat.ofNat.{0} Nat (nat_lit 2) _)) x)
              (@Subtype.{1}
                (@MeasureTheory.AEEqFun.{0, 0} (TheoremT.Continuum.Configuration (@OfNat.ofNat.{0} Nat (nat_lit 2) _))
                  Complex _ _
                  (@MeasureTheory.MeasureSpace.volume.{0}
                    (TheoremT.Continuum.Configuration (@OfNat.ofNat.{0} Nat (nat_lit 2) _)) _))
                fun
                  (x :
                    @MeasureTheory.AEEqFun.{0, 0}
                      (TheoremT.Continuum.Configuration (@OfNat.ofNat.{0} Nat (nat_lit 2) _)) Complex _ _
                      (@MeasureTheory.MeasureSpace.volume.{0}
                        (TheoremT.Continuum.Configuration (@OfNat.ofNat.{0} Nat (nat_lit 2) _)) _)) =>
                @Membership.mem.{0, 0}
                  (@MeasureTheory.AEEqFun.{0, 0} (TheoremT.Continuum.Configuration (@OfNat.ofNat.{0} Nat (nat_lit 2) _))
                    Complex _ _
                    (@MeasureTheory.MeasureSpace.volume.{0}
                      (TheoremT.Continuum.Configuration (@OfNat.ofNat.{0} Nat (nat_lit 2) _)) _))
                  (@AddSubgroup.{0}
                    (@MeasureTheory.AEEqFun.{0, 0}
                      (TheoremT.Continuum.Configuration (@OfNat.ofNat.{0} Nat (nat_lit 2) _)) Complex _ _
                      (@MeasureTheory.MeasureSpace.volume.{0}
                        (TheoremT.Continuum.Configuration (@OfNat.ofNat.{0} Nat (nat_lit 2) _)) _))
                    _)
                  _ (TheoremT.Continuum.SpatialL2 (@OfNat.ofNat.{0} Nat (nat_lit 2) _)) x)
              _ (Complex.ofReal E) w))))
@TheoremT.Continuum.symmetric_eigen_has_real_unit : ∀ {Z E : Real}
  {f :
    @Subtype.{1}
      (@MeasureTheory.AEEqFun.{0, 0} (TheoremT.Continuum.Configuration (@OfNat.ofNat.{0} Nat (nat_lit 2) _)) Complex _ _
        (@MeasureTheory.MeasureSpace.volume.{0} (TheoremT.Continuum.Configuration (@OfNat.ofNat.{0} Nat (nat_lit 2) _))
          _))
      fun
        (x :
          @MeasureTheory.AEEqFun.{0, 0} (TheoremT.Continuum.Configuration (@OfNat.ofNat.{0} Nat (nat_lit 2) _)) Complex
            _ _
            (@MeasureTheory.MeasureSpace.volume.{0}
              (TheoremT.Continuum.Configuration (@OfNat.ofNat.{0} Nat (nat_lit 2) _)) _)) =>
      @Membership.mem.{0, 0}
        (@MeasureTheory.AEEqFun.{0, 0} (TheoremT.Continuum.Configuration (@OfNat.ofNat.{0} Nat (nat_lit 2) _)) Complex _
          _
          (@MeasureTheory.MeasureSpace.volume.{0}
            (TheoremT.Continuum.Configuration (@OfNat.ofNat.{0} Nat (nat_lit 2) _)) _))
        (@AddSubgroup.{0}
          (@MeasureTheory.AEEqFun.{0, 0} (TheoremT.Continuum.Configuration (@OfNat.ofNat.{0} Nat (nat_lit 2) _)) Complex
            _ _
            (@MeasureTheory.MeasureSpace.volume.{0}
              (TheoremT.Continuum.Configuration (@OfNat.ofNat.{0} Nat (nat_lit 2) _)) _))
          _)
        _ (TheoremT.Continuum.SpatialL2 (@OfNat.ofNat.{0} Nat (nat_lit 2) _)) x}
  (hf :
    @Ne.{1}
      (@Subtype.{1}
        (@MeasureTheory.AEEqFun.{0, 0} (TheoremT.Continuum.Configuration (@OfNat.ofNat.{0} Nat (nat_lit 2) _)) Complex _
          _
          (@MeasureTheory.MeasureSpace.volume.{0}
            (TheoremT.Continuum.Configuration (@OfNat.ofNat.{0} Nat (nat_lit 2) _)) _))
        fun
          (x :
            @MeasureTheory.AEEqFun.{0, 0} (TheoremT.Continuum.Configuration (@OfNat.ofNat.{0} Nat (nat_lit 2) _))
              Complex _ _
              (@MeasureTheory.MeasureSpace.volume.{0}
                (TheoremT.Continuum.Configuration (@OfNat.ofNat.{0} Nat (nat_lit 2) _)) _)) =>
        @Membership.mem.{0, 0}
          (@MeasureTheory.AEEqFun.{0, 0} (TheoremT.Continuum.Configuration (@OfNat.ofNat.{0} Nat (nat_lit 2) _)) Complex
            _ _
            (@MeasureTheory.MeasureSpace.volume.{0}
              (TheoremT.Continuum.Configuration (@OfNat.ofNat.{0} Nat (nat_lit 2) _)) _))
          (@AddSubgroup.{0}
            (@MeasureTheory.AEEqFun.{0, 0} (TheoremT.Continuum.Configuration (@OfNat.ofNat.{0} Nat (nat_lit 2) _))
              Complex _ _
              (@MeasureTheory.MeasureSpace.volume.{0}
                (TheoremT.Continuum.Configuration (@OfNat.ofNat.{0} Nat (nat_lit 2) _)) _))
            _)
          _ (TheoremT.Continuum.SpatialL2 (@OfNat.ofNat.{0} Nat (nat_lit 2) _)) x)
      f
      (@OfNat.ofNat.{0}
        (@Subtype.{1}
          (@MeasureTheory.AEEqFun.{0, 0} (TheoremT.Continuum.Configuration (@OfNat.ofNat.{0} Nat (nat_lit 2) _)) Complex
            _ _
            (@MeasureTheory.MeasureSpace.volume.{0}
              (TheoremT.Continuum.Configuration (@OfNat.ofNat.{0} Nat (nat_lit 2) _)) _))
          fun
            (x :
              @MeasureTheory.AEEqFun.{0, 0} (TheoremT.Continuum.Configuration (@OfNat.ofNat.{0} Nat (nat_lit 2) _))
                Complex _ _
                (@MeasureTheory.MeasureSpace.volume.{0}
                  (TheoremT.Continuum.Configuration (@OfNat.ofNat.{0} Nat (nat_lit 2) _)) _)) =>
          @Membership.mem.{0, 0}
            (@MeasureTheory.AEEqFun.{0, 0} (TheoremT.Continuum.Configuration (@OfNat.ofNat.{0} Nat (nat_lit 2) _))
              Complex _ _
              (@MeasureTheory.MeasureSpace.volume.{0}
                (TheoremT.Continuum.Configuration (@OfNat.ofNat.{0} Nat (nat_lit 2) _)) _))
            (@AddSubgroup.{0}
              (@MeasureTheory.AEEqFun.{0, 0} (TheoremT.Continuum.Configuration (@OfNat.ofNat.{0} Nat (nat_lit 2) _))
                Complex _ _
                (@MeasureTheory.MeasureSpace.volume.{0}
                  (TheoremT.Continuum.Configuration (@OfNat.ofNat.{0} Nat (nat_lit 2) _)) _))
              _)
            _ (TheoremT.Continuum.SpatialL2 (@OfNat.ofNat.{0} Nat (nat_lit 2) _)) x)
        (nat_lit 0) _))
  (hs :
    @Eq.{1}
      (@Subtype.{1}
        (@MeasureTheory.AEEqFun.{0, 0} (TheoremT.Continuum.Configuration (@OfNat.ofNat.{0} Nat (nat_lit 2) _)) Complex _
          _
          (@MeasureTheory.MeasureSpace.volume.{0}
            (TheoremT.Continuum.Configuration (@OfNat.ofNat.{0} Nat (nat_lit 2) _)) _))
        fun
          (x :
            @MeasureTheory.AEEqFun.{0, 0} (TheoremT.Continuum.Configuration (@OfNat.ofNat.{0} Nat (nat_lit 2) _))
              Complex _ _
              (@MeasureTheory.MeasureSpace.volume.{0}
                (TheoremT.Continuum.Configuration (@OfNat.ofNat.{0} Nat (nat_lit 2) _)) _)) =>
        @Membership.mem.{0, 0}
          (@MeasureTheory.AEEqFun.{0, 0} (TheoremT.Continuum.Configuration (@OfNat.ofNat.{0} Nat (nat_lit 2) _)) Complex
            _ _
            (@MeasureTheory.MeasureSpace.volume.{0}
              (TheoremT.Continuum.Configuration (@OfNat.ofNat.{0} Nat (nat_lit 2) _)) _))
          (@AddSubgroup.{0}
            (@MeasureTheory.AEEqFun.{0, 0} (TheoremT.Continuum.Configuration (@OfNat.ofNat.{0} Nat (nat_lit 2) _))
              Complex _ _
              (@MeasureTheory.MeasureSpace.volume.{0}
                (TheoremT.Continuum.Configuration (@OfNat.ofNat.{0} Nat (nat_lit 2) _)) _))
            _)
          _ (TheoremT.Continuum.SpatialL2 (@OfNat.ofNat.{0} Nat (nat_lit 2) _)) x)
      (@DFunLike.coe.{1, 1, 1}
        (@LinearMap.{0, 0, 0, 0} Complex Complex _ _ (@RingHom.id.{0} Complex _)
          (@Subtype.{1}
            (@MeasureTheory.AEEqFun.{0, 0} (TheoremT.Continuum.Configuration (@OfNat.ofNat.{0} Nat (nat_lit 2) _))
              Complex _ _
              (@MeasureTheory.MeasureSpace.volume.{0}
                (TheoremT.Continuum.Configuration (@OfNat.ofNat.{0} Nat (nat_lit 2) _)) _))
            fun
              (x :
                @MeasureTheory.AEEqFun.{0, 0} (TheoremT.Continuum.Configuration (@OfNat.ofNat.{0} Nat (nat_lit 2) _))
                  Complex _ _
                  (@MeasureTheory.MeasureSpace.volume.{0}
                    (TheoremT.Continuum.Configuration (@OfNat.ofNat.{0} Nat (nat_lit 2) _)) _)) =>
            @Membership.mem.{0, 0}
              (@MeasureTheory.AEEqFun.{0, 0} (TheoremT.Continuum.Configuration (@OfNat.ofNat.{0} Nat (nat_lit 2) _))
                Complex _ _
                (@MeasureTheory.MeasureSpace.volume.{0}
                  (TheoremT.Continuum.Configuration (@OfNat.ofNat.{0} Nat (nat_lit 2) _)) _))
              (@AddSubgroup.{0}
                (@MeasureTheory.AEEqFun.{0, 0} (TheoremT.Continuum.Configuration (@OfNat.ofNat.{0} Nat (nat_lit 2) _))
                  Complex _ _
                  (@MeasureTheory.MeasureSpace.volume.{0}
                    (TheoremT.Continuum.Configuration (@OfNat.ofNat.{0} Nat (nat_lit 2) _)) _))
                _)
              _ (TheoremT.Continuum.SpatialL2 (@OfNat.ofNat.{0} Nat (nat_lit 2) _)) x)
          (@Subtype.{1}
            (@MeasureTheory.AEEqFun.{0, 0} (TheoremT.Continuum.Configuration (@OfNat.ofNat.{0} Nat (nat_lit 2) _))
              Complex _ _
              (@MeasureTheory.MeasureSpace.volume.{0}
                (TheoremT.Continuum.Configuration (@OfNat.ofNat.{0} Nat (nat_lit 2) _)) _))
            fun
              (x :
                @MeasureTheory.AEEqFun.{0, 0} (TheoremT.Continuum.Configuration (@OfNat.ofNat.{0} Nat (nat_lit 2) _))
                  Complex _ _
                  (@MeasureTheory.MeasureSpace.volume.{0}
                    (TheoremT.Continuum.Configuration (@OfNat.ofNat.{0} Nat (nat_lit 2) _)) _)) =>
            @Membership.mem.{0, 0}
              (@MeasureTheory.AEEqFun.{0, 0} (TheoremT.Continuum.Configuration (@OfNat.ofNat.{0} Nat (nat_lit 2) _))
                Complex _ _
                (@MeasureTheory.MeasureSpace.volume.{0}
                  (TheoremT.Continuum.Configuration (@OfNat.ofNat.{0} Nat (nat_lit 2) _)) _))
              (@AddSubgroup.{0}
                (@MeasureTheory.AEEqFun.{0, 0} (TheoremT.Continuum.Configuration (@OfNat.ofNat.{0} Nat (nat_lit 2) _))
                  Complex _ _
                  (@MeasureTheory.MeasureSpace.volume.{0}
                    (TheoremT.Continuum.Configuration (@OfNat.ofNat.{0} Nat (nat_lit 2) _)) _))
                _)
              _ (TheoremT.Continuum.SpatialL2 (@OfNat.ofNat.{0} Nat (nat_lit 2) _)) x)
          _ _ _ _)
        (@Subtype.{1}
          (@MeasureTheory.AEEqFun.{0, 0} (TheoremT.Continuum.Configuration (@OfNat.ofNat.{0} Nat (nat_lit 2) _)) Complex
            _ _
            (@MeasureTheory.MeasureSpace.volume.{0}
              (TheoremT.Continuum.Configuration (@OfNat.ofNat.{0} Nat (nat_lit 2) _)) _))
          fun
            (x :
              @MeasureTheory.AEEqFun.{0, 0} (TheoremT.Continuum.Configuration (@OfNat.ofNat.{0} Nat (nat_lit 2) _))
                Complex _ _
                (@MeasureTheory.MeasureSpace.volume.{0}
                  (TheoremT.Continuum.Configuration (@OfNat.ofNat.{0} Nat (nat_lit 2) _)) _)) =>
          @Membership.mem.{0, 0}
            (@MeasureTheory.AEEqFun.{0, 0} (TheoremT.Continuum.Configuration (@OfNat.ofNat.{0} Nat (nat_lit 2) _))
              Complex _ _
              (@MeasureTheory.MeasureSpace.volume.{0}
                (TheoremT.Continuum.Configuration (@OfNat.ofNat.{0} Nat (nat_lit 2) _)) _))
            (@AddSubgroup.{0}
              (@MeasureTheory.AEEqFun.{0, 0} (TheoremT.Continuum.Configuration (@OfNat.ofNat.{0} Nat (nat_lit 2) _))
                Complex _ _
                (@MeasureTheory.MeasureSpace.volume.{0}
                  (TheoremT.Continuum.Configuration (@OfNat.ofNat.{0} Nat (nat_lit 2) _)) _))
              _)
            _ (TheoremT.Continuum.SpatialL2 (@OfNat.ofNat.{0} Nat (nat_lit 2) _)) x)
        (fun
            (x :
              @Subtype.{1}
                (@MeasureTheory.AEEqFun.{0, 0} (TheoremT.Continuum.Configuration (@OfNat.ofNat.{0} Nat (nat_lit 2) _))
                  Complex _ _
                  (@MeasureTheory.MeasureSpace.volume.{0}
                    (TheoremT.Continuum.Configuration (@OfNat.ofNat.{0} Nat (nat_lit 2) _)) _))
                fun
                  (x :
                    @MeasureTheory.AEEqFun.{0, 0}
                      (TheoremT.Continuum.Configuration (@OfNat.ofNat.{0} Nat (nat_lit 2) _)) Complex _ _
                      (@MeasureTheory.MeasureSpace.volume.{0}
                        (TheoremT.Continuum.Configuration (@OfNat.ofNat.{0} Nat (nat_lit 2) _)) _)) =>
                @Membership.mem.{0, 0}
                  (@MeasureTheory.AEEqFun.{0, 0} (TheoremT.Continuum.Configuration (@OfNat.ofNat.{0} Nat (nat_lit 2) _))
                    Complex _ _
                    (@MeasureTheory.MeasureSpace.volume.{0}
                      (TheoremT.Continuum.Configuration (@OfNat.ofNat.{0} Nat (nat_lit 2) _)) _))
                  (@AddSubgroup.{0}
                    (@MeasureTheory.AEEqFun.{0, 0}
                      (TheoremT.Continuum.Configuration (@OfNat.ofNat.{0} Nat (nat_lit 2) _)) Complex _ _
                      (@MeasureTheory.MeasureSpace.volume.{0}
                        (TheoremT.Continuum.Configuration (@OfNat.ofNat.{0} Nat (nat_lit 2) _)) _))
                    _)
                  _ (TheoremT.Continuum.SpatialL2 (@OfNat.ofNat.{0} Nat (nat_lit 2) _)) x) =>
          @Subtype.{1}
            (@MeasureTheory.AEEqFun.{0, 0} (TheoremT.Continuum.Configuration (@OfNat.ofNat.{0} Nat (nat_lit 2) _))
              Complex _ _
              (@MeasureTheory.MeasureSpace.volume.{0}
                (TheoremT.Continuum.Configuration (@OfNat.ofNat.{0} Nat (nat_lit 2) _)) _))
            fun
              (x :
                @MeasureTheory.AEEqFun.{0, 0} (TheoremT.Continuum.Configuration (@OfNat.ofNat.{0} Nat (nat_lit 2) _))
                  Complex _ _
                  (@MeasureTheory.MeasureSpace.volume.{0}
                    (TheoremT.Continuum.Configuration (@OfNat.ofNat.{0} Nat (nat_lit 2) _)) _)) =>
            @Membership.mem.{0, 0}
              (@MeasureTheory.AEEqFun.{0, 0} (TheoremT.Continuum.Configuration (@OfNat.ofNat.{0} Nat (nat_lit 2) _))
                Complex _ _
                (@MeasureTheory.MeasureSpace.volume.{0}
                  (TheoremT.Continuum.Configuration (@OfNat.ofNat.{0} Nat (nat_lit 2) _)) _))
              (@AddSubgroup.{0}
                (@MeasureTheory.AEEqFun.{0, 0} (TheoremT.Continuum.Configuration (@OfNat.ofNat.{0} Nat (nat_lit 2) _))
                  Complex _ _
                  (@MeasureTheory.MeasureSpace.volume.{0}
                    (TheoremT.Continuum.Configuration (@OfNat.ofNat.{0} Nat (nat_lit 2) _)) _))
                _)
              _ (TheoremT.Continuum.SpatialL2 (@OfNat.ofNat.{0} Nat (nat_lit 2) _)) x)
        _ (@TheoremT.Continuum.pullback (@OfNat.ofNat.{0} Nat (nat_lit 2) _) TheoremT.Continuum.twoElectronSwap) f)
      f)
  (hg :
    TheoremT.Continuum.scalarHamiltonianGraph (@OfNat.ofNat.{0} Nat (nat_lit 2) _) Z f
      (@HSMul.hSMul.{0, 0, 0} Complex
        (@Subtype.{1}
          (@MeasureTheory.AEEqFun.{0, 0} (TheoremT.Continuum.Configuration (@OfNat.ofNat.{0} Nat (nat_lit 2) _)) Complex
            _ _
            (@MeasureTheory.MeasureSpace.volume.{0}
              (TheoremT.Continuum.Configuration (@OfNat.ofNat.{0} Nat (nat_lit 2) _)) _))
          fun
            (x :
              @MeasureTheory.AEEqFun.{0, 0} (TheoremT.Continuum.Configuration (@OfNat.ofNat.{0} Nat (nat_lit 2) _))
                Complex _ _
                (@MeasureTheory.MeasureSpace.volume.{0}
                  (TheoremT.Continuum.Configuration (@OfNat.ofNat.{0} Nat (nat_lit 2) _)) _)) =>
          @Membership.mem.{0, 0}
            (@MeasureTheory.AEEqFun.{0, 0} (TheoremT.Continuum.Configuration (@OfNat.ofNat.{0} Nat (nat_lit 2) _))
              Complex _ _
              (@MeasureTheory.MeasureSpace.volume.{0}
                (TheoremT.Continuum.Configuration (@OfNat.ofNat.{0} Nat (nat_lit 2) _)) _))
            (@AddSubgroup.{0}
              (@MeasureTheory.AEEqFun.{0, 0} (TheoremT.Continuum.Configuration (@OfNat.ofNat.{0} Nat (nat_lit 2) _))
                Complex _ _
                (@MeasureTheory.MeasureSpace.volume.{0}
                  (TheoremT.Continuum.Configuration (@OfNat.ofNat.{0} Nat (nat_lit 2) _)) _))
              _)
            _ (TheoremT.Continuum.SpatialL2 (@OfNat.ofNat.{0} Nat (nat_lit 2) _)) x)
        (@Subtype.{1}
          (@MeasureTheory.AEEqFun.{0, 0} (TheoremT.Continuum.Configuration (@OfNat.ofNat.{0} Nat (nat_lit 2) _)) Complex
            _ _
            (@MeasureTheory.MeasureSpace.volume.{0}
              (TheoremT.Continuum.Configuration (@OfNat.ofNat.{0} Nat (nat_lit 2) _)) _))
          fun
            (x :
              @MeasureTheory.AEEqFun.{0, 0} (TheoremT.Continuum.Configuration (@OfNat.ofNat.{0} Nat (nat_lit 2) _))
                Complex _ _
                (@MeasureTheory.MeasureSpace.volume.{0}
                  (TheoremT.Continuum.Configuration (@OfNat.ofNat.{0} Nat (nat_lit 2) _)) _)) =>
          @Membership.mem.{0, 0}
            (@MeasureTheory.AEEqFun.{0, 0} (TheoremT.Continuum.Configuration (@OfNat.ofNat.{0} Nat (nat_lit 2) _))
              Complex _ _
              (@MeasureTheory.MeasureSpace.volume.{0}
                (TheoremT.Continuum.Configuration (@OfNat.ofNat.{0} Nat (nat_lit 2) _)) _))
            (@AddSubgroup.{0}
              (@MeasureTheory.AEEqFun.{0, 0} (TheoremT.Continuum.Configuration (@OfNat.ofNat.{0} Nat (nat_lit 2) _))
                Complex _ _
                (@MeasureTheory.MeasureSpace.volume.{0}
                  (TheoremT.Continuum.Configuration (@OfNat.ofNat.{0} Nat (nat_lit 2) _)) _))
              _)
            _ (TheoremT.Continuum.SpatialL2 (@OfNat.ofNat.{0} Nat (nat_lit 2) _)) x)
        _ (Complex.ofReal E) f)),
  @Exists.{1}
    (@Subtype.{1}
      (@MeasureTheory.AEEqFun.{0, 0} (TheoremT.Continuum.Configuration (@OfNat.ofNat.{0} Nat (nat_lit 2) _)) Complex _ _
        (@MeasureTheory.MeasureSpace.volume.{0} (TheoremT.Continuum.Configuration (@OfNat.ofNat.{0} Nat (nat_lit 2) _))
          _))
      fun
        (x :
          @MeasureTheory.AEEqFun.{0, 0} (TheoremT.Continuum.Configuration (@OfNat.ofNat.{0} Nat (nat_lit 2) _)) Complex
            _ _
            (@MeasureTheory.MeasureSpace.volume.{0}
              (TheoremT.Continuum.Configuration (@OfNat.ofNat.{0} Nat (nat_lit 2) _)) _)) =>
      @Membership.mem.{0, 0}
        (@MeasureTheory.AEEqFun.{0, 0} (TheoremT.Continuum.Configuration (@OfNat.ofNat.{0} Nat (nat_lit 2) _)) Complex _
          _
          (@MeasureTheory.MeasureSpace.volume.{0}
            (TheoremT.Continuum.Configuration (@OfNat.ofNat.{0} Nat (nat_lit 2) _)) _))
        (@AddSubgroup.{0}
          (@MeasureTheory.AEEqFun.{0, 0} (TheoremT.Continuum.Configuration (@OfNat.ofNat.{0} Nat (nat_lit 2) _)) Complex
            _ _
            (@MeasureTheory.MeasureSpace.volume.{0}
              (TheoremT.Continuum.Configuration (@OfNat.ofNat.{0} Nat (nat_lit 2) _)) _))
          _)
        _ (TheoremT.Continuum.SpatialL2 (@OfNat.ofNat.{0} Nat (nat_lit 2) _)) x)
    fun
      (u :
        @Subtype.{1}
          (@MeasureTheory.AEEqFun.{0, 0} (TheoremT.Continuum.Configuration (@OfNat.ofNat.{0} Nat (nat_lit 2) _)) Complex
            _ _
            (@MeasureTheory.MeasureSpace.volume.{0}
              (TheoremT.Continuum.Configuration (@OfNat.ofNat.{0} Nat (nat_lit 2) _)) _))
          fun
            (x :
              @MeasureTheory.AEEqFun.{0, 0} (TheoremT.Continuum.Configuration (@OfNat.ofNat.{0} Nat (nat_lit 2) _))
                Complex _ _
                (@MeasureTheory.MeasureSpace.volume.{0}
                  (TheoremT.Continuum.Configuration (@OfNat.ofNat.{0} Nat (nat_lit 2) _)) _)) =>
          @Membership.mem.{0, 0}
            (@MeasureTheory.AEEqFun.{0, 0} (TheoremT.Continuum.Configuration (@OfNat.ofNat.{0} Nat (nat_lit 2) _))
              Complex _ _
              (@MeasureTheory.MeasureSpace.volume.{0}
                (TheoremT.Continuum.Configuration (@OfNat.ofNat.{0} Nat (nat_lit 2) _)) _))
            (@AddSubgroup.{0}
              (@MeasureTheory.AEEqFun.{0, 0} (TheoremT.Continuum.Configuration (@OfNat.ofNat.{0} Nat (nat_lit 2) _))
                Complex _ _
                (@MeasureTheory.MeasureSpace.volume.{0}
                  (TheoremT.Continuum.Configuration (@OfNat.ofNat.{0} Nat (nat_lit 2) _)) _))
              _)
            _ (TheoremT.Continuum.SpatialL2 (@OfNat.ofNat.{0} Nat (nat_lit 2) _)) x) =>
    And
      (@Eq.{1} Real
        (@Norm.norm.{0}
          (@Subtype.{1}
            (@MeasureTheory.AEEqFun.{0, 0} (TheoremT.Continuum.Configuration (@OfNat.ofNat.{0} Nat (nat_lit 2) _))
              Complex _ _
              (@MeasureTheory.MeasureSpace.volume.{0}
                (TheoremT.Continuum.Configuration (@OfNat.ofNat.{0} Nat (nat_lit 2) _)) _))
            fun
              (x :
                @MeasureTheory.AEEqFun.{0, 0} (TheoremT.Continuum.Configuration (@OfNat.ofNat.{0} Nat (nat_lit 2) _))
                  Complex _ _
                  (@MeasureTheory.MeasureSpace.volume.{0}
                    (TheoremT.Continuum.Configuration (@OfNat.ofNat.{0} Nat (nat_lit 2) _)) _)) =>
            @Membership.mem.{0, 0}
              (@MeasureTheory.AEEqFun.{0, 0} (TheoremT.Continuum.Configuration (@OfNat.ofNat.{0} Nat (nat_lit 2) _))
                Complex _ _
                (@MeasureTheory.MeasureSpace.volume.{0}
                  (TheoremT.Continuum.Configuration (@OfNat.ofNat.{0} Nat (nat_lit 2) _)) _))
              (@AddSubgroup.{0}
                (@MeasureTheory.AEEqFun.{0, 0} (TheoremT.Continuum.Configuration (@OfNat.ofNat.{0} Nat (nat_lit 2) _))
                  Complex _ _
                  (@MeasureTheory.MeasureSpace.volume.{0}
                    (TheoremT.Continuum.Configuration (@OfNat.ofNat.{0} Nat (nat_lit 2) _)) _))
                _)
              _ (TheoremT.Continuum.SpatialL2 (@OfNat.ofNat.{0} Nat (nat_lit 2) _)) x)
          _ u)
        (@OfNat.ofNat.{0} Real (nat_lit 1) _))
      (And
        (@Eq.{1}
          (@Subtype.{1}
            (@MeasureTheory.AEEqFun.{0, 0} (TheoremT.Continuum.Configuration (@OfNat.ofNat.{0} Nat (nat_lit 2) _))
              Complex _ _
              (@MeasureTheory.MeasureSpace.volume.{0}
                (TheoremT.Continuum.Configuration (@OfNat.ofNat.{0} Nat (nat_lit 2) _)) _))
            fun
              (x :
                @MeasureTheory.AEEqFun.{0, 0} (TheoremT.Continuum.Configuration (@OfNat.ofNat.{0} Nat (nat_lit 2) _))
                  Complex _ _
                  (@MeasureTheory.MeasureSpace.volume.{0}
                    (TheoremT.Continuum.Configuration (@OfNat.ofNat.{0} Nat (nat_lit 2) _)) _)) =>
            @Membership.mem.{0, 0}
              (@MeasureTheory.AEEqFun.{0, 0} (TheoremT.Continuum.Configuration (@OfNat.ofNat.{0} Nat (nat_lit 2) _))
                Complex _ _
                (@MeasureTheory.MeasureSpace.volume.{0}
                  (TheoremT.Continuum.Configuration (@OfNat.ofNat.{0} Nat (nat_lit 2) _)) _))
              (@AddSubgroup.{0}
                (@MeasureTheory.AEEqFun.{0, 0} (TheoremT.Continuum.Configuration (@OfNat.ofNat.{0} Nat (nat_lit 2) _))
                  Complex _ _
                  (@MeasureTheory.MeasureSpace.volume.{0}
                    (TheoremT.Continuum.Configuration (@OfNat.ofNat.{0} Nat (nat_lit 2) _)) _))
                _)
              _ (TheoremT.Continuum.SpatialL2 (@OfNat.ofNat.{0} Nat (nat_lit 2) _)) x)
          (@DFunLike.coe.{1, 1, 1}
            (@LinearMap.{0, 0, 0, 0} Complex Complex _ _ (@RingHom.id.{0} Complex _)
              (@Subtype.{1}
                (@MeasureTheory.AEEqFun.{0, 0} (TheoremT.Continuum.Configuration (@OfNat.ofNat.{0} Nat (nat_lit 2) _))
                  Complex _ _
                  (@MeasureTheory.MeasureSpace.volume.{0}
                    (TheoremT.Continuum.Configuration (@OfNat.ofNat.{0} Nat (nat_lit 2) _)) _))
                fun
                  (x :
                    @MeasureTheory.AEEqFun.{0, 0}
                      (TheoremT.Continuum.Configuration (@OfNat.ofNat.{0} Nat (nat_lit 2) _)) Complex _ _
                      (@MeasureTheory.MeasureSpace.volume.{0}
                        (TheoremT.Continuum.Configuration (@OfNat.ofNat.{0} Nat (nat_lit 2) _)) _)) =>
                @Membership.mem.{0, 0}
                  (@MeasureTheory.AEEqFun.{0, 0} (TheoremT.Continuum.Configuration (@OfNat.ofNat.{0} Nat (nat_lit 2) _))
                    Complex _ _
                    (@MeasureTheory.MeasureSpace.volume.{0}
                      (TheoremT.Continuum.Configuration (@OfNat.ofNat.{0} Nat (nat_lit 2) _)) _))
                  (@AddSubgroup.{0}
                    (@MeasureTheory.AEEqFun.{0, 0}
                      (TheoremT.Continuum.Configuration (@OfNat.ofNat.{0} Nat (nat_lit 2) _)) Complex _ _
                      (@MeasureTheory.MeasureSpace.volume.{0}
                        (TheoremT.Continuum.Configuration (@OfNat.ofNat.{0} Nat (nat_lit 2) _)) _))
                    _)
                  _ (TheoremT.Continuum.SpatialL2 (@OfNat.ofNat.{0} Nat (nat_lit 2) _)) x)
              (@Subtype.{1}
                (@MeasureTheory.AEEqFun.{0, 0} (TheoremT.Continuum.Configuration (@OfNat.ofNat.{0} Nat (nat_lit 2) _))
                  Complex _ _
                  (@MeasureTheory.MeasureSpace.volume.{0}
                    (TheoremT.Continuum.Configuration (@OfNat.ofNat.{0} Nat (nat_lit 2) _)) _))
                fun
                  (x :
                    @MeasureTheory.AEEqFun.{0, 0}
                      (TheoremT.Continuum.Configuration (@OfNat.ofNat.{0} Nat (nat_lit 2) _)) Complex _ _
                      (@MeasureTheory.MeasureSpace.volume.{0}
                        (TheoremT.Continuum.Configuration (@OfNat.ofNat.{0} Nat (nat_lit 2) _)) _)) =>
                @Membership.mem.{0, 0}
                  (@MeasureTheory.AEEqFun.{0, 0} (TheoremT.Continuum.Configuration (@OfNat.ofNat.{0} Nat (nat_lit 2) _))
                    Complex _ _
                    (@MeasureTheory.MeasureSpace.volume.{0}
                      (TheoremT.Continuum.Configuration (@OfNat.ofNat.{0} Nat (nat_lit 2) _)) _))
                  (@AddSubgroup.{0}
                    (@MeasureTheory.AEEqFun.{0, 0}
                      (TheoremT.Continuum.Configuration (@OfNat.ofNat.{0} Nat (nat_lit 2) _)) Complex _ _
                      (@MeasureTheory.MeasureSpace.volume.{0}
                        (TheoremT.Continuum.Configuration (@OfNat.ofNat.{0} Nat (nat_lit 2) _)) _))
                    _)
                  _ (TheoremT.Continuum.SpatialL2 (@OfNat.ofNat.{0} Nat (nat_lit 2) _)) x)
              _ _ _ _)
            (@Subtype.{1}
              (@MeasureTheory.AEEqFun.{0, 0} (TheoremT.Continuum.Configuration (@OfNat.ofNat.{0} Nat (nat_lit 2) _))
                Complex _ _
                (@MeasureTheory.MeasureSpace.volume.{0}
                  (TheoremT.Continuum.Configuration (@OfNat.ofNat.{0} Nat (nat_lit 2) _)) _))
              fun
                (x :
                  @MeasureTheory.AEEqFun.{0, 0} (TheoremT.Continuum.Configuration (@OfNat.ofNat.{0} Nat (nat_lit 2) _))
                    Complex _ _
                    (@MeasureTheory.MeasureSpace.volume.{0}
                      (TheoremT.Continuum.Configuration (@OfNat.ofNat.{0} Nat (nat_lit 2) _)) _)) =>
              @Membership.mem.{0, 0}
                (@MeasureTheory.AEEqFun.{0, 0} (TheoremT.Continuum.Configuration (@OfNat.ofNat.{0} Nat (nat_lit 2) _))
                  Complex _ _
                  (@MeasureTheory.MeasureSpace.volume.{0}
                    (TheoremT.Continuum.Configuration (@OfNat.ofNat.{0} Nat (nat_lit 2) _)) _))
                (@AddSubgroup.{0}
                  (@MeasureTheory.AEEqFun.{0, 0} (TheoremT.Continuum.Configuration (@OfNat.ofNat.{0} Nat (nat_lit 2) _))
                    Complex _ _
                    (@MeasureTheory.MeasureSpace.volume.{0}
                      (TheoremT.Continuum.Configuration (@OfNat.ofNat.{0} Nat (nat_lit 2) _)) _))
                  _)
                _ (TheoremT.Continuum.SpatialL2 (@OfNat.ofNat.{0} Nat (nat_lit 2) _)) x)
            (fun
                (x :
                  @Subtype.{1}
                    (@MeasureTheory.AEEqFun.{0, 0}
                      (TheoremT.Continuum.Configuration (@OfNat.ofNat.{0} Nat (nat_lit 2) _)) Complex _ _
                      (@MeasureTheory.MeasureSpace.volume.{0}
                        (TheoremT.Continuum.Configuration (@OfNat.ofNat.{0} Nat (nat_lit 2) _)) _))
                    fun
                      (x :
                        @MeasureTheory.AEEqFun.{0, 0}
                          (TheoremT.Continuum.Configuration (@OfNat.ofNat.{0} Nat (nat_lit 2) _)) Complex _ _
                          (@MeasureTheory.MeasureSpace.volume.{0}
                            (TheoremT.Continuum.Configuration (@OfNat.ofNat.{0} Nat (nat_lit 2) _)) _)) =>
                    @Membership.mem.{0, 0}
                      (@MeasureTheory.AEEqFun.{0, 0}
                        (TheoremT.Continuum.Configuration (@OfNat.ofNat.{0} Nat (nat_lit 2) _)) Complex _ _
                        (@MeasureTheory.MeasureSpace.volume.{0}
                          (TheoremT.Continuum.Configuration (@OfNat.ofNat.{0} Nat (nat_lit 2) _)) _))
                      (@AddSubgroup.{0}
                        (@MeasureTheory.AEEqFun.{0, 0}
                          (TheoremT.Continuum.Configuration (@OfNat.ofNat.{0} Nat (nat_lit 2) _)) Complex _ _
                          (@MeasureTheory.MeasureSpace.volume.{0}
                            (TheoremT.Continuum.Configuration (@OfNat.ofNat.{0} Nat (nat_lit 2) _)) _))
                        _)
                      _ (TheoremT.Continuum.SpatialL2 (@OfNat.ofNat.{0} Nat (nat_lit 2) _)) x) =>
              @Subtype.{1}
                (@MeasureTheory.AEEqFun.{0, 0} (TheoremT.Continuum.Configuration (@OfNat.ofNat.{0} Nat (nat_lit 2) _))
                  Complex _ _
                  (@MeasureTheory.MeasureSpace.volume.{0}
                    (TheoremT.Continuum.Configuration (@OfNat.ofNat.{0} Nat (nat_lit 2) _)) _))
                fun
                  (x :
                    @MeasureTheory.AEEqFun.{0, 0}
                      (TheoremT.Continuum.Configuration (@OfNat.ofNat.{0} Nat (nat_lit 2) _)) Complex _ _
                      (@MeasureTheory.MeasureSpace.volume.{0}
                        (TheoremT.Continuum.Configuration (@OfNat.ofNat.{0} Nat (nat_lit 2) _)) _)) =>
                @Membership.mem.{0, 0}
                  (@MeasureTheory.AEEqFun.{0, 0} (TheoremT.Continuum.Configuration (@OfNat.ofNat.{0} Nat (nat_lit 2) _))
                    Complex _ _
                    (@MeasureTheory.MeasureSpace.volume.{0}
                      (TheoremT.Continuum.Configuration (@OfNat.ofNat.{0} Nat (nat_lit 2) _)) _))
                  (@AddSubgroup.{0}
                    (@MeasureTheory.AEEqFun.{0, 0}
                      (TheoremT.Continuum.Configuration (@OfNat.ofNat.{0} Nat (nat_lit 2) _)) Complex _ _
                      (@MeasureTheory.MeasureSpace.volume.{0}
                        (TheoremT.Continuum.Configuration (@OfNat.ofNat.{0} Nat (nat_lit 2) _)) _))
                    _)
                  _ (TheoremT.Continuum.SpatialL2 (@OfNat.ofNat.{0} Nat (nat_lit 2) _)) x)
            _ (@TheoremT.Continuum.pullback (@OfNat.ofNat.{0} Nat (nat_lit 2) _) TheoremT.Continuum.twoElectronSwap) u)
          u)
        (And (@TheoremT.Continuum.HasH2 (@OfNat.ofNat.{0} Nat (nat_lit 2) _) u)
          (And
            (TheoremT.Continuum.scalarHamiltonianGraph (@OfNat.ofNat.{0} Nat (nat_lit 2) _) Z u
              (@HSMul.hSMul.{0, 0, 0} Complex
                (@Subtype.{1}
                  (@MeasureTheory.AEEqFun.{0, 0} (TheoremT.Continuum.Configuration (@OfNat.ofNat.{0} Nat (nat_lit 2) _))
                    Complex _ _
                    (@MeasureTheory.MeasureSpace.volume.{0}
                      (TheoremT.Continuum.Configuration (@OfNat.ofNat.{0} Nat (nat_lit 2) _)) _))
                  fun
                    (x :
                      @MeasureTheory.AEEqFun.{0, 0}
                        (TheoremT.Continuum.Configuration (@OfNat.ofNat.{0} Nat (nat_lit 2) _)) Complex _ _
                        (@MeasureTheory.MeasureSpace.volume.{0}
                          (TheoremT.Continuum.Configuration (@OfNat.ofNat.{0} Nat (nat_lit 2) _)) _)) =>
                  @Membership.mem.{0, 0}
                    (@MeasureTheory.AEEqFun.{0, 0}
                      (TheoremT.Continuum.Configuration (@OfNat.ofNat.{0} Nat (nat_lit 2) _)) Complex _ _
                      (@MeasureTheory.MeasureSpace.volume.{0}
                        (TheoremT.Continuum.Configuration (@OfNat.ofNat.{0} Nat (nat_lit 2) _)) _))
                    (@AddSubgroup.{0}
                      (@MeasureTheory.AEEqFun.{0, 0}
                        (TheoremT.Continuum.Configuration (@OfNat.ofNat.{0} Nat (nat_lit 2) _)) Complex _ _
                        (@MeasureTheory.MeasureSpace.volume.{0}
                          (TheoremT.Continuum.Configuration (@OfNat.ofNat.{0} Nat (nat_lit 2) _)) _))
                      _)
                    _ (TheoremT.Continuum.SpatialL2 (@OfNat.ofNat.{0} Nat (nat_lit 2) _)) x)
                (@Subtype.{1}
                  (@MeasureTheory.AEEqFun.{0, 0} (TheoremT.Continuum.Configuration (@OfNat.ofNat.{0} Nat (nat_lit 2) _))
                    Complex _ _
                    (@MeasureTheory.MeasureSpace.volume.{0}
                      (TheoremT.Continuum.Configuration (@OfNat.ofNat.{0} Nat (nat_lit 2) _)) _))
                  fun
                    (x :
                      @MeasureTheory.AEEqFun.{0, 0}
                        (TheoremT.Continuum.Configuration (@OfNat.ofNat.{0} Nat (nat_lit 2) _)) Complex _ _
                        (@MeasureTheory.MeasureSpace.volume.{0}
                          (TheoremT.Continuum.Configuration (@OfNat.ofNat.{0} Nat (nat_lit 2) _)) _)) =>
                  @Membership.mem.{0, 0}
                    (@MeasureTheory.AEEqFun.{0, 0}
                      (TheoremT.Continuum.Configuration (@OfNat.ofNat.{0} Nat (nat_lit 2) _)) Complex _ _
                      (@MeasureTheory.MeasureSpace.volume.{0}
                        (TheoremT.Continuum.Configuration (@OfNat.ofNat.{0} Nat (nat_lit 2) _)) _))
                    (@AddSubgroup.{0}
                      (@MeasureTheory.AEEqFun.{0, 0}
                        (TheoremT.Continuum.Configuration (@OfNat.ofNat.{0} Nat (nat_lit 2) _)) Complex _ _
                        (@MeasureTheory.MeasureSpace.volume.{0}
                          (TheoremT.Continuum.Configuration (@OfNat.ofNat.{0} Nat (nat_lit 2) _)) _))
                      _)
                    _ (TheoremT.Continuum.SpatialL2 (@OfNat.ofNat.{0} Nat (nat_lit 2) _)) x)
                _ (Complex.ofReal E) u))
            (@Filter.Eventually.{0} (TheoremT.Continuum.Configuration (@OfNat.ofNat.{0} Nat (nat_lit 2) _))
              (fun (x : TheoremT.Continuum.Configuration (@OfNat.ofNat.{0} Nat (nat_lit 2) _)) =>
                @Eq.{1} Real
                  (Complex.im
                    (@MeasureTheory.AEEqFun.cast.{0, 0}
                      (TheoremT.Continuum.Configuration (@OfNat.ofNat.{0} Nat (nat_lit 2) _)) Complex _
                      (@MeasureTheory.MeasureSpace.volume.{0}
                        (TheoremT.Continuum.Configuration (@OfNat.ofNat.{0} Nat (nat_lit 2) _)) _)
                      _
                      (@Subtype.val.{1}
                        (@MeasureTheory.AEEqFun.{0, 0}
                          (TheoremT.Continuum.Configuration (@OfNat.ofNat.{0} Nat (nat_lit 2) _)) Complex _ _
                          (@MeasureTheory.MeasureSpace.volume.{0}
                            (TheoremT.Continuum.Configuration (@OfNat.ofNat.{0} Nat (nat_lit 2) _)) _))
                        (fun
                            (x :
                              @MeasureTheory.AEEqFun.{0, 0}
                                (TheoremT.Continuum.Configuration (@OfNat.ofNat.{0} Nat (nat_lit 2) _)) Complex _ _
                                (@MeasureTheory.MeasureSpace.volume.{0}
                                  (TheoremT.Continuum.Configuration (@OfNat.ofNat.{0} Nat (nat_lit 2) _)) _)) =>
                          @Membership.mem.{0, 0}
                            (@MeasureTheory.AEEqFun.{0, 0}
                              (TheoremT.Continuum.Configuration (@OfNat.ofNat.{0} Nat (nat_lit 2) _)) Complex _ _
                              (@MeasureTheory.MeasureSpace.volume.{0}
                                (TheoremT.Continuum.Configuration (@OfNat.ofNat.{0} Nat (nat_lit 2) _)) _))
                            (@AddSubgroup.{0}
                              (@MeasureTheory.AEEqFun.{0, 0}
                                (TheoremT.Continuum.Configuration (@OfNat.ofNat.{0} Nat (nat_lit 2) _)) Complex _ _
                                (@MeasureTheory.MeasureSpace.volume.{0}
                                  (TheoremT.Continuum.Configuration (@OfNat.ofNat.{0} Nat (nat_lit 2) _)) _))
                              _)
                            _
                            (@MeasureTheory.Lp.{0, 0}
                              (TheoremT.Continuum.Configuration (@OfNat.ofNat.{0} Nat (nat_lit 2) _)) Complex
                              (@MeasureTheory.MeasureSpace.toMeasurableSpace.{0}
                                (TheoremT.Continuum.Configuration (@OfNat.ofNat.{0} Nat (nat_lit 2) _)) _)
                              _ (@OfNat.ofNat.{0} ENNReal (nat_lit 2) _)
                              (@MeasureTheory.MeasureSpace.volume.{0}
                                (TheoremT.Continuum.Configuration (@OfNat.ofNat.{0} Nat (nat_lit 2) _)) _))
                            x)
                        u)
                      x))
                  (@OfNat.ofNat.{0} Real (nat_lit 0) _))
              (@MeasureTheory.ae.{0, 0} (TheoremT.Continuum.Configuration (@OfNat.ofNat.{0} Nat (nat_lit 2) _))
                (@MeasureTheory.Measure.{0} (TheoremT.Continuum.Configuration (@OfNat.ofNat.{0} Nat (nat_lit 2) _)) _) _
                _
                (@MeasureTheory.MeasureSpace.volume.{0}
                  (TheoremT.Continuum.Configuration (@OfNat.ofNat.{0} Nat (nat_lit 2) _)) _))))))
TheoremT.Continuum.twoElectron_ground_real_spatial_eigenfunction : ∀ (Z : Real)
  (hZ : @LT.lt.{0} Real _ (@OfNat.ofNat.{0} Real (nat_lit 0) _) Z)
  (hsep :
    @LT.lt.{0} Real _ (@OfNat.ofNat.{0} Real (nat_lit 32) _)
      (@HMul.hMul.{0, 0, 0} Real Real Real _ (@OfNat.ofNat.{0} Real (nat_lit 9) _)
        (@HPow.hPow.{0, 0, 0} Real Nat Real _ Z (@OfNat.ofNat.{0} Nat (nat_lit 2) _)))),
  @Exists.{1}
    (@Subtype.{1}
      (@MeasureTheory.AEEqFun.{0, 0} (TheoremT.Continuum.Configuration (@OfNat.ofNat.{0} Nat (nat_lit 2) _)) Complex _ _
        (@MeasureTheory.MeasureSpace.volume.{0} (TheoremT.Continuum.Configuration (@OfNat.ofNat.{0} Nat (nat_lit 2) _))
          _))
      fun
        (x :
          @MeasureTheory.AEEqFun.{0, 0} (TheoremT.Continuum.Configuration (@OfNat.ofNat.{0} Nat (nat_lit 2) _)) Complex
            _ _
            (@MeasureTheory.MeasureSpace.volume.{0}
              (TheoremT.Continuum.Configuration (@OfNat.ofNat.{0} Nat (nat_lit 2) _)) _)) =>
      @Membership.mem.{0, 0}
        (@MeasureTheory.AEEqFun.{0, 0} (TheoremT.Continuum.Configuration (@OfNat.ofNat.{0} Nat (nat_lit 2) _)) Complex _
          _
          (@MeasureTheory.MeasureSpace.volume.{0}
            (TheoremT.Continuum.Configuration (@OfNat.ofNat.{0} Nat (nat_lit 2) _)) _))
        (@AddSubgroup.{0}
          (@MeasureTheory.AEEqFun.{0, 0} (TheoremT.Continuum.Configuration (@OfNat.ofNat.{0} Nat (nat_lit 2) _)) Complex
            _ _
            (@MeasureTheory.MeasureSpace.volume.{0}
              (TheoremT.Continuum.Configuration (@OfNat.ofNat.{0} Nat (nat_lit 2) _)) _))
          _)
        _ (TheoremT.Continuum.SpatialL2 (@OfNat.ofNat.{0} Nat (nat_lit 2) _)) x)
    fun
      (u :
        @Subtype.{1}
          (@MeasureTheory.AEEqFun.{0, 0} (TheoremT.Continuum.Configuration (@OfNat.ofNat.{0} Nat (nat_lit 2) _)) Complex
            _ _
            (@MeasureTheory.MeasureSpace.volume.{0}
              (TheoremT.Continuum.Configuration (@OfNat.ofNat.{0} Nat (nat_lit 2) _)) _))
          fun
            (x :
              @MeasureTheory.AEEqFun.{0, 0} (TheoremT.Continuum.Configuration (@OfNat.ofNat.{0} Nat (nat_lit 2) _))
                Complex _ _
                (@MeasureTheory.MeasureSpace.volume.{0}
                  (TheoremT.Continuum.Configuration (@OfNat.ofNat.{0} Nat (nat_lit 2) _)) _)) =>
          @Membership.mem.{0, 0}
            (@MeasureTheory.AEEqFun.{0, 0} (TheoremT.Continuum.Configuration (@OfNat.ofNat.{0} Nat (nat_lit 2) _))
              Complex _ _
              (@MeasureTheory.MeasureSpace.volume.{0}
                (TheoremT.Continuum.Configuration (@OfNat.ofNat.{0} Nat (nat_lit 2) _)) _))
            (@AddSubgroup.{0}
              (@MeasureTheory.AEEqFun.{0, 0} (TheoremT.Continuum.Configuration (@OfNat.ofNat.{0} Nat (nat_lit 2) _))
                Complex _ _
                (@MeasureTheory.MeasureSpace.volume.{0}
                  (TheoremT.Continuum.Configuration (@OfNat.ofNat.{0} Nat (nat_lit 2) _)) _))
              _)
            _ (TheoremT.Continuum.SpatialL2 (@OfNat.ofNat.{0} Nat (nat_lit 2) _)) x) =>
    And
      (@Eq.{1} Real
        (@Norm.norm.{0}
          (@Subtype.{1}
            (@MeasureTheory.AEEqFun.{0, 0} (TheoremT.Continuum.Configuration (@OfNat.ofNat.{0} Nat (nat_lit 2) _))
              Complex _ _
              (@MeasureTheory.MeasureSpace.volume.{0}
                (TheoremT.Continuum.Configuration (@OfNat.ofNat.{0} Nat (nat_lit 2) _)) _))
            fun
              (x :
                @MeasureTheory.AEEqFun.{0, 0} (TheoremT.Continuum.Configuration (@OfNat.ofNat.{0} Nat (nat_lit 2) _))
                  Complex _ _
                  (@MeasureTheory.MeasureSpace.volume.{0}
                    (TheoremT.Continuum.Configuration (@OfNat.ofNat.{0} Nat (nat_lit 2) _)) _)) =>
            @Membership.mem.{0, 0}
              (@MeasureTheory.AEEqFun.{0, 0} (TheoremT.Continuum.Configuration (@OfNat.ofNat.{0} Nat (nat_lit 2) _))
                Complex _ _
                (@MeasureTheory.MeasureSpace.volume.{0}
                  (TheoremT.Continuum.Configuration (@OfNat.ofNat.{0} Nat (nat_lit 2) _)) _))
              (@AddSubgroup.{0}
                (@MeasureTheory.AEEqFun.{0, 0} (TheoremT.Continuum.Configuration (@OfNat.ofNat.{0} Nat (nat_lit 2) _))
                  Complex _ _
                  (@MeasureTheory.MeasureSpace.volume.{0}
                    (TheoremT.Continuum.Configuration (@OfNat.ofNat.{0} Nat (nat_lit 2) _)) _))
                _)
              _ (TheoremT.Continuum.SpatialL2 (@OfNat.ofNat.{0} Nat (nat_lit 2) _)) x)
          _ u)
        (@OfNat.ofNat.{0} Real (nat_lit 1) _))
      (And
        (@Eq.{1}
          (@Subtype.{1}
            (@MeasureTheory.AEEqFun.{0, 0} (TheoremT.Continuum.Configuration (@OfNat.ofNat.{0} Nat (nat_lit 2) _))
              Complex _ _
              (@MeasureTheory.MeasureSpace.volume.{0}
                (TheoremT.Continuum.Configuration (@OfNat.ofNat.{0} Nat (nat_lit 2) _)) _))
            fun
              (x :
                @MeasureTheory.AEEqFun.{0, 0} (TheoremT.Continuum.Configuration (@OfNat.ofNat.{0} Nat (nat_lit 2) _))
                  Complex _ _
                  (@MeasureTheory.MeasureSpace.volume.{0}
                    (TheoremT.Continuum.Configuration (@OfNat.ofNat.{0} Nat (nat_lit 2) _)) _)) =>
            @Membership.mem.{0, 0}
              (@MeasureTheory.AEEqFun.{0, 0} (TheoremT.Continuum.Configuration (@OfNat.ofNat.{0} Nat (nat_lit 2) _))
                Complex _ _
                (@MeasureTheory.MeasureSpace.volume.{0}
                  (TheoremT.Continuum.Configuration (@OfNat.ofNat.{0} Nat (nat_lit 2) _)) _))
              (@AddSubgroup.{0}
                (@MeasureTheory.AEEqFun.{0, 0} (TheoremT.Continuum.Configuration (@OfNat.ofNat.{0} Nat (nat_lit 2) _))
                  Complex _ _
                  (@MeasureTheory.MeasureSpace.volume.{0}
                    (TheoremT.Continuum.Configuration (@OfNat.ofNat.{0} Nat (nat_lit 2) _)) _))
                _)
              _ (TheoremT.Continuum.SpatialL2 (@OfNat.ofNat.{0} Nat (nat_lit 2) _)) x)
          (@DFunLike.coe.{1, 1, 1}
            (@LinearMap.{0, 0, 0, 0} Complex Complex _ _ (@RingHom.id.{0} Complex _)
              (@Subtype.{1}
                (@MeasureTheory.AEEqFun.{0, 0} (TheoremT.Continuum.Configuration (@OfNat.ofNat.{0} Nat (nat_lit 2) _))
                  Complex _ _
                  (@MeasureTheory.MeasureSpace.volume.{0}
                    (TheoremT.Continuum.Configuration (@OfNat.ofNat.{0} Nat (nat_lit 2) _)) _))
                fun
                  (x :
                    @MeasureTheory.AEEqFun.{0, 0}
                      (TheoremT.Continuum.Configuration (@OfNat.ofNat.{0} Nat (nat_lit 2) _)) Complex _ _
                      (@MeasureTheory.MeasureSpace.volume.{0}
                        (TheoremT.Continuum.Configuration (@OfNat.ofNat.{0} Nat (nat_lit 2) _)) _)) =>
                @Membership.mem.{0, 0}
                  (@MeasureTheory.AEEqFun.{0, 0} (TheoremT.Continuum.Configuration (@OfNat.ofNat.{0} Nat (nat_lit 2) _))
                    Complex _ _
                    (@MeasureTheory.MeasureSpace.volume.{0}
                      (TheoremT.Continuum.Configuration (@OfNat.ofNat.{0} Nat (nat_lit 2) _)) _))
                  (@AddSubgroup.{0}
                    (@MeasureTheory.AEEqFun.{0, 0}
                      (TheoremT.Continuum.Configuration (@OfNat.ofNat.{0} Nat (nat_lit 2) _)) Complex _ _
                      (@MeasureTheory.MeasureSpace.volume.{0}
                        (TheoremT.Continuum.Configuration (@OfNat.ofNat.{0} Nat (nat_lit 2) _)) _))
                    _)
                  _ (TheoremT.Continuum.SpatialL2 (@OfNat.ofNat.{0} Nat (nat_lit 2) _)) x)
              (@Subtype.{1}
                (@MeasureTheory.AEEqFun.{0, 0} (TheoremT.Continuum.Configuration (@OfNat.ofNat.{0} Nat (nat_lit 2) _))
                  Complex _ _
                  (@MeasureTheory.MeasureSpace.volume.{0}
                    (TheoremT.Continuum.Configuration (@OfNat.ofNat.{0} Nat (nat_lit 2) _)) _))
                fun
                  (x :
                    @MeasureTheory.AEEqFun.{0, 0}
                      (TheoremT.Continuum.Configuration (@OfNat.ofNat.{0} Nat (nat_lit 2) _)) Complex _ _
                      (@MeasureTheory.MeasureSpace.volume.{0}
                        (TheoremT.Continuum.Configuration (@OfNat.ofNat.{0} Nat (nat_lit 2) _)) _)) =>
                @Membership.mem.{0, 0}
                  (@MeasureTheory.AEEqFun.{0, 0} (TheoremT.Continuum.Configuration (@OfNat.ofNat.{0} Nat (nat_lit 2) _))
                    Complex _ _
                    (@MeasureTheory.MeasureSpace.volume.{0}
                      (TheoremT.Continuum.Configuration (@OfNat.ofNat.{0} Nat (nat_lit 2) _)) _))
                  (@AddSubgroup.{0}
                    (@MeasureTheory.AEEqFun.{0, 0}
                      (TheoremT.Continuum.Configuration (@OfNat.ofNat.{0} Nat (nat_lit 2) _)) Complex _ _
                      (@MeasureTheory.MeasureSpace.volume.{0}
                        (TheoremT.Continuum.Configuration (@OfNat.ofNat.{0} Nat (nat_lit 2) _)) _))
                    _)
                  _ (TheoremT.Continuum.SpatialL2 (@OfNat.ofNat.{0} Nat (nat_lit 2) _)) x)
              _ _ _ _)
            (@Subtype.{1}
              (@MeasureTheory.AEEqFun.{0, 0} (TheoremT.Continuum.Configuration (@OfNat.ofNat.{0} Nat (nat_lit 2) _))
                Complex _ _
                (@MeasureTheory.MeasureSpace.volume.{0}
                  (TheoremT.Continuum.Configuration (@OfNat.ofNat.{0} Nat (nat_lit 2) _)) _))
              fun
                (x :
                  @MeasureTheory.AEEqFun.{0, 0} (TheoremT.Continuum.Configuration (@OfNat.ofNat.{0} Nat (nat_lit 2) _))
                    Complex _ _
                    (@MeasureTheory.MeasureSpace.volume.{0}
                      (TheoremT.Continuum.Configuration (@OfNat.ofNat.{0} Nat (nat_lit 2) _)) _)) =>
              @Membership.mem.{0, 0}
                (@MeasureTheory.AEEqFun.{0, 0} (TheoremT.Continuum.Configuration (@OfNat.ofNat.{0} Nat (nat_lit 2) _))
                  Complex _ _
                  (@MeasureTheory.MeasureSpace.volume.{0}
                    (TheoremT.Continuum.Configuration (@OfNat.ofNat.{0} Nat (nat_lit 2) _)) _))
                (@AddSubgroup.{0}
                  (@MeasureTheory.AEEqFun.{0, 0} (TheoremT.Continuum.Configuration (@OfNat.ofNat.{0} Nat (nat_lit 2) _))
                    Complex _ _
                    (@MeasureTheory.MeasureSpace.volume.{0}
                      (TheoremT.Continuum.Configuration (@OfNat.ofNat.{0} Nat (nat_lit 2) _)) _))
                  _)
                _ (TheoremT.Continuum.SpatialL2 (@OfNat.ofNat.{0} Nat (nat_lit 2) _)) x)
            (fun
                (x :
                  @Subtype.{1}
                    (@MeasureTheory.AEEqFun.{0, 0}
                      (TheoremT.Continuum.Configuration (@OfNat.ofNat.{0} Nat (nat_lit 2) _)) Complex _ _
                      (@MeasureTheory.MeasureSpace.volume.{0}
                        (TheoremT.Continuum.Configuration (@OfNat.ofNat.{0} Nat (nat_lit 2) _)) _))
                    fun
                      (x :
                        @MeasureTheory.AEEqFun.{0, 0}
                          (TheoremT.Continuum.Configuration (@OfNat.ofNat.{0} Nat (nat_lit 2) _)) Complex _ _
                          (@MeasureTheory.MeasureSpace.volume.{0}
                            (TheoremT.Continuum.Configuration (@OfNat.ofNat.{0} Nat (nat_lit 2) _)) _)) =>
                    @Membership.mem.{0, 0}
                      (@MeasureTheory.AEEqFun.{0, 0}
                        (TheoremT.Continuum.Configuration (@OfNat.ofNat.{0} Nat (nat_lit 2) _)) Complex _ _
                        (@MeasureTheory.MeasureSpace.volume.{0}
                          (TheoremT.Continuum.Configuration (@OfNat.ofNat.{0} Nat (nat_lit 2) _)) _))
                      (@AddSubgroup.{0}
                        (@MeasureTheory.AEEqFun.{0, 0}
                          (TheoremT.Continuum.Configuration (@OfNat.ofNat.{0} Nat (nat_lit 2) _)) Complex _ _
                          (@MeasureTheory.MeasureSpace.volume.{0}
                            (TheoremT.Continuum.Configuration (@OfNat.ofNat.{0} Nat (nat_lit 2) _)) _))
                        _)
                      _ (TheoremT.Continuum.SpatialL2 (@OfNat.ofNat.{0} Nat (nat_lit 2) _)) x) =>
              @Subtype.{1}
                (@MeasureTheory.AEEqFun.{0, 0} (TheoremT.Continuum.Configuration (@OfNat.ofNat.{0} Nat (nat_lit 2) _))
                  Complex _ _
                  (@MeasureTheory.MeasureSpace.volume.{0}
                    (TheoremT.Continuum.Configuration (@OfNat.ofNat.{0} Nat (nat_lit 2) _)) _))
                fun
                  (x :
                    @MeasureTheory.AEEqFun.{0, 0}
                      (TheoremT.Continuum.Configuration (@OfNat.ofNat.{0} Nat (nat_lit 2) _)) Complex _ _
                      (@MeasureTheory.MeasureSpace.volume.{0}
                        (TheoremT.Continuum.Configuration (@OfNat.ofNat.{0} Nat (nat_lit 2) _)) _)) =>
                @Membership.mem.{0, 0}
                  (@MeasureTheory.AEEqFun.{0, 0} (TheoremT.Continuum.Configuration (@OfNat.ofNat.{0} Nat (nat_lit 2) _))
                    Complex _ _
                    (@MeasureTheory.MeasureSpace.volume.{0}
                      (TheoremT.Continuum.Configuration (@OfNat.ofNat.{0} Nat (nat_lit 2) _)) _))
                  (@AddSubgroup.{0}
                    (@MeasureTheory.AEEqFun.{0, 0}
                      (TheoremT.Continuum.Configuration (@OfNat.ofNat.{0} Nat (nat_lit 2) _)) Complex _ _
                      (@MeasureTheory.MeasureSpace.volume.{0}
                        (TheoremT.Continuum.Configuration (@OfNat.ofNat.{0} Nat (nat_lit 2) _)) _))
                    _)
                  _ (TheoremT.Continuum.SpatialL2 (@OfNat.ofNat.{0} Nat (nat_lit 2) _)) x)
            _ (@TheoremT.Continuum.pullback (@OfNat.ofNat.{0} Nat (nat_lit 2) _) TheoremT.Continuum.twoElectronSwap) u)
          u)
        (And (@TheoremT.Continuum.HasH2 (@OfNat.ofNat.{0} Nat (nat_lit 2) _) u)
          (And
            (TheoremT.Continuum.scalarHamiltonianGraph (@OfNat.ofNat.{0} Nat (nat_lit 2) _) Z u
              (@HSMul.hSMul.{0, 0, 0} Complex
                (@Subtype.{1}
                  (@MeasureTheory.AEEqFun.{0, 0} (TheoremT.Continuum.Configuration (@OfNat.ofNat.{0} Nat (nat_lit 2) _))
                    Complex _ _
                    (@MeasureTheory.MeasureSpace.volume.{0}
                      (TheoremT.Continuum.Configuration (@OfNat.ofNat.{0} Nat (nat_lit 2) _)) _))
                  fun
                    (x :
                      @MeasureTheory.AEEqFun.{0, 0}
                        (TheoremT.Continuum.Configuration (@OfNat.ofNat.{0} Nat (nat_lit 2) _)) Complex _ _
                        (@MeasureTheory.MeasureSpace.volume.{0}
                          (TheoremT.Continuum.Configuration (@OfNat.ofNat.{0} Nat (nat_lit 2) _)) _)) =>
                  @Membership.mem.{0, 0}
                    (@MeasureTheory.AEEqFun.{0, 0}
                      (TheoremT.Continuum.Configuration (@OfNat.ofNat.{0} Nat (nat_lit 2) _)) Complex _ _
                      (@MeasureTheory.MeasureSpace.volume.{0}
                        (TheoremT.Continuum.Configuration (@OfNat.ofNat.{0} Nat (nat_lit 2) _)) _))
                    (@AddSubgroup.{0}
                      (@MeasureTheory.AEEqFun.{0, 0}
                        (TheoremT.Continuum.Configuration (@OfNat.ofNat.{0} Nat (nat_lit 2) _)) Complex _ _
                        (@MeasureTheory.MeasureSpace.volume.{0}
                          (TheoremT.Continuum.Configuration (@OfNat.ofNat.{0} Nat (nat_lit 2) _)) _))
                      _)
                    _ (TheoremT.Continuum.SpatialL2 (@OfNat.ofNat.{0} Nat (nat_lit 2) _)) x)
                (@Subtype.{1}
                  (@MeasureTheory.AEEqFun.{0, 0} (TheoremT.Continuum.Configuration (@OfNat.ofNat.{0} Nat (nat_lit 2) _))
                    Complex _ _
                    (@MeasureTheory.MeasureSpace.volume.{0}
                      (TheoremT.Continuum.Configuration (@OfNat.ofNat.{0} Nat (nat_lit 2) _)) _))
                  fun
                    (x :
                      @MeasureTheory.AEEqFun.{0, 0}
                        (TheoremT.Continuum.Configuration (@OfNat.ofNat.{0} Nat (nat_lit 2) _)) Complex _ _
                        (@MeasureTheory.MeasureSpace.volume.{0}
                          (TheoremT.Continuum.Configuration (@OfNat.ofNat.{0} Nat (nat_lit 2) _)) _)) =>
                  @Membership.mem.{0, 0}
                    (@MeasureTheory.AEEqFun.{0, 0}
                      (TheoremT.Continuum.Configuration (@OfNat.ofNat.{0} Nat (nat_lit 2) _)) Complex _ _
                      (@MeasureTheory.MeasureSpace.volume.{0}
                        (TheoremT.Continuum.Configuration (@OfNat.ofNat.{0} Nat (nat_lit 2) _)) _))
                    (@AddSubgroup.{0}
                      (@MeasureTheory.AEEqFun.{0, 0}
                        (TheoremT.Continuum.Configuration (@OfNat.ofNat.{0} Nat (nat_lit 2) _)) Complex _ _
                        (@MeasureTheory.MeasureSpace.volume.{0}
                          (TheoremT.Continuum.Configuration (@OfNat.ofNat.{0} Nat (nat_lit 2) _)) _))
                      _)
                    _ (TheoremT.Continuum.SpatialL2 (@OfNat.ofNat.{0} Nat (nat_lit 2) _)) x)
                _
                (Complex.ofReal
                  (EReal.toReal (TheoremT.Continuum.variationalGroundEnergy (@OfNat.ofNat.{0} Nat (nat_lit 2) _) Z)))
                u))
            (@Filter.Eventually.{0} (TheoremT.Continuum.Configuration (@OfNat.ofNat.{0} Nat (nat_lit 2) _))
              (fun (x : TheoremT.Continuum.Configuration (@OfNat.ofNat.{0} Nat (nat_lit 2) _)) =>
                @Eq.{1} Real
                  (Complex.im
                    (@MeasureTheory.AEEqFun.cast.{0, 0}
                      (TheoremT.Continuum.Configuration (@OfNat.ofNat.{0} Nat (nat_lit 2) _)) Complex _
                      (@MeasureTheory.MeasureSpace.volume.{0}
                        (TheoremT.Continuum.Configuration (@OfNat.ofNat.{0} Nat (nat_lit 2) _)) _)
                      _
                      (@Subtype.val.{1}
                        (@MeasureTheory.AEEqFun.{0, 0}
                          (TheoremT.Continuum.Configuration (@OfNat.ofNat.{0} Nat (nat_lit 2) _)) Complex _ _
                          (@MeasureTheory.MeasureSpace.volume.{0}
                            (TheoremT.Continuum.Configuration (@OfNat.ofNat.{0} Nat (nat_lit 2) _)) _))
                        (fun
                            (x :
                              @MeasureTheory.AEEqFun.{0, 0}
                                (TheoremT.Continuum.Configuration (@OfNat.ofNat.{0} Nat (nat_lit 2) _)) Complex _ _
                                (@MeasureTheory.MeasureSpace.volume.{0}
                                  (TheoremT.Continuum.Configuration (@OfNat.ofNat.{0} Nat (nat_lit 2) _)) _)) =>
                          @Membership.mem.{0, 0}
                            (@MeasureTheory.AEEqFun.{0, 0}
                              (TheoremT.Continuum.Configuration (@OfNat.ofNat.{0} Nat (nat_lit 2) _)) Complex _ _
                              (@MeasureTheory.MeasureSpace.volume.{0}
                                (TheoremT.Continuum.Configuration (@OfNat.ofNat.{0} Nat (nat_lit 2) _)) _))
                            (@AddSubgroup.{0}
                              (@MeasureTheory.AEEqFun.{0, 0}
                                (TheoremT.Continuum.Configuration (@OfNat.ofNat.{0} Nat (nat_lit 2) _)) Complex _ _
                                (@MeasureTheory.MeasureSpace.volume.{0}
                                  (TheoremT.Continuum.Configuration (@OfNat.ofNat.{0} Nat (nat_lit 2) _)) _))
                              _)
                            _
                            (@MeasureTheory.Lp.{0, 0}
                              (TheoremT.Continuum.Configuration (@OfNat.ofNat.{0} Nat (nat_lit 2) _)) Complex
                              (@MeasureTheory.MeasureSpace.toMeasurableSpace.{0}
                                (TheoremT.Continuum.Configuration (@OfNat.ofNat.{0} Nat (nat_lit 2) _)) _)
                              _ (@OfNat.ofNat.{0} ENNReal (nat_lit 2) _)
                              (@MeasureTheory.MeasureSpace.volume.{0}
                                (TheoremT.Continuum.Configuration (@OfNat.ofNat.{0} Nat (nat_lit 2) _)) _))
                            x)
                        u)
                      x))
                  (@OfNat.ofNat.{0} Real (nat_lit 0) _))
              (@MeasureTheory.ae.{0, 0} (TheoremT.Continuum.Configuration (@OfNat.ofNat.{0} Nat (nat_lit 2) _))
                (@MeasureTheory.Measure.{0} (TheoremT.Continuum.Configuration (@OfNat.ofNat.{0} Nat (nat_lit 2) _)) _) _
                _
                (@MeasureTheory.MeasureSpace.volume.{0}
                  (TheoremT.Continuum.Configuration (@OfNat.ofNat.{0} Nat (nat_lit 2) _)) _))))))
'TheoremT.Continuum.spatialConj' depends on axioms: [propext, Classical.choice, Quot.sound]
'TheoremT.Continuum.spatialConj_coeFn' depends on axioms: [propext, Classical.choice, Quot.sound]
'TheoremT.Continuum.spatialConj_smul' depends on axioms: [propext, Classical.choice, Quot.sound]
'TheoremT.Continuum.spatialConj_involutive' depends on axioms: [propext, Classical.choice, Quot.sound]
'TheoremT.Continuum.spatialConj_pullback' depends on axioms: [propext, Classical.choice, Quot.sound]
'TheoremT.Continuum.spatialConj_integral_test' depends on axioms: [propext, Classical.choice, Quot.sound]
'TheoremT.Continuum.weakPartial_conj' depends on axioms: [propext, Classical.choice, Quot.sound]
'TheoremT.Continuum.scalar_graph_conj' depends on axioms: [propext, Classical.choice, Quot.sound]
'TheoremT.Continuum.spatialConj_fixed_im_zero' depends on axioms: [propext, Classical.choice, Quot.sound]
'TheoremT.Continuum.symmetric_eigen_has_real_nonzero' depends on axioms: [propext, Classical.choice, Quot.sound]
'TheoremT.Continuum.symmetric_eigen_has_real_unit' depends on axioms: [propext, Classical.choice, Quot.sound]
'TheoremT.Continuum.twoElectron_ground_real_spatial_eigenfunction' depends on axioms: [propext,
 Classical.choice,
 Quot.sound]
